model,builder,input,output,valid,reason,metadata
qwen-turbo,toolbench_user_only,"[{""role"": ""user"", ""content"": ""You are a helpful API calling assistant.\n\n### Tool Definition\n{\n  \""tool_name\"": \""Vimeo\"",\n  \""description\"": \""Search for videos.\"",\n  \""required_parameters\"": [\n    {\n      \""name\"": \""format\"",\n      \""type\"": \""STRING\"",\n      \""description\"": \""json/xml/php\""\n    },\n    {\n      \""name\"": \""query\"",\n      \""type\"": \""STRING\"",\n      \""description\"": \""The search terms\""\n    }\n  ],\n  \""optional_parameters\"": [\n    {\n      \""name\"": \""user_id\"",\n      \""type\"": \""STRING\"",\n      \""description\"": \""The ID number or username of the user.\""\n    },\n    {\n      \""name\"": \""page\"",\n      \""type\"": \""NUMBER\"",\n      \""description\"": \""The page number to show.\""\n    },\n    {\n      \""name\"": \""per_page\"",\n      \""type\"": \""NUMBER\"",\n      \""description\"": \""Number of items to show on each page. Max 50.\""\n    },\n    {\n      \""name\"": \""summary_response\"",\n      \""type\"": \""BOOLEAN\"",\n      \""description\"": \""Set this parameter to get back more information.\""\n    },\n    {\n      \""name\"": \""full_response\"",\n      \""type\"": \""BOOLEAN\"",\n      \""description\"": \""Set this parameter to get back the full video information.\""\n    },\n    {\n      \""name\"": \""sort\"",\n      \""type\"": \""STRING\"",\n      \""description\"": \""Method to sort by: relevant, newest, oldest, most_played, most_commented, or most_liked.\""\n    }\n  ]\n}\n\n### Task\nExtract parameters from the user query below into a valid JSON object based on the tool definition above. Ensure all 'required_parameters' are present.\n\n### User Query\nI'm organizing a film festival and I need assistance in finding the best films. Can you search for videos related to 'documentary' on Vimeo? Additionally, fetch the related people in the 'cinema' category to invite them as guest speakers. Finally, provide me with a streaming link for a YouTube video with the ID 'UxxajLWwzqY'.\n\n### Output\nReturn ONLY the JSON object.""}]","{
  ""format"": ""json"",
  ""query"": ""documentary""
}",True,"","{""extraneous_text_pct"": 0.0, ""cleaned_json_length"": 48, ""original_length"": 48}"
qwen-turbo,toolbench_user_only,"[{""role"": ""user"", ""content"": ""You are a helpful API calling assistant.\n\n### Tool Definition\n{\n  \""tool_name\"": \""Vimeo\"",\n  \""description\"": \""Search for videos.\"",\n  \""required_parameters\"": [\n    {\n      \""name\"": \""format\"",\n      \""type\"": \""STRING\"",\n      \""description\"": \""json/xml/php\""\n    },\n    {\n      \""name\"": \""query\"",\n      \""type\"": \""STRING\"",\n      \""description\"": \""The search terms\""\n    }\n  ],\n  \""optional_parameters\"": [\n    {\n      \""name\"": \""user_id\"",\n      \""type\"": \""STRING\"",\n      \""description\"": \""The ID number or username of the user.\""\n    },\n    {\n      \""name\"": \""page\"",\n      \""type\"": \""NUMBER\"",\n      \""description\"": \""The page number to show.\""\n    },\n    {\n      \""name\"": \""per_page\"",\n      \""type\"": \""NUMBER\"",\n      \""description\"": \""Number of items to show on each page. Max 50.\""\n    },\n    {\n      \""name\"": \""summary_response\"",\n      \""type\"": \""BOOLEAN\"",\n      \""description\"": \""Set this parameter to get back more information.\""\n    },\n    {\n      \""name\"": \""full_response\"",\n      \""type\"": \""BOOLEAN\"",\n      \""description\"": \""Set this parameter to get back the full video information.\""\n    },\n    {\n      \""name\"": \""sort\"",\n      \""type\"": \""STRING\"",\n      \""description\"": \""Method to sort by: relevant, newest, oldest, most_played, most_commented, or most_liked.\""\n    }\n  ]\n}\n\n### Task\nExtract parameters from the user query below into a valid JSON object based on the tool definition above. Ensure all 'required_parameters' are present.\n\n### User Query\nI'm a film enthusiast and I want to explore new genres. Can you search for videos related to 'horror' on Vimeo? Additionally, fetch the related people in the 'entertainment' category to discover new talents. Finally, provide me with a streaming link for a YouTube video with the ID 'UxxajLWwzqY'.\n\n### Output\nReturn ONLY the JSON object.""}]","{
  ""format"": ""json"",
  ""query"": ""horror""
}",True,"","{""extraneous_text_pct"": 0.0, ""cleaned_json_length"": 43, ""original_length"": 43}"
qwen-turbo,toolbench_user_only,"[{""role"": ""user"", ""content"": ""You are a helpful API calling assistant.\n\n### Tool Definition\n{\n  \""tool_name\"": \""Vimeo\"",\n  \""description\"": \""Search for videos.\"",\n  \""required_parameters\"": [\n    {\n      \""name\"": \""format\"",\n      \""type\"": \""STRING\"",\n      \""description\"": \""json/xml/php\""\n    },\n    {\n      \""name\"": \""query\"",\n      \""type\"": \""STRING\"",\n      \""description\"": \""The search terms\""\n    }\n  ],\n  \""optional_parameters\"": [\n    {\n      \""name\"": \""user_id\"",\n      \""type\"": \""STRING\"",\n      \""description\"": \""The ID number or username of the user.\""\n    },\n    {\n      \""name\"": \""page\"",\n      \""type\"": \""NUMBER\"",\n      \""description\"": \""The page number to show.\""\n    },\n    {\n      \""name\"": \""per_page\"",\n      \""type\"": \""NUMBER\"",\n      \""description\"": \""Number of items to show on each page. Max 50.\""\n    },\n    {\n      \""name\"": \""summary_response\"",\n      \""type\"": \""BOOLEAN\"",\n      \""description\"": \""Set this parameter to get back more information.\""\n    },\n    {\n      \""name\"": \""full_response\"",\n      \""type\"": \""BOOLEAN\"",\n      \""description\"": \""Set this parameter to get back the full video information.\""\n    },\n    {\n      \""name\"": \""sort\"",\n      \""type\"": \""STRING\"",\n      \""description\"": \""Method to sort by: relevant, newest, oldest, most_played, most_commented, or most_liked.\""\n    }\n  ]\n}\n\n### Task\nExtract parameters from the user query below into a valid JSON object based on the tool definition above. Ensure all 'required_parameters' are present.\n\n### User Query\nI'm hosting a virtual movie night with my friends and I need some suggestions. Can you search for videos related to 'action' on Vimeo? Also, fetch the related people in the 'movies' category to get recommendations from experts. Lastly, provide me with a streaming link for a YouTube video with the ID 'UxxajLWwzqY'.\n\n### Output\nReturn ONLY the JSON object.""}]","{
  ""format"": ""json"",
  ""query"": ""action""
}",True,"","{""extraneous_text_pct"": 0.0, ""cleaned_json_length"": 43, ""original_length"": 43}"
qwen-turbo,toolbench_user_only,"[{""role"": ""user"", ""content"": ""You are a helpful API calling assistant.\n\n### Tool Definition\n{\n  \""tool_name\"": \""Vimeo\"",\n  \""description\"": \""Search for videos.\"",\n  \""required_parameters\"": [\n    {\n      \""name\"": \""format\"",\n      \""type\"": \""STRING\"",\n      \""description\"": \""json/xml/php\""\n    },\n    {\n      \""name\"": \""query\"",\n      \""type\"": \""STRING\"",\n      \""description\"": \""The search terms\""\n    }\n  ],\n  \""optional_parameters\"": [\n    {\n      \""name\"": \""user_id\"",\n      \""type\"": \""STRING\"",\n      \""description\"": \""The ID number or username of the user.\""\n    },\n    {\n      \""name\"": \""page\"",\n      \""type\"": \""NUMBER\"",\n      \""description\"": \""The page number to show.\""\n    },\n    {\n      \""name\"": \""per_page\"",\n      \""type\"": \""NUMBER\"",\n      \""description\"": \""Number of items to show on each page. Max 50.\""\n    },\n    {\n      \""name\"": \""summary_response\"",\n      \""type\"": \""BOOLEAN\"",\n      \""description\"": \""Set this parameter to get back more information.\""\n    },\n    {\n      \""name\"": \""full_response\"",\n      \""type\"": \""BOOLEAN\"",\n      \""description\"": \""Set this parameter to get back the full video information.\""\n    },\n    {\n      \""name\"": \""sort\"",\n      \""type\"": \""STRING\"",\n      \""description\"": \""Method to sort by: relevant, newest, oldest, most_played, most_commented, or most_liked.\""\n    }\n  ]\n}\n\n### Task\nExtract parameters from the user query below into a valid JSON object based on the tool definition above. Ensure all 'required_parameters' are present.\n\n### User Query\nI'm planning a family movie marathon and I need a variety of films. Can you search for videos related to 'animation' on Vimeo? Also, fetch the related people in the 'animation' category to get insights from professionals. Lastly, provide me with a streaming link for a YouTube video with the ID 'UxxajLWwzqY'.\n\n### Output\nReturn ONLY the JSON object.""}]","{
  ""format"": ""json"",
  ""query"": ""animation""
}",True,"","{""extraneous_text_pct"": 0.0, ""cleaned_json_length"": 46, ""original_length"": 46}"
qwen-turbo,toolbench_user_only,"[{""role"": ""user"", ""content"": ""You are a helpful API calling assistant.\n\n### Tool Definition\n{\n  \""tool_name\"": \""Vimeo\"",\n  \""description\"": \""Search for videos.\"",\n  \""required_parameters\"": [\n    {\n      \""name\"": \""format\"",\n      \""type\"": \""STRING\"",\n      \""description\"": \""json/xml/php\""\n    },\n    {\n      \""name\"": \""query\"",\n      \""type\"": \""STRING\"",\n      \""description\"": \""The search terms\""\n    }\n  ],\n  \""optional_parameters\"": [\n    {\n      \""name\"": \""user_id\"",\n      \""type\"": \""STRING\"",\n      \""description\"": \""The ID number or username of the user.\""\n    },\n    {\n      \""name\"": \""page\"",\n      \""type\"": \""NUMBER\"",\n      \""description\"": \""The page number to show.\""\n    },\n    {\n      \""name\"": \""per_page\"",\n      \""type\"": \""NUMBER\"",\n      \""description\"": \""Number of items to show on each page. Max 50.\""\n    },\n    {\n      \""name\"": \""summary_response\"",\n      \""type\"": \""BOOLEAN\"",\n      \""description\"": \""Set this parameter to get back more information.\""\n    },\n    {\n      \""name\"": \""full_response\"",\n      \""type\"": \""BOOLEAN\"",\n      \""description\"": \""Set this parameter to get back the full video information.\""\n    },\n    {\n      \""name\"": \""sort\"",\n      \""type\"": \""STRING\"",\n      \""description\"": \""Method to sort by: relevant, newest, oldest, most_played, most_commented, or most_liked.\""\n    }\n  ]\n}\n\n### Task\nExtract parameters from the user query below into a valid JSON object based on the tool definition above. Ensure all 'required_parameters' are present.\n\n### User Query\nI'm organizing a film festival and I'm looking for award-winning films. Can you search for videos related to 'award-winning' on Vimeo? Additionally, fetch the related people in the 'film festival' category to invite them as judges. Finally, provide me with a streaming link for a YouTube video with the ID 'UxxajLWwzqY'.\n\n### Output\nReturn ONLY the JSON object.""}]","{
  ""format"": ""json"",
  ""query"": ""award-winning""
}",True,"","{""extraneous_text_pct"": 0.0, ""cleaned_json_length"": 50, ""original_length"": 50}"
qwen-turbo,toolbench_user_only,"[{""role"": ""user"", ""content"": ""You are a helpful API calling assistant.\n\n### Tool Definition\n{\n  \""tool_name\"": \""Vimeo\"",\n  \""description\"": \""\"",\n  \""required_parameters\"": [\n    {\n      \""name\"": \""category\"",\n      \""type\"": \""STRING\"",\n      \""description\"": \""The name of the category.\""\n    },\n    {\n      \""name\"": \""format\"",\n      \""type\"": \""STRING\"",\n      \""description\"": \""json or xml or php\""\n    }\n  ],\n  \""optional_parameters\"": [\n    {\n      \""name\"": \""page\"",\n      \""type\"": \""NUMBER\"",\n      \""description\"": \""The page number to show.\""\n    },\n    {\n      \""name\"": \""per_page\"",\n      \""type\"": \""NUMBER\"",\n      \""description\"": \""Number of items to show on each page. Max 50.\""\n    },\n    {\n      \""name\"": \""summary_response\"",\n      \""type\"": \""BOOLEAN\"",\n      \""description\"": \""Set this parameter to get back more information.\""\n    },\n    {\n      \""name\"": \""full_response\"",\n      \""type\"": \""BOOLEAN\"",\n      \""description\"": \""Set this parameter to get back the full video information.\""\n    }\n  ]\n}\n\n### Task\nExtract parameters from the user query below into a valid JSON object based on the tool definition above. Ensure all 'required_parameters' are present.\n\n### User Query\nI'm a film student and I'm working on a documentary about climate change. Can you assist me in finding videos related to 'Climate Change' on Vimeo? Additionally, provide me with information on how to download and stream these videos using the YTStream - Download YouTube Videos tool.\n\n### Output\nReturn ONLY the JSON object.""}]","{
  ""category"": ""Climate Change"",
  ""format"": ""json""
}",True,"","{""extraneous_text_pct"": 0.0, ""cleaned_json_length"": 54, ""original_length"": 54}"
qwen-turbo,toolbench_user_only,"[{""role"": ""user"", ""content"": ""You are a helpful API calling assistant.\n\n### Tool Definition\n{\n  \""tool_name\"": \""Vimeo\"",\n  \""description\"": \""\"",\n  \""required_parameters\"": [\n    {\n      \""name\"": \""category\"",\n      \""type\"": \""STRING\"",\n      \""description\"": \""The name of the category.\""\n    },\n    {\n      \""name\"": \""format\"",\n      \""type\"": \""STRING\"",\n      \""description\"": \""json or xml or php\""\n    }\n  ],\n  \""optional_parameters\"": [\n    {\n      \""name\"": \""page\"",\n      \""type\"": \""NUMBER\"",\n      \""description\"": \""The page number to show.\""\n    },\n    {\n      \""name\"": \""per_page\"",\n      \""type\"": \""NUMBER\"",\n      \""description\"": \""Number of items to show on each page. Max 50.\""\n    },\n    {\n      \""name\"": \""summary_response\"",\n      \""type\"": \""BOOLEAN\"",\n      \""description\"": \""Set this parameter to get back more information.\""\n    },\n    {\n      \""name\"": \""full_response\"",\n      \""type\"": \""BOOLEAN\"",\n      \""description\"": \""Set this parameter to get back the full video information.\""\n    }\n  ]\n}\n\n### Task\nExtract parameters from the user query below into a valid JSON object based on the tool definition above. Ensure all 'required_parameters' are present.\n\n### User Query\nI'm planning a surprise birthday party for my sister and I want to create a slideshow with her childhood photos. Can you suggest some videos from the 'Family' category on Vimeo? Also, provide me with information on how to download and stream these videos using the YTStream - Download YouTube Videos tool.\n\n### Output\nReturn ONLY the JSON object.""}]","{
  ""category"": ""Family"",
  ""format"": ""json""
}",True,"","{""extraneous_text_pct"": 0.0, ""cleaned_json_length"": 46, ""original_length"": 46}"
qwen-turbo,toolbench_user_only,"[{""role"": ""user"", ""content"": ""You are a helpful API calling assistant.\n\n### Tool Definition\n{\n  \""tool_name\"": \""Vimeo\"",\n  \""description\"": \""\"",\n  \""required_parameters\"": [\n    {\n      \""name\"": \""category\"",\n      \""type\"": \""STRING\"",\n      \""description\"": \""The name of the category.\""\n    },\n    {\n      \""name\"": \""format\"",\n      \""type\"": \""STRING\"",\n      \""description\"": \""json or xml or php\""\n    }\n  ],\n  \""optional_parameters\"": [\n    {\n      \""name\"": \""page\"",\n      \""type\"": \""NUMBER\"",\n      \""description\"": \""The page number to show.\""\n    },\n    {\n      \""name\"": \""per_page\"",\n      \""type\"": \""NUMBER\"",\n      \""description\"": \""Number of items to show on each page. Max 50.\""\n    },\n    {\n      \""name\"": \""summary_response\"",\n      \""type\"": \""BOOLEAN\"",\n      \""description\"": \""Set this parameter to get back more information.\""\n    },\n    {\n      \""name\"": \""full_response\"",\n      \""type\"": \""BOOLEAN\"",\n      \""description\"": \""Set this parameter to get back the full video information.\""\n    }\n  ]\n}\n\n### Task\nExtract parameters from the user query below into a valid JSON object based on the tool definition above. Ensure all 'required_parameters' are present.\n\n### User Query\nI'm planning a road trip with my family and we want to document our journey. Can you suggest some popular videos from the 'Travel' category on Vimeo? Also, provide us with information on how to download and stream these videos using the YTStream - Download YouTube Videos tool.\n\n### Output\nReturn ONLY the JSON object.""}]","{
  ""category"": ""Travel"",
  ""format"": ""json""
}",True,"","{""extraneous_text_pct"": 0.0, ""cleaned_json_length"": 46, ""original_length"": 46}"
qwen-turbo,toolbench_user_only,"[{""role"": ""user"", ""content"": ""You are a helpful API calling assistant.\n\n### Tool Definition\n{\n  \""tool_name\"": \""Vimeo\"",\n  \""description\"": \""\"",\n  \""required_parameters\"": [\n    {\n      \""name\"": \""category\"",\n      \""type\"": \""STRING\"",\n      \""description\"": \""The name of the category.\""\n    },\n    {\n      \""name\"": \""format\"",\n      \""type\"": \""STRING\"",\n      \""description\"": \""json or xml or php\""\n    }\n  ],\n  \""optional_parameters\"": [\n    {\n      \""name\"": \""page\"",\n      \""type\"": \""NUMBER\"",\n      \""description\"": \""The page number to show.\""\n    },\n    {\n      \""name\"": \""per_page\"",\n      \""type\"": \""NUMBER\"",\n      \""description\"": \""Number of items to show on each page. Max 50.\""\n    },\n    {\n      \""name\"": \""summary_response\"",\n      \""type\"": \""BOOLEAN\"",\n      \""description\"": \""Set this parameter to get back more information.\""\n    },\n    {\n      \""name\"": \""full_response\"",\n      \""type\"": \""BOOLEAN\"",\n      \""description\"": \""Set this parameter to get back the full video information.\""\n    }\n  ]\n}\n\n### Task\nExtract parameters from the user query below into a valid JSON object based on the tool definition above. Ensure all 'required_parameters' are present.\n\n### User Query\nI'm a fitness enthusiast and I'm looking for workout videos to follow at home. Can you help me find videos from the 'Fitness' category on Vimeo? Additionally, provide me with information on how to download and stream these videos using the YTStream - Download YouTube Videos tool.\n\n### Output\nReturn ONLY the JSON object.""}]","{
  ""category"": ""Fitness"",
  ""format"": ""json""
}",True,"","{""extraneous_text_pct"": 0.0, ""cleaned_json_length"": 47, ""original_length"": 47}"
qwen-turbo,toolbench_user_only,"[{""role"": ""user"", ""content"": ""You are a helpful API calling assistant.\n\n### Tool Definition\n{\n  \""tool_name\"": \""Vimeo\"",\n  \""description\"": \""\"",\n  \""required_parameters\"": [\n    {\n      \""name\"": \""category\"",\n      \""type\"": \""STRING\"",\n      \""description\"": \""The name of the category.\""\n    },\n    {\n      \""name\"": \""format\"",\n      \""type\"": \""STRING\"",\n      \""description\"": \""json or xml or php\""\n    }\n  ],\n  \""optional_parameters\"": [\n    {\n      \""name\"": \""page\"",\n      \""type\"": \""NUMBER\"",\n      \""description\"": \""The page number to show.\""\n    },\n    {\n      \""name\"": \""per_page\"",\n      \""type\"": \""NUMBER\"",\n      \""description\"": \""Number of items to show on each page. Max 50.\""\n    },\n    {\n      \""name\"": \""summary_response\"",\n      \""type\"": \""BOOLEAN\"",\n      \""description\"": \""Set this parameter to get back more information.\""\n    },\n    {\n      \""name\"": \""full_response\"",\n      \""type\"": \""BOOLEAN\"",\n      \""description\"": \""Set this parameter to get back the full video information.\""\n    }\n  ]\n}\n\n### Task\nExtract parameters from the user query below into a valid JSON object based on the tool definition above. Ensure all 'required_parameters' are present.\n\n### User Query\nI'm a music producer and I'm looking for music videos to get inspiration for my next project. Can you help me find videos from the 'Music' category on Vimeo? Additionally, provide me with information on how to download and stream these videos using the YTStream - Download YouTube Videos tool.\n\n### Output\nReturn ONLY the JSON object.""}]","{
  ""category"": ""Music"",
  ""format"": ""json""
}",True,"","{""extraneous_text_pct"": 0.0, ""cleaned_json_length"": 45, ""original_length"": 45}"
qwen-turbo,toolbench_user_only,"[{""role"": ""user"", ""content"": ""You are a helpful API calling assistant.\n\n### Tool Definition\n{\n  \""tool_name\"": \""Vimeo\"",\n  \""description\"": \""\"",\n  \""required_parameters\"": [\n    {\n      \""name\"": \""category\"",\n      \""type\"": \""STRING\"",\n      \""description\"": \""The name of the category.\""\n    },\n    {\n      \""name\"": \""format\"",\n      \""type\"": \""STRING\"",\n      \""description\"": \""json or xml or php\""\n    }\n  ],\n  \""optional_parameters\"": [\n    {\n      \""name\"": \""page\"",\n      \""type\"": \""NUMBER\"",\n      \""description\"": \""The page number to show.\""\n    },\n    {\n      \""name\"": \""per_page\"",\n      \""type\"": \""NUMBER\"",\n      \""description\"": \""Number of items to show on each page. Max 50.\""\n    },\n    {\n      \""name\"": \""summary_response\"",\n      \""type\"": \""BOOLEAN\"",\n      \""description\"": \""Set this parameter to get back more information.\""\n    },\n    {\n      \""name\"": \""full_response\"",\n      \""type\"": \""BOOLEAN\"",\n      \""description\"": \""Set this parameter to get back the full video information.\""\n    }\n  ]\n}\n\n### Task\nExtract parameters from the user query below into a valid JSON object based on the tool definition above. Ensure all 'required_parameters' are present.\n\n### User Query\nI'm planning a romantic date night with my partner and I want to watch some romantic videos. Can you suggest some videos from the 'Romance' category on Vimeo? Also, provide me with information on how to download and stream these videos using the YTStream - Download YouTube Videos tool.\n\n### Output\nReturn ONLY the JSON object.""}]","{
  ""category"": ""Romance"",
  ""format"": ""json""
}",True,"","{""extraneous_text_pct"": 0.0, ""cleaned_json_length"": 47, ""original_length"": 47}"
qwen-turbo,toolbench_user_only,"[{""role"": ""user"", ""content"": ""You are a helpful API calling assistant.\n\n### Tool Definition\n{\n  \""tool_name\"": \""Streaming Availability\"",\n  \""description\"": \""Search movies and series by title. Maximum amount of items returned are 20, unless there are more than 20 shows with the exact given title input. In that case all the items have 100% match with the title will be returned.\\n\\nNo pagination is supported.\"",\n  \""required_parameters\"": [\n    {\n      \""name\"": \""title\"",\n      \""type\"": \""STRING\"",\n      \""description\"": \""Title to search for.\""\n    },\n    {\n      \""name\"": \""country\"",\n      \""type\"": \""STRING\"",\n      \""description\"": \""Regardless of this value, the given title is searched across all the platforms and all the countries. This parameter determines according to which country the streamingInfo field will be populated. Thus even if a show is not available in this country, It will be included in the results if it resembles with the given title, but the streaming information will not be available.\""\n    }\n  ],\n  \""optional_parameters\"": [\n    {\n      \""name\"": \""show_type\"",\n      \""type\"": \""STRING\"",\n      \""description\"": \""Type of shows to include in the results. Either `movie`, `series` or `all`. Default is `all`.\""\n    },\n    {\n      \""name\"": \""output_language\"",\n      \""type\"": \""STRING\"",\n      \""description\"": \""2 letter iso code of the output language. Default is `en`. See the about page to see the list of languages supported.\""\n    }\n  ]\n}\n\n### Task\nExtract parameters from the user query below into a valid JSON object based on the tool definition above. Ensure all 'required_parameters' are present.\n\n### User Query\nI'm hosting a company movie night and we want to watch a sci-fi movie. Can you suggest a popular sci-fi movie available for streaming in the US? Also, provide the streaming sources for the movie 'Inception'.\n\n### Output\nReturn ONLY the JSON object.""}]","{
  ""title"": ""Inception"",
  ""country"": ""US""
}",True,"","{""extraneous_text_pct"": 0.0, ""cleaned_json_length"": 45, ""original_length"": 45}"
qwen-turbo,toolbench_user_only,"[{""role"": ""user"", ""content"": ""You are a helpful API calling assistant.\n\n### Tool Definition\n{\n  \""tool_name\"": \""Streaming Availability\"",\n  \""description\"": \""Search movies and series by title. Maximum amount of items returned are 20, unless there are more than 20 shows with the exact given title input. In that case all the items have 100% match with the title will be returned.\\n\\nNo pagination is supported.\"",\n  \""required_parameters\"": [\n    {\n      \""name\"": \""title\"",\n      \""type\"": \""STRING\"",\n      \""description\"": \""Title to search for.\""\n    },\n    {\n      \""name\"": \""country\"",\n      \""type\"": \""STRING\"",\n      \""description\"": \""Regardless of this value, the given title is searched across all the platforms and all the countries. This parameter determines according to which country the streamingInfo field will be populated. Thus even if a show is not available in this country, It will be included in the results if it resembles with the given title, but the streaming information will not be available.\""\n    }\n  ],\n  \""optional_parameters\"": [\n    {\n      \""name\"": \""show_type\"",\n      \""type\"": \""STRING\"",\n      \""description\"": \""Type of shows to include in the results. Either `movie`, `series` or `all`. Default is `all`.\""\n    },\n    {\n      \""name\"": \""output_language\"",\n      \""type\"": \""STRING\"",\n      \""description\"": \""2 letter iso code of the output language. Default is `en`. See the about page to see the list of languages supported.\""\n    }\n  ]\n}\n\n### Task\nExtract parameters from the user query below into a valid JSON object based on the tool definition above. Ensure all 'required_parameters' are present.\n\n### User Query\nI want to watch a classic movie with my family. Can you suggest a popular classic movie available for streaming in the US? Also, provide the streaming sources for the movie 'Casablanca'.\n\n### Output\nReturn ONLY the JSON object.""}]","{
  ""title"": ""Casablanca"",
  ""country"": ""US""
}",True,"","{""extraneous_text_pct"": 0.0, ""cleaned_json_length"": 46, ""original_length"": 46}"
qwen-turbo,toolbench_user_only,"[{""role"": ""user"", ""content"": ""You are a helpful API calling assistant.\n\n### Tool Definition\n{\n  \""tool_name\"": \""Streaming Availability\"",\n  \""description\"": \""Search movies and series by title. Maximum amount of items returned are 20, unless there are more than 20 shows with the exact given title input. In that case all the items have 100% match with the title will be returned.\\n\\nNo pagination is supported.\"",\n  \""required_parameters\"": [\n    {\n      \""name\"": \""title\"",\n      \""type\"": \""STRING\"",\n      \""description\"": \""Title to search for.\""\n    },\n    {\n      \""name\"": \""country\"",\n      \""type\"": \""STRING\"",\n      \""description\"": \""Regardless of this value, the given title is searched across all the platforms and all the countries. This parameter determines according to which country the streamingInfo field will be populated. Thus even if a show is not available in this country, It will be included in the results if it resembles with the given title, but the streaming information will not be available.\""\n    }\n  ],\n  \""optional_parameters\"": [\n    {\n      \""name\"": \""show_type\"",\n      \""type\"": \""STRING\"",\n      \""description\"": \""Type of shows to include in the results. Either `movie`, `series` or `all`. Default is `all`.\""\n    },\n    {\n      \""name\"": \""output_language\"",\n      \""type\"": \""STRING\"",\n      \""description\"": \""2 letter iso code of the output language. Default is `en`. See the about page to see the list of languages supported.\""\n    }\n  ]\n}\n\n### Task\nExtract parameters from the user query below into a valid JSON object based on the tool definition above. Ensure all 'required_parameters' are present.\n\n### User Query\nI want to watch a documentary about nature. Can you suggest a popular nature documentary available for streaming in the US? Also, provide the streaming sources for the documentary 'Planet Earth'.\n\n### Output\nReturn ONLY the JSON object.""}]","{
  ""title"": ""Planet Earth"",
  ""country"": ""US""
}",True,"","{""extraneous_text_pct"": 0.0, ""cleaned_json_length"": 48, ""original_length"": 48}"
qwen-turbo,toolbench_user_only,"[{""role"": ""user"", ""content"": ""You are a helpful API calling assistant.\n\n### Tool Definition\n{\n  \""tool_name\"": \""Watchmode\"",\n  \""description\"": \""Search for titles/and or people by name or a partial name. Useful for building an autocomplete search of titles and/or people. The results include the field result_type to indicate which type of result it is (title or person). For titles, the movie poster will be returned in image_url, for a person a headshot will be returned in image_url.\"",\n  \""required_parameters\"": [\n    {\n      \""name\"": \""search_value\"",\n      \""type\"": \""STRING\"",\n      \""description\"": \""The phrase to search for, can be a full title or person name, or a partial phrase. For example searching for \\\\\\\""The sha\\\\\\\"" will find the movie \\\\\\\""The Shawshank Redemption\\\\\\\"".\""\n    }\n  ],\n  \""optional_parameters\"": [\n    {\n      \""name\"": \""search_type\"",\n      \""type\"": \""NUMBER\"",\n      \""description\"": \""Set this to 1 to include titles and people in results. Set this to 2 to include titles only. Set this to 3 to include movies only. Set this to 4 to include TV only. Set this to 5 to include people only. By default this is set to 1.\""\n    }\n  ]\n}\n\n### Task\nExtract parameters from the user query below into a valid JSON object based on the tool definition above. Ensure all 'required_parameters' are present.\n\n### User Query\nI'm planning a weekend getaway with my family and we want to watch some movies during our trip. Can you recommend some popular movies that are available for streaming in Australia? Also, provide us with the streaming sources where we can watch these movies.\n\n### Output\nReturn ONLY the JSON object.""}]","{
  ""search_value"": ""popular movies available for streaming in Australia""
}",True,"","{""extraneous_text_pct"": 0.0, ""cleaned_json_length"": 75, ""original_length"": 75}"
qwen-turbo,toolbench_user_only,"[{""role"": ""user"", ""content"": ""You are a helpful API calling assistant.\n\n### Tool Definition\n{\n  \""tool_name\"": \""Watchmode\"",\n  \""description\"": \""Search for titles/and or people by name or a partial name. Useful for building an autocomplete search of titles and/or people. The results include the field result_type to indicate which type of result it is (title or person). For titles, the movie poster will be returned in image_url, for a person a headshot will be returned in image_url.\"",\n  \""required_parameters\"": [\n    {\n      \""name\"": \""search_value\"",\n      \""type\"": \""STRING\"",\n      \""description\"": \""The phrase to search for, can be a full title or person name, or a partial phrase. For example searching for \\\\\\\""The sha\\\\\\\"" will find the movie \\\\\\\""The Shawshank Redemption\\\\\\\"".\""\n    }\n  ],\n  \""optional_parameters\"": [\n    {\n      \""name\"": \""search_type\"",\n      \""type\"": \""NUMBER\"",\n      \""description\"": \""Set this to 1 to include titles and people in results. Set this to 2 to include titles only. Set this to 3 to include movies only. Set this to 4 to include TV only. Set this to 5 to include people only. By default this is set to 1.\""\n    }\n  ]\n}\n\n### Task\nExtract parameters from the user query below into a valid JSON object based on the tool definition above. Ensure all 'required_parameters' are present.\n\n### User Query\nI'm organizing a movie night for my company's employees and I need some suggestions for inspirational movies. Can you recommend some popular inspirational movies that are available for streaming in the US? Also, provide me with the streaming sources where I can watch these movies.\n\n### Output\nReturn ONLY the JSON object.""}]","{
  ""search_value"": ""inspirational movies""
}",True,"","{""extraneous_text_pct"": 0.0, ""cleaned_json_length"": 44, ""original_length"": 44}"
qwen-turbo,toolbench_user_only,"[{""role"": ""user"", ""content"": ""You are a helpful API calling assistant.\n\n### Tool Definition\n{\n  \""tool_name\"": \""Watchmode\"",\n  \""description\"": \""Search for titles/and or people by name or a partial name. Useful for building an autocomplete search of titles and/or people. The results include the field result_type to indicate which type of result it is (title or person). For titles, the movie poster will be returned in image_url, for a person a headshot will be returned in image_url.\"",\n  \""required_parameters\"": [\n    {\n      \""name\"": \""search_value\"",\n      \""type\"": \""STRING\"",\n      \""description\"": \""The phrase to search for, can be a full title or person name, or a partial phrase. For example searching for \\\\\\\""The sha\\\\\\\"" will find the movie \\\\\\\""The Shawshank Redemption\\\\\\\"".\""\n    }\n  ],\n  \""optional_parameters\"": [\n    {\n      \""name\"": \""search_type\"",\n      \""type\"": \""NUMBER\"",\n      \""description\"": \""Set this to 1 to include titles and people in results. Set this to 2 to include titles only. Set this to 3 to include movies only. Set this to 4 to include TV only. Set this to 5 to include people only. By default this is set to 1.\""\n    }\n  ]\n}\n\n### Task\nExtract parameters from the user query below into a valid JSON object based on the tool definition above. Ensure all 'required_parameters' are present.\n\n### User Query\nI'm hosting a movie-themed party for my friends and I need some ideas for classic movies to watch. Can you recommend some popular classic movies that are available for streaming in the US? Also, provide me with the streaming sources where I can watch these movies.\n\n### Output\nReturn ONLY the JSON object.""}]","{
  ""search_value"": ""classic movies""
}",True,"","{""extraneous_text_pct"": 0.0, ""cleaned_json_length"": 38, ""original_length"": 38}"
qwen-turbo,toolbench_user_only,"[{""role"": ""user"", ""content"": ""You are a helpful API calling assistant.\n\n### Tool Definition\n{\n  \""tool_name\"": \""Vimeo\"",\n  \""description\"": \""Search for videos.\"",\n  \""required_parameters\"": [\n    {\n      \""name\"": \""format\"",\n      \""type\"": \""STRING\"",\n      \""description\"": \""json/xml/php\""\n    },\n    {\n      \""name\"": \""query\"",\n      \""type\"": \""STRING\"",\n      \""description\"": \""The search terms\""\n    }\n  ],\n  \""optional_parameters\"": [\n    {\n      \""name\"": \""user_id\"",\n      \""type\"": \""STRING\"",\n      \""description\"": \""The ID number or username of the user.\""\n    },\n    {\n      \""name\"": \""page\"",\n      \""type\"": \""NUMBER\"",\n      \""description\"": \""The page number to show.\""\n    },\n    {\n      \""name\"": \""per_page\"",\n      \""type\"": \""NUMBER\"",\n      \""description\"": \""Number of items to show on each page. Max 50.\""\n    },\n    {\n      \""name\"": \""summary_response\"",\n      \""type\"": \""BOOLEAN\"",\n      \""description\"": \""Set this parameter to get back more information.\""\n    },\n    {\n      \""name\"": \""full_response\"",\n      \""type\"": \""BOOLEAN\"",\n      \""description\"": \""Set this parameter to get back the full video information.\""\n    },\n    {\n      \""name\"": \""sort\"",\n      \""type\"": \""STRING\"",\n      \""description\"": \""Method to sort by: relevant, newest, oldest, most_played, most_commented, or most_liked.\""\n    }\n  ]\n}\n\n### Task\nExtract parameters from the user query below into a valid JSON object based on the tool definition above. Ensure all 'required_parameters' are present.\n\n### User Query\nI'm organizing a virtual conference and I need to find some high-quality videos to include in the presentations. Can you help me search for relevant videos on Vimeo? Once I find the videos, I would like to download them for offline viewing. Please provide me with the download links for these videos. Thank you!\n\n### Output\nReturn ONLY the JSON object.""}]","{
  ""format"": ""json"",
  ""query"": ""high-quality videos""
}",True,"","{""extraneous_text_pct"": 0.0, ""cleaned_json_length"": 56, ""original_length"": 56}"
qwen-turbo,toolbench_user_only,"[{""role"": ""user"", ""content"": ""You are a helpful API calling assistant.\n\n### Tool Definition\n{\n  \""tool_name\"": \""Vimeo\"",\n  \""description\"": \""Search for videos.\"",\n  \""required_parameters\"": [\n    {\n      \""name\"": \""format\"",\n      \""type\"": \""STRING\"",\n      \""description\"": \""json/xml/php\""\n    },\n    {\n      \""name\"": \""query\"",\n      \""type\"": \""STRING\"",\n      \""description\"": \""The search terms\""\n    }\n  ],\n  \""optional_parameters\"": [\n    {\n      \""name\"": \""user_id\"",\n      \""type\"": \""STRING\"",\n      \""description\"": \""The ID number or username of the user.\""\n    },\n    {\n      \""name\"": \""page\"",\n      \""type\"": \""NUMBER\"",\n      \""description\"": \""The page number to show.\""\n    },\n    {\n      \""name\"": \""per_page\"",\n      \""type\"": \""NUMBER\"",\n      \""description\"": \""Number of items to show on each page. Max 50.\""\n    },\n    {\n      \""name\"": \""summary_response\"",\n      \""type\"": \""BOOLEAN\"",\n      \""description\"": \""Set this parameter to get back more information.\""\n    },\n    {\n      \""name\"": \""full_response\"",\n      \""type\"": \""BOOLEAN\"",\n      \""description\"": \""Set this parameter to get back the full video information.\""\n    },\n    {\n      \""name\"": \""sort\"",\n      \""type\"": \""STRING\"",\n      \""description\"": \""Method to sort by: relevant, newest, oldest, most_played, most_commented, or most_liked.\""\n    }\n  ]\n}\n\n### Task\nExtract parameters from the user query below into a valid JSON object based on the tool definition above. Ensure all 'required_parameters' are present.\n\n### User Query\nI'm planning a virtual art exhibition and I need some videos to showcase the artists' works. Can you help me search for videos on Vimeo that feature different art forms like painting, sculpture, and photography? Once I find the videos, I would like to download them for offline viewing. Please provide me with the download links for these videos. Thank you!\n\n### Output\nReturn ONLY the JSON object.""}]","{
  ""format"": ""json"",
  ""query"": ""different art forms like painting, sculpture, and photography""
}",True,"","{""extraneous_text_pct"": 0.0, ""cleaned_json_length"": 98, ""original_length"": 98}"
qwen-turbo,toolbench_user_only,"[{""role"": ""user"", ""content"": ""You are a helpful API calling assistant.\n\n### Tool Definition\n{\n  \""tool_name\"": \""Vimeo\"",\n  \""description\"": \""Search for videos.\"",\n  \""required_parameters\"": [\n    {\n      \""name\"": \""format\"",\n      \""type\"": \""STRING\"",\n      \""description\"": \""json/xml/php\""\n    },\n    {\n      \""name\"": \""query\"",\n      \""type\"": \""STRING\"",\n      \""description\"": \""The search terms\""\n    }\n  ],\n  \""optional_parameters\"": [\n    {\n      \""name\"": \""user_id\"",\n      \""type\"": \""STRING\"",\n      \""description\"": \""The ID number or username of the user.\""\n    },\n    {\n      \""name\"": \""page\"",\n      \""type\"": \""NUMBER\"",\n      \""description\"": \""The page number to show.\""\n    },\n    {\n      \""name\"": \""per_page\"",\n      \""type\"": \""NUMBER\"",\n      \""description\"": \""Number of items to show on each page. Max 50.\""\n    },\n    {\n      \""name\"": \""summary_response\"",\n      \""type\"": \""BOOLEAN\"",\n      \""description\"": \""Set this parameter to get back more information.\""\n    },\n    {\n      \""name\"": \""full_response\"",\n      \""type\"": \""BOOLEAN\"",\n      \""description\"": \""Set this parameter to get back the full video information.\""\n    },\n    {\n      \""name\"": \""sort\"",\n      \""type\"": \""STRING\"",\n      \""description\"": \""Method to sort by: relevant, newest, oldest, most_played, most_commented, or most_liked.\""\n    }\n  ]\n}\n\n### Task\nExtract parameters from the user query below into a valid JSON object based on the tool definition above. Ensure all 'required_parameters' are present.\n\n### User Query\nI'm organizing a charity event and I want to create a promotional video to raise awareness. Can you assist me in finding videos from Vimeo that highlight successful charity campaigns? Once I find the videos, I would like to download them for reference. Please provide me with the download links for these videos. Your help is greatly appreciated!\n\n### Output\nReturn ONLY the JSON object.""}]","{
  ""format"": ""json"",
  ""query"": ""successful charity campaigns""
}",True,"","{""extraneous_text_pct"": 0.0, ""cleaned_json_length"": 65, ""original_length"": 65}"
qwen-turbo,toolbench_user_only,"[{""role"": ""user"", ""content"": ""You are a helpful API calling assistant.\n\n### Tool Definition\n{\n  \""tool_name\"": \""Vimeo\"",\n  \""description\"": \""Search for videos.\"",\n  \""required_parameters\"": [\n    {\n      \""name\"": \""format\"",\n      \""type\"": \""STRING\"",\n      \""description\"": \""json/xml/php\""\n    },\n    {\n      \""name\"": \""query\"",\n      \""type\"": \""STRING\"",\n      \""description\"": \""The search terms\""\n    }\n  ],\n  \""optional_parameters\"": [\n    {\n      \""name\"": \""user_id\"",\n      \""type\"": \""STRING\"",\n      \""description\"": \""The ID number or username of the user.\""\n    },\n    {\n      \""name\"": \""page\"",\n      \""type\"": \""NUMBER\"",\n      \""description\"": \""The page number to show.\""\n    },\n    {\n      \""name\"": \""per_page\"",\n      \""type\"": \""NUMBER\"",\n      \""description\"": \""Number of items to show on each page. Max 50.\""\n    },\n    {\n      \""name\"": \""summary_response\"",\n      \""type\"": \""BOOLEAN\"",\n      \""description\"": \""Set this parameter to get back more information.\""\n    },\n    {\n      \""name\"": \""full_response\"",\n      \""type\"": \""BOOLEAN\"",\n      \""description\"": \""Set this parameter to get back the full video information.\""\n    },\n    {\n      \""name\"": \""sort\"",\n      \""type\"": \""STRING\"",\n      \""description\"": \""Method to sort by: relevant, newest, oldest, most_played, most_commented, or most_liked.\""\n    }\n  ]\n}\n\n### Task\nExtract parameters from the user query below into a valid JSON object based on the tool definition above. Ensure all 'required_parameters' are present.\n\n### User Query\nI'm planning a travel vlog and I need some stunning videos to include in my videos. Can you help me search for travel videos on Vimeo? Once I find the videos, I would like to download them for editing. Please provide me with the download links for these videos. Thank you!\n\n### Output\nReturn ONLY the JSON object.""}]","{
  ""format"": ""json"",
  ""query"": ""travel""
}",True,"","{""extraneous_text_pct"": 0.0, ""cleaned_json_length"": 43, ""original_length"": 43}"
qwen-turbo,toolbench_user_only,"[{""role"": ""user"", ""content"": ""You are a helpful API calling assistant.\n\n### Tool Definition\n{\n  \""tool_name\"": \""OTT details\"",\n  \""description\"": \""This endpoint allows you to search for a movie or tvshow based on the given 'title '.\"",\n  \""required_parameters\"": [\n    {\n      \""name\"": \""title\"",\n      \""type\"": \""STRING\"",\n      \""description\"": \""\""\n    }\n  ],\n  \""optional_parameters\"": [\n    {\n      \""name\"": \""page\"",\n      \""type\"": \""NUMBER\"",\n      \""description\"": \""*Maximum number of pages returned is 10 \""\n    }\n  ]\n}\n\n### Task\nExtract parameters from the user query below into a valid JSON object based on the tool definition above. Ensure all 'required_parameters' are present.\n\n### User Query\nI'm trying to find a specific movie or TV show, but I can't remember the exact title. Can you help me search for it based on a keyword? Also, provide me with the list of titles that match my search criteria.\n\n### Output\nReturn ONLY the JSON object.""}]","{
  ""title"": """"
}",True,"","{""extraneous_text_pct"": 0.0, ""cleaned_json_length"": 17, ""original_length"": 17}"
qwen-turbo,toolbench_user_only,"[{""role"": ""user"", ""content"": ""You are a helpful API calling assistant.\n\n### Tool Definition\n{\n  \""tool_name\"": \""Vimeo\"",\n  \""description\"": \""Get a list of all public channels.\"",\n  \""required_parameters\"": [\n    {\n      \""name\"": \""format\"",\n      \""type\"": \""STRING\"",\n      \""description\"": \""json/xml/php\""\n    },\n    {\n      \""name\"": \""per_page\"",\n      \""type\"": \""STRING\"",\n      \""description\"": \""Number of items to show on each page. Max 50.\""\n    }\n  ],\n  \""optional_parameters\"": [\n    {\n      \""name\"": \""sort\"",\n      \""type\"": \""STRING\"",\n      \""description\"": \""Method to sort by: newest, oldest, alphabetical, most_videos, most_subscribed, or most_recently_updated.\""\n    },\n    {\n      \""name\"": \""page\"",\n      \""type\"": \""NUMBER\"",\n      \""description\"": \""The page number to show.\""\n    }\n  ]\n}\n\n### Task\nExtract parameters from the user query below into a valid JSON object based on the tool definition above. Ensure all 'required_parameters' are present.\n\n### User Query\nI'm a student working on a research project about contemporary art. Can you help me find channels on Vimeo that feature interviews with renowned artists and showcase their artworks? Additionally, I would like to download and stream a specific video about a famous painting.\n\n### Output\nReturn ONLY the JSON object.""}]","{
  ""format"": ""json"",
  ""per_page"": ""50""
}",True,"","{""extraneous_text_pct"": 0.0, ""cleaned_json_length"": 42, ""original_length"": 42}"
qwen-turbo,toolbench_user_only,"[{""role"": ""user"", ""content"": ""You are a helpful API calling assistant.\n\n### Tool Definition\n{\n  \""tool_name\"": \""Vimeo\"",\n  \""description\"": \""Get a list of all public channels.\"",\n  \""required_parameters\"": [\n    {\n      \""name\"": \""format\"",\n      \""type\"": \""STRING\"",\n      \""description\"": \""json/xml/php\""\n    },\n    {\n      \""name\"": \""per_page\"",\n      \""type\"": \""STRING\"",\n      \""description\"": \""Number of items to show on each page. Max 50.\""\n    }\n  ],\n  \""optional_parameters\"": [\n    {\n      \""name\"": \""sort\"",\n      \""type\"": \""STRING\"",\n      \""description\"": \""Method to sort by: newest, oldest, alphabetical, most_videos, most_subscribed, or most_recently_updated.\""\n    },\n    {\n      \""name\"": \""page\"",\n      \""type\"": \""NUMBER\"",\n      \""description\"": \""The page number to show.\""\n    }\n  ]\n}\n\n### Task\nExtract parameters from the user query below into a valid JSON object based on the tool definition above. Ensure all 'required_parameters' are present.\n\n### User Query\nI'm a food blogger and I want to create engaging content for my audience. Can you provide me with a list of popular channels on Vimeo that focus on cooking and share unique recipes? Additionally, I would like to download and stream a video that showcases a delicious dessert recipe.\n\n### Output\nReturn ONLY the JSON object.""}]","{
  ""format"": ""json"",
  ""per_page"": ""50""
}",True,"","{""extraneous_text_pct"": 0.0, ""cleaned_json_length"": 42, ""original_length"": 42}"
qwen-turbo,toolbench_user_only,"[{""role"": ""user"", ""content"": ""You are a helpful API calling assistant.\n\n### Tool Definition\n{\n  \""tool_name\"": \""URL Link Shortener\"",\n  \""description\"": \""Create a new link\"",\n  \""required_parameters\"": [\n    {\n      \""name\"": \""destination\"",\n      \""type\"": \""STRING\"",\n      \""description\"": \""The destination URL you want your branded short link to point to\""\n    }\n  ],\n  \""optional_parameters\"": [\n    {\n      \""name\"": \""domain[id]\"",\n      \""type\"": \""STRING\"",\n      \""description\"": \""The unique id of the branded domain. If not specified, rebrand.ly is used\""\n    },\n    {\n      \""name\"": \""slashtag\"",\n      \""type\"": \""STRING\"",\n      \""description\"": \""The keyword portion of your branded short link\""\n    },\n    {\n      \""name\"": \""domain[fullName]\"",\n      \""type\"": \""STRING\"",\n      \""description\"": \""The unique name of the branded domain, to be used in place of domain[id] in special cases. Precedence will be given to domain[id] value.\""\n    }\n  ]\n}\n\n### Task\nExtract parameters from the user query below into a valid JSON object based on the tool definition above. Ensure all 'required_parameters' are present.\n\n### User Query\nMy company is launching a new product and we need to create custom short links for our marketing materials. Can you assist us in generating short links for our product pages and provide us with a list of available domains for branding? Additionally, we would like to gather some data on the click-through rates of different URL shorteners.\n\n### Output\nReturn ONLY the JSON object.""}]","{
  ""destination"": """"
}",True,"","{""extraneous_text_pct"": 0.0, ""cleaned_json_length"": 23, ""original_length"": 23}"
qwen-turbo,toolbench_user_only,"[{""role"": ""user"", ""content"": ""You are a helpful API calling assistant.\n\n### Tool Definition\n{\n  \""tool_name\"": \""YTStream - Download YouTube Videos\"",\n  \""description\"": \""Stream or download info.\"",\n  \""required_parameters\"": [\n    {\n      \""name\"": \""id\"",\n      \""type\"": \""STRING\"",\n      \""description\"": \""Youtube Video Id.\""\n    }\n  ],\n  \""optional_parameters\"": [\n    {\n      \""name\"": \""cgeo\"",\n      \""type\"": \""STRING\"",\n      \""description\"": \""Country code in ISO 3166 format of the end user.\""\n    }\n  ]\n}\n\n### Task\nExtract parameters from the user query below into a valid JSON object based on the tool definition above. Ensure all 'required_parameters' are present.\n\n### User Query\nI want to create a playlist of my favorite music videos from YouTube. Get the related tags for the 'Music' category from Vimeo to enhance the playlist. Also, provide me with information about the 'Music' category from Vimeo.\n\n### Output\nReturn ONLY the JSON object.""}]","{
  ""id"": """"
}",True,"","{""extraneous_text_pct"": 0.0, ""cleaned_json_length"": 14, ""original_length"": 14}"
qwen-turbo,toolbench_user_only,"[{""role"": ""user"", ""content"": ""You are a helpful API calling assistant.\n\n### Tool Definition\n{\n  \""tool_name\"": \""YTStream - Download YouTube Videos\"",\n  \""description\"": \""Stream or download info.\"",\n  \""required_parameters\"": [\n    {\n      \""name\"": \""id\"",\n      \""type\"": \""STRING\"",\n      \""description\"": \""Youtube Video Id.\""\n    }\n  ],\n  \""optional_parameters\"": [\n    {\n      \""name\"": \""cgeo\"",\n      \""type\"": \""STRING\"",\n      \""description\"": \""Country code in ISO 3166 format of the end user.\""\n    }\n  ]\n}\n\n### Task\nExtract parameters from the user query below into a valid JSON object based on the tool definition above. Ensure all 'required_parameters' are present.\n\n### User Query\nI need to download a video from YouTube to include in my presentation. Provide me with the download link and the video's title, length, and description. Also, find the related tags for the 'Education' category from Vimeo to enhance my presentation.\n\n### Output\nReturn ONLY the JSON object.""}]","{
  ""id"": """"
}",True,"","{""extraneous_text_pct"": 0.0, ""cleaned_json_length"": 14, ""original_length"": 14}"
qwen-turbo,toolbench_user_only,"[{""role"": ""user"", ""content"": ""You are a helpful API calling assistant.\n\n### Tool Definition\n{\n  \""tool_name\"": \""Vimeo\"",\n  \""description\"": \""Get a list of the videos in a channel.\"",\n  \""required_parameters\"": [\n    {\n      \""name\"": \""format\"",\n      \""type\"": \""STRING\"",\n      \""description\"": \""json/xml/php\""\n    },\n    {\n      \""name\"": \""channel_id\"",\n      \""type\"": \""STRING\"",\n      \""description\"": \""The numeric id of the channel or its url name.\""\n    },\n    {\n      \""name\"": \""full_response\"",\n      \""type\"": \""BOOLEAN\"",\n      \""description\"": \""Set this parameter to get back the full video information\""\n    }\n  ],\n  \""optional_parameters\"": [\n    {\n      \""name\"": \""user_id\"",\n      \""type\"": \""STRING\"",\n      \""description\"": \""The ID number or username of the user. A token may be used instead.\""\n    },\n    {\n      \""name\"": \""page\"",\n      \""type\"": \""NUMBER\"",\n      \""description\"": \""The page number to show.\""\n    },\n    {\n      \""name\"": \""per_page\"",\n      \""type\"": \""NUMBER\"",\n      \""description\"": \""\""\n    },\n    {\n      \""name\"": \""summary_response\"",\n      \""type\"": \""BOOLEAN\"",\n      \""description\"": \""Set this parameter to get back more information.\""\n    }\n  ]\n}\n\n### Task\nExtract parameters from the user query below into a valid JSON object based on the tool definition above. Ensure all 'required_parameters' are present.\n\n### User Query\nMy company is organizing a virtual conference and we would like to feature some videos from Vimeo. Can you help us find videos related to a specific category? It would be great if you could provide the full video information and the related people in the industry. Also, is it possible to download or stream these videos using a specific tool? Thank you!\n\n### Output\nReturn ONLY the JSON object.""}]","{
  ""format"": ""json"",
  ""channel_id"": """",
  ""full_response"": true
}",True,"","{""extraneous_text_pct"": 0.0, ""cleaned_json_length"": 67, ""original_length"": 67}"
qwen-turbo,toolbench_user_only,"[{""role"": ""user"", ""content"": ""You are a helpful API calling assistant.\n\n### Tool Definition\n{\n  \""tool_name\"": \""Vimeo\"",\n  \""description\"": \""Get a list of all public channels.\"",\n  \""required_parameters\"": [\n    {\n      \""name\"": \""format\"",\n      \""type\"": \""STRING\"",\n      \""description\"": \""json/xml/php\""\n    },\n    {\n      \""name\"": \""per_page\"",\n      \""type\"": \""STRING\"",\n      \""description\"": \""Number of items to show on each page. Max 50.\""\n    }\n  ],\n  \""optional_parameters\"": [\n    {\n      \""name\"": \""sort\"",\n      \""type\"": \""STRING\"",\n      \""description\"": \""Method to sort by: newest, oldest, alphabetical, most_videos, most_subscribed, or most_recently_updated.\""\n    },\n    {\n      \""name\"": \""page\"",\n      \""type\"": \""NUMBER\"",\n      \""description\"": \""The page number to show.\""\n    }\n  ]\n}\n\n### Task\nExtract parameters from the user query below into a valid JSON object based on the tool definition above. Ensure all 'required_parameters' are present.\n\n### User Query\nI'm interested in exploring the world of filmmaking. Can you recommend some channels on Vimeo that focus on different categories? It would be great if you could provide the full video information and the related people in the industry. Also, is it possible to download or stream these videos using a specific tool? Thank you!\n\n### Output\nReturn ONLY the JSON object.""}]","{
  ""format"": ""json"",
  ""per_page"": ""50""
}",True,"","{""extraneous_text_pct"": 0.0, ""cleaned_json_length"": 42, ""original_length"": 42}"
qwen-turbo,toolbench_user_only,"[{""role"": ""user"", ""content"": ""You are a helpful API calling assistant.\n\n### Tool Definition\n{\n  \""tool_name\"": \""Vimeo\"",\n  \""description\"": \""Get a list of all public channels.\"",\n  \""required_parameters\"": [\n    {\n      \""name\"": \""format\"",\n      \""type\"": \""STRING\"",\n      \""description\"": \""json/xml/php\""\n    },\n    {\n      \""name\"": \""per_page\"",\n      \""type\"": \""STRING\"",\n      \""description\"": \""Number of items to show on each page. Max 50.\""\n    }\n  ],\n  \""optional_parameters\"": [\n    {\n      \""name\"": \""sort\"",\n      \""type\"": \""STRING\"",\n      \""description\"": \""Method to sort by: newest, oldest, alphabetical, most_videos, most_subscribed, or most_recently_updated.\""\n    },\n    {\n      \""name\"": \""page\"",\n      \""type\"": \""NUMBER\"",\n      \""description\"": \""The page number to show.\""\n    }\n  ]\n}\n\n### Task\nExtract parameters from the user query below into a valid JSON object based on the tool definition above. Ensure all 'required_parameters' are present.\n\n### User Query\nI'm a film student and I'm looking for some educational resources. Can you recommend some channels on Vimeo that provide tutorials and insights into different categories of filmmaking? It would be great if you could provide the full video information and the related people in the industry. Also, is it possible to download or stream these videos using a specific tool? Thank you!\n\n### Output\nReturn ONLY the JSON object.""}]","{
  ""format"": ""json"",
  ""per_page"": ""50""
}",True,"","{""extraneous_text_pct"": 0.0, ""cleaned_json_length"": 42, ""original_length"": 42}"
qwen-turbo,toolbench_user_only,"[{""role"": ""user"", ""content"": ""You are a helpful API calling assistant.\n\n### Tool Definition\n{\n  \""tool_name\"": \""Streaming Availability\"",\n  \""description\"": \""Search through the catalog of the given services in the given country. Provides filters such as show language, genre and keyword. Items per page is 25. Output includes all the information about the shows, such as title, IMDb ID, TMDb ID, IMDb rating, link to shows' pages in streaming services (including individual season/episode links), cast, runtime, poster and many more! Apart from the info about the given country-service combinations, output also includes information about availability in the other services for the given country.\"",\n  \""required_parameters\"": [\n    {\n      \""name\"": \""services\"",\n      \""type\"": \""STRING\"",\n      \""description\"": \""A comma separated list of up to 16 services to search in. See `/v2/services` endpoint to get the supported services and their ids/names.\\n\\nSyntax of the values supplied in the list can be as the followings:\\n\\n`<sevice_id>`: Searches in the entire catalog of that service, including (if applicable) rentable, buyable shows or shows available through addons i.e. `netflix`, `prime`, `apple`\\n\\n`<sevice_id>.<offer_type>`: Only returns the shows that are available in that service with the given offer type. Valid offer type values are `subscription`, `free`, `rent`, `buy` and `addon`  i.e. `peacock.free` only returns the shows on Peacock that are free to watch, `prime.subscription` only returns the shows on Prime Video that are available to watch with a Prime subscription. `hulu.addon` only returns the shows on Hulu that are available via an addon,  `prime.rent` only returns the shows on Prime Video that are rentable.\\n\\n`<sevice_id>.addon.<addon_id>`: Only returns the shows that are available in that service with the given addon. Check `/v2/services` endpoint to fetch the available addons for a service. Some sample values are: `hulu.addon.hbo`,  `prime.addon.hbomaxus`.\\n\\nIf a service supports both `free` and `subscription`, then results included under `subscription` will always include the `free` shows as well.\\n\\nWhen multiple values are passed as a comma separated list, any show that satisfies at least one of the values will be included in the result.\\n\\nSome sample list values:\\n\\n`prime.rent,prime.buy,apple.rent,apple.buy`: Returns all the buyable/rentable shows on Amazon Prime Video and Apple TV.\\n\\n`prime.addon,prime.subscription`: Returns all the shows on Amazon Prime Video that are available through either a Prime Video subscription or a Prime Video Channel subscription.\""\n    },\n    {\n      \""name\"": \""country\"",\n      \""type\"": \""STRING\"",\n      \""description\"": \""2 letter ISO 3166-1 alpha-2 country code of the country to search in. See the about page to check the supported countries.\""\n    }\n  ],\n  \""optional_parameters\"": [\n    {\n      \""name\"": \""max_imdb_vote_count\"",\n      \""type\"": \""NUMBER\"",\n      \""description\"": \""\""\n    },\n    {\n      \""name\"": \""order_by\"",\n      \""type\"": \""STRING\"",\n      \""description\"": \""Determines the ordering of the results.\\n\\nPossible values are `original_title`, `imdb_vote_count`, `imdb_rating` and `year`. Default value is `original_title`\""\n    },\n    {\n      \""name\"": \""max_imdb_rating\"",\n      \""type\"": \""NUMBER\"",\n      \""description\"": \""Out of 100\""\n    },\n    {\n      \""name\"": \""min_imdb_rating\"",\n      \""type\"": \""NUMBER\"",\n      \""description\"": \""Out of 100\""\n    },\n    {\n      \""name\"": \""desc\"",\n      \""type\"": \""BOOLEAN\"",\n      \""description\"": \""Use descending order?\\n\\nPossible values are `true` and `false`. Default value is `false`.\""\n    },\n    {\n      \""name\"": \""keyword\"",\n      \""type\"": \""STRING\"",\n      \""description\"": \""A keyword to only search within the shows have that keyword in their overview or title.\""\n    },\n    {\n      \""name\"": \""cursor\"",\n      \""type\"": \""STRING\"",\n      \""description\"": \""Cursor is used for pagination. After each request, the response includes a `hasMore` boolean field to tell if there are more results that did not fit the returned list size. If it is set as true, to get the rest of the result set, send a new request (with the same parameters for other fields such as show_type, services etc.), and set the cursor parameter as the `nextCursor` value of the previous request response. Do not forget to escape the cursor value before putting it into the query as it might contain characters such as `?`, `&`.\\n\\nThe first request naturally does not require a `cursor` parameter.\""\n    },\n    {\n      \""name\"": \""year_max\"",\n      \""type\"": \""NUMBER\"",\n      \""description\"": \""Maximum release/air year of the show.\""\n    },\n    {\n      \""name\"": \""min_imdb_vote_count\"",\n      \""type\"": \""NUMBER\"",\n      \""description\"": \""\""\n    },\n    {\n      \""name\"": \""year_min\"",\n      \""type\"": \""NUMBER\"",\n      \""description\"": \""Minimum release/air year of the show.\""\n    },\n    {\n      \""name\"": \""show_original_language\"",\n      \""type\"": \""STRING\"",\n      \""description\"": \""A 2 letter ISO 639-1 language code to only search within the shows whose original language matches with the provided language.\""\n    },\n    {\n      \""name\"": \""genres_relation\"",\n      \""type\"": \""STRING\"",\n      \""description\"": \""When more than one genre is supplied in `genres` parameter, `genres_relation` chooses the matching style against\\n\\nWhen `or`, the endpoint returns any show that has at least one of the given genres.\\nWhen `and`, it only returns the shows that have all of the given genres.\\n\\nDefault value is `and`.\""\n    },\n    {\n      \""name\"": \""genres\"",\n      \""type\"": \""STRING\"",\n      \""description\"": \""Comma separated list of genre ids to only search within the shows in those genres. See `/v2/genres` endpoint to see available genres and ids.\\n\\nWhen more than one genre supplied, set `genres_relation` parameter to specify between returning shows that have at least one of the given genres or returning shows that have all of the given genres\""\n    },\n    {\n      \""name\"": \""output_language\"",\n      \""type\"": \""STRING\"",\n      \""description\"": \""2 letter iso code of the output language. Default is `en`. See the about page to see the list of languages supported.\""\n    },\n    {\n      \""name\"": \""show_type\"",\n      \""type\"": \""STRING\"",\n      \""description\"": \""Type of shows to search in. Accepted values are `movie`, `series` or `all`. The default value is `all`.\""\n    }\n  ]\n}\n\n### Task\nExtract parameters from the user query below into a valid JSON object based on the tool definition above. Ensure all 'required_parameters' are present.\n\n### User Query\nI'm planning a movie night with my friends and we want to watch a comedy film. Can you recommend some popular comedy movies available on streaming platforms in the US? Also, provide the runtime and IMDb ratings for these movies.\n\n### Output\nReturn ONLY the JSON object.""}]","{
  ""services"": ""netflix,prime,disney,amazon,hbo,apple"",
  ""country"": ""US"",
  ""show_type"": ""movie"",
  ""genres"": ""comedy"",
  ""output_language"": ""en""
}",True,"","{""extraneous_text_pct"": 0.0, ""cleaned_json_length"": 149, ""original_length"": 149}"
qwen-turbo,toolbench_user_only,"[{""role"": ""user"", ""content"": ""You are a helpful API calling assistant.\n\n### Tool Definition\n{\n  \""tool_name\"": \""Streaming Availability\"",\n  \""description\"": \""Search through the catalog of the given services in the given country. Provides filters such as show language, genre and keyword. Items per page is 25. Output includes all the information about the shows, such as title, IMDb ID, TMDb ID, IMDb rating, link to shows' pages in streaming services (including individual season/episode links), cast, runtime, poster and many more! Apart from the info about the given country-service combinations, output also includes information about availability in the other services for the given country.\"",\n  \""required_parameters\"": [\n    {\n      \""name\"": \""services\"",\n      \""type\"": \""STRING\"",\n      \""description\"": \""A comma separated list of up to 16 services to search in. See `/v2/services` endpoint to get the supported services and their ids/names.\\n\\nSyntax of the values supplied in the list can be as the followings:\\n\\n`<sevice_id>`: Searches in the entire catalog of that service, including (if applicable) rentable, buyable shows or shows available through addons i.e. `netflix`, `prime`, `apple`\\n\\n`<sevice_id>.<offer_type>`: Only returns the shows that are available in that service with the given offer type. Valid offer type values are `subscription`, `free`, `rent`, `buy` and `addon`  i.e. `peacock.free` only returns the shows on Peacock that are free to watch, `prime.subscription` only returns the shows on Prime Video that are available to watch with a Prime subscription. `hulu.addon` only returns the shows on Hulu that are available via an addon,  `prime.rent` only returns the shows on Prime Video that are rentable.\\n\\n`<sevice_id>.addon.<addon_id>`: Only returns the shows that are available in that service with the given addon. Check `/v2/services` endpoint to fetch the available addons for a service. Some sample values are: `hulu.addon.hbo`,  `prime.addon.hbomaxus`.\\n\\nIf a service supports both `free` and `subscription`, then results included under `subscription` will always include the `free` shows as well.\\n\\nWhen multiple values are passed as a comma separated list, any show that satisfies at least one of the values will be included in the result.\\n\\nSome sample list values:\\n\\n`prime.rent,prime.buy,apple.rent,apple.buy`: Returns all the buyable/rentable shows on Amazon Prime Video and Apple TV.\\n\\n`prime.addon,prime.subscription`: Returns all the shows on Amazon Prime Video that are available through either a Prime Video subscription or a Prime Video Channel subscription.\""\n    },\n    {\n      \""name\"": \""country\"",\n      \""type\"": \""STRING\"",\n      \""description\"": \""2 letter ISO 3166-1 alpha-2 country code of the country to search in. See the about page to check the supported countries.\""\n    }\n  ],\n  \""optional_parameters\"": [\n    {\n      \""name\"": \""max_imdb_vote_count\"",\n      \""type\"": \""NUMBER\"",\n      \""description\"": \""\""\n    },\n    {\n      \""name\"": \""order_by\"",\n      \""type\"": \""STRING\"",\n      \""description\"": \""Determines the ordering of the results.\\n\\nPossible values are `original_title`, `imdb_vote_count`, `imdb_rating` and `year`. Default value is `original_title`\""\n    },\n    {\n      \""name\"": \""max_imdb_rating\"",\n      \""type\"": \""NUMBER\"",\n      \""description\"": \""Out of 100\""\n    },\n    {\n      \""name\"": \""min_imdb_rating\"",\n      \""type\"": \""NUMBER\"",\n      \""description\"": \""Out of 100\""\n    },\n    {\n      \""name\"": \""desc\"",\n      \""type\"": \""BOOLEAN\"",\n      \""description\"": \""Use descending order?\\n\\nPossible values are `true` and `false`. Default value is `false`.\""\n    },\n    {\n      \""name\"": \""keyword\"",\n      \""type\"": \""STRING\"",\n      \""description\"": \""A keyword to only search within the shows have that keyword in their overview or title.\""\n    },\n    {\n      \""name\"": \""cursor\"",\n      \""type\"": \""STRING\"",\n      \""description\"": \""Cursor is used for pagination. After each request, the response includes a `hasMore` boolean field to tell if there are more results that did not fit the returned list size. If it is set as true, to get the rest of the result set, send a new request (with the same parameters for other fields such as show_type, services etc.), and set the cursor parameter as the `nextCursor` value of the previous request response. Do not forget to escape the cursor value before putting it into the query as it might contain characters such as `?`, `&`.\\n\\nThe first request naturally does not require a `cursor` parameter.\""\n    },\n    {\n      \""name\"": \""year_max\"",\n      \""type\"": \""NUMBER\"",\n      \""description\"": \""Maximum release/air year of the show.\""\n    },\n    {\n      \""name\"": \""min_imdb_vote_count\"",\n      \""type\"": \""NUMBER\"",\n      \""description\"": \""\""\n    },\n    {\n      \""name\"": \""year_min\"",\n      \""type\"": \""NUMBER\"",\n      \""description\"": \""Minimum release/air year of the show.\""\n    },\n    {\n      \""name\"": \""show_original_language\"",\n      \""type\"": \""STRING\"",\n      \""description\"": \""A 2 letter ISO 639-1 language code to only search within the shows whose original language matches with the provided language.\""\n    },\n    {\n      \""name\"": \""genres_relation\"",\n      \""type\"": \""STRING\"",\n      \""description\"": \""When more than one genre is supplied in `genres` parameter, `genres_relation` chooses the matching style against\\n\\nWhen `or`, the endpoint returns any show that has at least one of the given genres.\\nWhen `and`, it only returns the shows that have all of the given genres.\\n\\nDefault value is `and`.\""\n    },\n    {\n      \""name\"": \""genres\"",\n      \""type\"": \""STRING\"",\n      \""description\"": \""Comma separated list of genre ids to only search within the shows in those genres. See `/v2/genres` endpoint to see available genres and ids.\\n\\nWhen more than one genre supplied, set `genres_relation` parameter to specify between returning shows that have at least one of the given genres or returning shows that have all of the given genres\""\n    },\n    {\n      \""name\"": \""output_language\"",\n      \""type\"": \""STRING\"",\n      \""description\"": \""2 letter iso code of the output language. Default is `en`. See the about page to see the list of languages supported.\""\n    },\n    {\n      \""name\"": \""show_type\"",\n      \""type\"": \""STRING\"",\n      \""description\"": \""Type of shows to search in. Accepted values are `movie`, `series` or `all`. The default value is `all`.\""\n    }\n  ]\n}\n\n### Task\nExtract parameters from the user query below into a valid JSON object based on the tool definition above. Ensure all 'required_parameters' are present.\n\n### User Query\nI'm a movie enthusiast and I'm interested in watching critically acclaimed films. Can you suggest some award-winning movies with high IMDb ratings? Also, provide the streaming platforms where these movies are available in the US.\n\n### Output\nReturn ONLY the JSON object.""}]","{
  ""services"": ""netflix,prime,amazon,disney,hulu,apple"",
  ""country"": ""US""
}",True,"","{""extraneous_text_pct"": 0.0, ""cleaned_json_length"": 77, ""original_length"": 77}"
qwen-turbo,toolbench_user_only,"[{""role"": ""user"", ""content"": ""You are a helpful API calling assistant.\n\n### Tool Definition\n{\n  \""tool_name\"": \""Streaming Availability\"",\n  \""description\"": \""Search through the catalog of the given services in the given country. Provides filters such as show language, genre and keyword. Items per page is 25. Output includes all the information about the shows, such as title, IMDb ID, TMDb ID, IMDb rating, link to shows' pages in streaming services (including individual season/episode links), cast, runtime, poster and many more! Apart from the info about the given country-service combinations, output also includes information about availability in the other services for the given country.\"",\n  \""required_parameters\"": [\n    {\n      \""name\"": \""services\"",\n      \""type\"": \""STRING\"",\n      \""description\"": \""A comma separated list of up to 16 services to search in. See `/v2/services` endpoint to get the supported services and their ids/names.\\n\\nSyntax of the values supplied in the list can be as the followings:\\n\\n`<sevice_id>`: Searches in the entire catalog of that service, including (if applicable) rentable, buyable shows or shows available through addons i.e. `netflix`, `prime`, `apple`\\n\\n`<sevice_id>.<offer_type>`: Only returns the shows that are available in that service with the given offer type. Valid offer type values are `subscription`, `free`, `rent`, `buy` and `addon`  i.e. `peacock.free` only returns the shows on Peacock that are free to watch, `prime.subscription` only returns the shows on Prime Video that are available to watch with a Prime subscription. `hulu.addon` only returns the shows on Hulu that are available via an addon,  `prime.rent` only returns the shows on Prime Video that are rentable.\\n\\n`<sevice_id>.addon.<addon_id>`: Only returns the shows that are available in that service with the given addon. Check `/v2/services` endpoint to fetch the available addons for a service. Some sample values are: `hulu.addon.hbo`,  `prime.addon.hbomaxus`.\\n\\nIf a service supports both `free` and `subscription`, then results included under `subscription` will always include the `free` shows as well.\\n\\nWhen multiple values are passed as a comma separated list, any show that satisfies at least one of the values will be included in the result.\\n\\nSome sample list values:\\n\\n`prime.rent,prime.buy,apple.rent,apple.buy`: Returns all the buyable/rentable shows on Amazon Prime Video and Apple TV.\\n\\n`prime.addon,prime.subscription`: Returns all the shows on Amazon Prime Video that are available through either a Prime Video subscription or a Prime Video Channel subscription.\""\n    },\n    {\n      \""name\"": \""country\"",\n      \""type\"": \""STRING\"",\n      \""description\"": \""2 letter ISO 3166-1 alpha-2 country code of the country to search in. See the about page to check the supported countries.\""\n    }\n  ],\n  \""optional_parameters\"": [\n    {\n      \""name\"": \""max_imdb_vote_count\"",\n      \""type\"": \""NUMBER\"",\n      \""description\"": \""\""\n    },\n    {\n      \""name\"": \""order_by\"",\n      \""type\"": \""STRING\"",\n      \""description\"": \""Determines the ordering of the results.\\n\\nPossible values are `original_title`, `imdb_vote_count`, `imdb_rating` and `year`. Default value is `original_title`\""\n    },\n    {\n      \""name\"": \""max_imdb_rating\"",\n      \""type\"": \""NUMBER\"",\n      \""description\"": \""Out of 100\""\n    },\n    {\n      \""name\"": \""min_imdb_rating\"",\n      \""type\"": \""NUMBER\"",\n      \""description\"": \""Out of 100\""\n    },\n    {\n      \""name\"": \""desc\"",\n      \""type\"": \""BOOLEAN\"",\n      \""description\"": \""Use descending order?\\n\\nPossible values are `true` and `false`. Default value is `false`.\""\n    },\n    {\n      \""name\"": \""keyword\"",\n      \""type\"": \""STRING\"",\n      \""description\"": \""A keyword to only search within the shows have that keyword in their overview or title.\""\n    },\n    {\n      \""name\"": \""cursor\"",\n      \""type\"": \""STRING\"",\n      \""description\"": \""Cursor is used for pagination. After each request, the response includes a `hasMore` boolean field to tell if there are more results that did not fit the returned list size. If it is set as true, to get the rest of the result set, send a new request (with the same parameters for other fields such as show_type, services etc.), and set the cursor parameter as the `nextCursor` value of the previous request response. Do not forget to escape the cursor value before putting it into the query as it might contain characters such as `?`, `&`.\\n\\nThe first request naturally does not require a `cursor` parameter.\""\n    },\n    {\n      \""name\"": \""year_max\"",\n      \""type\"": \""NUMBER\"",\n      \""description\"": \""Maximum release/air year of the show.\""\n    },\n    {\n      \""name\"": \""min_imdb_vote_count\"",\n      \""type\"": \""NUMBER\"",\n      \""description\"": \""\""\n    },\n    {\n      \""name\"": \""year_min\"",\n      \""type\"": \""NUMBER\"",\n      \""description\"": \""Minimum release/air year of the show.\""\n    },\n    {\n      \""name\"": \""show_original_language\"",\n      \""type\"": \""STRING\"",\n      \""description\"": \""A 2 letter ISO 639-1 language code to only search within the shows whose original language matches with the provided language.\""\n    },\n    {\n      \""name\"": \""genres_relation\"",\n      \""type\"": \""STRING\"",\n      \""description\"": \""When more than one genre is supplied in `genres` parameter, `genres_relation` chooses the matching style against\\n\\nWhen `or`, the endpoint returns any show that has at least one of the given genres.\\nWhen `and`, it only returns the shows that have all of the given genres.\\n\\nDefault value is `and`.\""\n    },\n    {\n      \""name\"": \""genres\"",\n      \""type\"": \""STRING\"",\n      \""description\"": \""Comma separated list of genre ids to only search within the shows in those genres. See `/v2/genres` endpoint to see available genres and ids.\\n\\nWhen more than one genre supplied, set `genres_relation` parameter to specify between returning shows that have at least one of the given genres or returning shows that have all of the given genres\""\n    },\n    {\n      \""name\"": \""output_language\"",\n      \""type\"": \""STRING\"",\n      \""description\"": \""2 letter iso code of the output language. Default is `en`. See the about page to see the list of languages supported.\""\n    },\n    {\n      \""name\"": \""show_type\"",\n      \""type\"": \""STRING\"",\n      \""description\"": \""Type of shows to search in. Accepted values are `movie`, `series` or `all`. The default value is `all`.\""\n    }\n  ]\n}\n\n### Task\nExtract parameters from the user query below into a valid JSON object based on the tool definition above. Ensure all 'required_parameters' are present.\n\n### User Query\nI'm planning a movie night with my friends and we want to watch a horror film. Can you recommend some popular horror movies available on streaming platforms in the US? Also, provide the runtime and IMDb ratings for these movies.\n\n### Output\nReturn ONLY the JSON object.""}]","{
  ""services"": ""netflix,prime,disney,hulu,peacock"",
  ""country"": ""US"",
  ""genres"": ""27"",
  ""show_type"": ""movie"",
  ""output_language"": ""en""
}",True,"","{""extraneous_text_pct"": 0.0, ""cleaned_json_length"": 141, ""original_length"": 141}"
qwen-turbo,toolbench_user_only,"[{""role"": ""user"", ""content"": ""You are a helpful API calling assistant.\n\n### Tool Definition\n{\n  \""tool_name\"": \""Streaming Availability\"",\n  \""description\"": \""Search through the catalog of the given services in the given country. Provides filters such as show language, genre and keyword. Items per page is 25. Output includes all the information about the shows, such as title, IMDb ID, TMDb ID, IMDb rating, link to shows' pages in streaming services (including individual season/episode links), cast, runtime, poster and many more! Apart from the info about the given country-service combinations, output also includes information about availability in the other services for the given country.\"",\n  \""required_parameters\"": [\n    {\n      \""name\"": \""services\"",\n      \""type\"": \""STRING\"",\n      \""description\"": \""A comma separated list of up to 16 services to search in. See `/v2/services` endpoint to get the supported services and their ids/names.\\n\\nSyntax of the values supplied in the list can be as the followings:\\n\\n`<sevice_id>`: Searches in the entire catalog of that service, including (if applicable) rentable, buyable shows or shows available through addons i.e. `netflix`, `prime`, `apple`\\n\\n`<sevice_id>.<offer_type>`: Only returns the shows that are available in that service with the given offer type. Valid offer type values are `subscription`, `free`, `rent`, `buy` and `addon`  i.e. `peacock.free` only returns the shows on Peacock that are free to watch, `prime.subscription` only returns the shows on Prime Video that are available to watch with a Prime subscription. `hulu.addon` only returns the shows on Hulu that are available via an addon,  `prime.rent` only returns the shows on Prime Video that are rentable.\\n\\n`<sevice_id>.addon.<addon_id>`: Only returns the shows that are available in that service with the given addon. Check `/v2/services` endpoint to fetch the available addons for a service. Some sample values are: `hulu.addon.hbo`,  `prime.addon.hbomaxus`.\\n\\nIf a service supports both `free` and `subscription`, then results included under `subscription` will always include the `free` shows as well.\\n\\nWhen multiple values are passed as a comma separated list, any show that satisfies at least one of the values will be included in the result.\\n\\nSome sample list values:\\n\\n`prime.rent,prime.buy,apple.rent,apple.buy`: Returns all the buyable/rentable shows on Amazon Prime Video and Apple TV.\\n\\n`prime.addon,prime.subscription`: Returns all the shows on Amazon Prime Video that are available through either a Prime Video subscription or a Prime Video Channel subscription.\""\n    },\n    {\n      \""name\"": \""country\"",\n      \""type\"": \""STRING\"",\n      \""description\"": \""2 letter ISO 3166-1 alpha-2 country code of the country to search in. See the about page to check the supported countries.\""\n    }\n  ],\n  \""optional_parameters\"": [\n    {\n      \""name\"": \""max_imdb_vote_count\"",\n      \""type\"": \""NUMBER\"",\n      \""description\"": \""\""\n    },\n    {\n      \""name\"": \""order_by\"",\n      \""type\"": \""STRING\"",\n      \""description\"": \""Determines the ordering of the results.\\n\\nPossible values are `original_title`, `imdb_vote_count`, `imdb_rating` and `year`. Default value is `original_title`\""\n    },\n    {\n      \""name\"": \""max_imdb_rating\"",\n      \""type\"": \""NUMBER\"",\n      \""description\"": \""Out of 100\""\n    },\n    {\n      \""name\"": \""min_imdb_rating\"",\n      \""type\"": \""NUMBER\"",\n      \""description\"": \""Out of 100\""\n    },\n    {\n      \""name\"": \""desc\"",\n      \""type\"": \""BOOLEAN\"",\n      \""description\"": \""Use descending order?\\n\\nPossible values are `true` and `false`. Default value is `false`.\""\n    },\n    {\n      \""name\"": \""keyword\"",\n      \""type\"": \""STRING\"",\n      \""description\"": \""A keyword to only search within the shows have that keyword in their overview or title.\""\n    },\n    {\n      \""name\"": \""cursor\"",\n      \""type\"": \""STRING\"",\n      \""description\"": \""Cursor is used for pagination. After each request, the response includes a `hasMore` boolean field to tell if there are more results that did not fit the returned list size. If it is set as true, to get the rest of the result set, send a new request (with the same parameters for other fields such as show_type, services etc.), and set the cursor parameter as the `nextCursor` value of the previous request response. Do not forget to escape the cursor value before putting it into the query as it might contain characters such as `?`, `&`.\\n\\nThe first request naturally does not require a `cursor` parameter.\""\n    },\n    {\n      \""name\"": \""year_max\"",\n      \""type\"": \""NUMBER\"",\n      \""description\"": \""Maximum release/air year of the show.\""\n    },\n    {\n      \""name\"": \""min_imdb_vote_count\"",\n      \""type\"": \""NUMBER\"",\n      \""description\"": \""\""\n    },\n    {\n      \""name\"": \""year_min\"",\n      \""type\"": \""NUMBER\"",\n      \""description\"": \""Minimum release/air year of the show.\""\n    },\n    {\n      \""name\"": \""show_original_language\"",\n      \""type\"": \""STRING\"",\n      \""description\"": \""A 2 letter ISO 639-1 language code to only search within the shows whose original language matches with the provided language.\""\n    },\n    {\n      \""name\"": \""genres_relation\"",\n      \""type\"": \""STRING\"",\n      \""description\"": \""When more than one genre is supplied in `genres` parameter, `genres_relation` chooses the matching style against\\n\\nWhen `or`, the endpoint returns any show that has at least one of the given genres.\\nWhen `and`, it only returns the shows that have all of the given genres.\\n\\nDefault value is `and`.\""\n    },\n    {\n      \""name\"": \""genres\"",\n      \""type\"": \""STRING\"",\n      \""description\"": \""Comma separated list of genre ids to only search within the shows in those genres. See `/v2/genres` endpoint to see available genres and ids.\\n\\nWhen more than one genre supplied, set `genres_relation` parameter to specify between returning shows that have at least one of the given genres or returning shows that have all of the given genres\""\n    },\n    {\n      \""name\"": \""output_language\"",\n      \""type\"": \""STRING\"",\n      \""description\"": \""2 letter iso code of the output language. Default is `en`. See the about page to see the list of languages supported.\""\n    },\n    {\n      \""name\"": \""show_type\"",\n      \""type\"": \""STRING\"",\n      \""description\"": \""Type of shows to search in. Accepted values are `movie`, `series` or `all`. The default value is `all`.\""\n    }\n  ]\n}\n\n### Task\nExtract parameters from the user query below into a valid JSON object based on the tool definition above. Ensure all 'required_parameters' are present.\n\n### User Query\nI want to watch a romantic comedy movie with my partner. Can you recommend some popular romantic comedy films available on streaming platforms in the US? Also, provide the runtime and IMDb ratings for these movies.\n\n### Output\nReturn ONLY the JSON object.""}]","{
  ""services"": ""netflix,prime,amazon,disney,apple,hulu"",
  ""country"": ""US"",
  ""show_type"": ""movie"",
  ""genres"": ""romance,comedy"",
  ""genres_relation"": ""and"",
  ""order_by"": ""imdb_rating"",
  ""desc"": true
}",True,"","{""extraneous_text_pct"": 0.0, ""cleaned_json_length"": 204, ""original_length"": 204}"
qwen-turbo,toolbench_user_only,"[{""role"": ""user"", ""content"": ""You are a helpful API calling assistant.\n\n### Tool Definition\n{\n  \""tool_name\"": \""Streaming Availability\"",\n  \""description\"": \""Search through the catalog of the given services in the given country. Provides filters such as show language, genre and keyword. Items per page is 25. Output includes all the information about the shows, such as title, IMDb ID, TMDb ID, IMDb rating, link to shows' pages in streaming services (including individual season/episode links), cast, runtime, poster and many more! Apart from the info about the given country-service combinations, output also includes information about availability in the other services for the given country.\"",\n  \""required_parameters\"": [\n    {\n      \""name\"": \""services\"",\n      \""type\"": \""STRING\"",\n      \""description\"": \""A comma separated list of up to 16 services to search in. See `/v2/services` endpoint to get the supported services and their ids/names.\\n\\nSyntax of the values supplied in the list can be as the followings:\\n\\n`<sevice_id>`: Searches in the entire catalog of that service, including (if applicable) rentable, buyable shows or shows available through addons i.e. `netflix`, `prime`, `apple`\\n\\n`<sevice_id>.<offer_type>`: Only returns the shows that are available in that service with the given offer type. Valid offer type values are `subscription`, `free`, `rent`, `buy` and `addon`  i.e. `peacock.free` only returns the shows on Peacock that are free to watch, `prime.subscription` only returns the shows on Prime Video that are available to watch with a Prime subscription. `hulu.addon` only returns the shows on Hulu that are available via an addon,  `prime.rent` only returns the shows on Prime Video that are rentable.\\n\\n`<sevice_id>.addon.<addon_id>`: Only returns the shows that are available in that service with the given addon. Check `/v2/services` endpoint to fetch the available addons for a service. Some sample values are: `hulu.addon.hbo`,  `prime.addon.hbomaxus`.\\n\\nIf a service supports both `free` and `subscription`, then results included under `subscription` will always include the `free` shows as well.\\n\\nWhen multiple values are passed as a comma separated list, any show that satisfies at least one of the values will be included in the result.\\n\\nSome sample list values:\\n\\n`prime.rent,prime.buy,apple.rent,apple.buy`: Returns all the buyable/rentable shows on Amazon Prime Video and Apple TV.\\n\\n`prime.addon,prime.subscription`: Returns all the shows on Amazon Prime Video that are available through either a Prime Video subscription or a Prime Video Channel subscription.\""\n    },\n    {\n      \""name\"": \""country\"",\n      \""type\"": \""STRING\"",\n      \""description\"": \""2 letter ISO 3166-1 alpha-2 country code of the country to search in. See the about page to check the supported countries.\""\n    }\n  ],\n  \""optional_parameters\"": [\n    {\n      \""name\"": \""max_imdb_vote_count\"",\n      \""type\"": \""NUMBER\"",\n      \""description\"": \""\""\n    },\n    {\n      \""name\"": \""order_by\"",\n      \""type\"": \""STRING\"",\n      \""description\"": \""Determines the ordering of the results.\\n\\nPossible values are `original_title`, `imdb_vote_count`, `imdb_rating` and `year`. Default value is `original_title`\""\n    },\n    {\n      \""name\"": \""max_imdb_rating\"",\n      \""type\"": \""NUMBER\"",\n      \""description\"": \""Out of 100\""\n    },\n    {\n      \""name\"": \""min_imdb_rating\"",\n      \""type\"": \""NUMBER\"",\n      \""description\"": \""Out of 100\""\n    },\n    {\n      \""name\"": \""desc\"",\n      \""type\"": \""BOOLEAN\"",\n      \""description\"": \""Use descending order?\\n\\nPossible values are `true` and `false`. Default value is `false`.\""\n    },\n    {\n      \""name\"": \""keyword\"",\n      \""type\"": \""STRING\"",\n      \""description\"": \""A keyword to only search within the shows have that keyword in their overview or title.\""\n    },\n    {\n      \""name\"": \""cursor\"",\n      \""type\"": \""STRING\"",\n      \""description\"": \""Cursor is used for pagination. After each request, the response includes a `hasMore` boolean field to tell if there are more results that did not fit the returned list size. If it is set as true, to get the rest of the result set, send a new request (with the same parameters for other fields such as show_type, services etc.), and set the cursor parameter as the `nextCursor` value of the previous request response. Do not forget to escape the cursor value before putting it into the query as it might contain characters such as `?`, `&`.\\n\\nThe first request naturally does not require a `cursor` parameter.\""\n    },\n    {\n      \""name\"": \""year_max\"",\n      \""type\"": \""NUMBER\"",\n      \""description\"": \""Maximum release/air year of the show.\""\n    },\n    {\n      \""name\"": \""min_imdb_vote_count\"",\n      \""type\"": \""NUMBER\"",\n      \""description\"": \""\""\n    },\n    {\n      \""name\"": \""year_min\"",\n      \""type\"": \""NUMBER\"",\n      \""description\"": \""Minimum release/air year of the show.\""\n    },\n    {\n      \""name\"": \""show_original_language\"",\n      \""type\"": \""STRING\"",\n      \""description\"": \""A 2 letter ISO 639-1 language code to only search within the shows whose original language matches with the provided language.\""\n    },\n    {\n      \""name\"": \""genres_relation\"",\n      \""type\"": \""STRING\"",\n      \""description\"": \""When more than one genre is supplied in `genres` parameter, `genres_relation` chooses the matching style against\\n\\nWhen `or`, the endpoint returns any show that has at least one of the given genres.\\nWhen `and`, it only returns the shows that have all of the given genres.\\n\\nDefault value is `and`.\""\n    },\n    {\n      \""name\"": \""genres\"",\n      \""type\"": \""STRING\"",\n      \""description\"": \""Comma separated list of genre ids to only search within the shows in those genres. See `/v2/genres` endpoint to see available genres and ids.\\n\\nWhen more than one genre supplied, set `genres_relation` parameter to specify between returning shows that have at least one of the given genres or returning shows that have all of the given genres\""\n    },\n    {\n      \""name\"": \""output_language\"",\n      \""type\"": \""STRING\"",\n      \""description\"": \""2 letter iso code of the output language. Default is `en`. See the about page to see the list of languages supported.\""\n    },\n    {\n      \""name\"": \""show_type\"",\n      \""type\"": \""STRING\"",\n      \""description\"": \""Type of shows to search in. Accepted values are `movie`, `series` or `all`. The default value is `all`.\""\n    }\n  ]\n}\n\n### Task\nExtract parameters from the user query below into a valid JSON object based on the tool definition above. Ensure all 'required_parameters' are present.\n\n### User Query\nI'm a history buff and I'm interested in watching historical films. Can you recommend some acclaimed historical movies available on streaming platforms in the US? Also, provide the runtime and IMDb ratings for these movies.\n\n### Output\nReturn ONLY the JSON object.""}]","{
  ""services"": ""netflix,prime,disney,amazon"",
  ""country"": ""US"",
  ""genres"": ""12"",
  ""show_type"": ""movie"",
  ""output_language"": ""en"",
  ""order_by"": ""imdb_rating"",
  ""desc"": ""true""
}",True,"","{""extraneous_text_pct"": 0.0, ""cleaned_json_length"": 182, ""original_length"": 182}"
qwen-turbo,toolbench_user_only,"[{""role"": ""user"", ""content"": ""You are a helpful API calling assistant.\n\n### Tool Definition\n{\n  \""tool_name\"": \""Streaming Availability\"",\n  \""description\"": \""Search through the catalog of the given services in the given country. Provides filters such as show language, genre and keyword. Items per page is 25. Output includes all the information about the shows, such as title, IMDb ID, TMDb ID, IMDb rating, link to shows' pages in streaming services (including individual season/episode links), cast, runtime, poster and many more! Apart from the info about the given country-service combinations, output also includes information about availability in the other services for the given country.\"",\n  \""required_parameters\"": [\n    {\n      \""name\"": \""services\"",\n      \""type\"": \""STRING\"",\n      \""description\"": \""A comma separated list of up to 16 services to search in. See `/v2/services` endpoint to get the supported services and their ids/names.\\n\\nSyntax of the values supplied in the list can be as the followings:\\n\\n`<sevice_id>`: Searches in the entire catalog of that service, including (if applicable) rentable, buyable shows or shows available through addons i.e. `netflix`, `prime`, `apple`\\n\\n`<sevice_id>.<offer_type>`: Only returns the shows that are available in that service with the given offer type. Valid offer type values are `subscription`, `free`, `rent`, `buy` and `addon`  i.e. `peacock.free` only returns the shows on Peacock that are free to watch, `prime.subscription` only returns the shows on Prime Video that are available to watch with a Prime subscription. `hulu.addon` only returns the shows on Hulu that are available via an addon,  `prime.rent` only returns the shows on Prime Video that are rentable.\\n\\n`<sevice_id>.addon.<addon_id>`: Only returns the shows that are available in that service with the given addon. Check `/v2/services` endpoint to fetch the available addons for a service. Some sample values are: `hulu.addon.hbo`,  `prime.addon.hbomaxus`.\\n\\nIf a service supports both `free` and `subscription`, then results included under `subscription` will always include the `free` shows as well.\\n\\nWhen multiple values are passed as a comma separated list, any show that satisfies at least one of the values will be included in the result.\\n\\nSome sample list values:\\n\\n`prime.rent,prime.buy,apple.rent,apple.buy`: Returns all the buyable/rentable shows on Amazon Prime Video and Apple TV.\\n\\n`prime.addon,prime.subscription`: Returns all the shows on Amazon Prime Video that are available through either a Prime Video subscription or a Prime Video Channel subscription.\""\n    },\n    {\n      \""name\"": \""country\"",\n      \""type\"": \""STRING\"",\n      \""description\"": \""2 letter ISO 3166-1 alpha-2 country code of the country to search in. See the about page to check the supported countries.\""\n    }\n  ],\n  \""optional_parameters\"": [\n    {\n      \""name\"": \""max_imdb_vote_count\"",\n      \""type\"": \""NUMBER\"",\n      \""description\"": \""\""\n    },\n    {\n      \""name\"": \""order_by\"",\n      \""type\"": \""STRING\"",\n      \""description\"": \""Determines the ordering of the results.\\n\\nPossible values are `original_title`, `imdb_vote_count`, `imdb_rating` and `year`. Default value is `original_title`\""\n    },\n    {\n      \""name\"": \""max_imdb_rating\"",\n      \""type\"": \""NUMBER\"",\n      \""description\"": \""Out of 100\""\n    },\n    {\n      \""name\"": \""min_imdb_rating\"",\n      \""type\"": \""NUMBER\"",\n      \""description\"": \""Out of 100\""\n    },\n    {\n      \""name\"": \""desc\"",\n      \""type\"": \""BOOLEAN\"",\n      \""description\"": \""Use descending order?\\n\\nPossible values are `true` and `false`. Default value is `false`.\""\n    },\n    {\n      \""name\"": \""keyword\"",\n      \""type\"": \""STRING\"",\n      \""description\"": \""A keyword to only search within the shows have that keyword in their overview or title.\""\n    },\n    {\n      \""name\"": \""cursor\"",\n      \""type\"": \""STRING\"",\n      \""description\"": \""Cursor is used for pagination. After each request, the response includes a `hasMore` boolean field to tell if there are more results that did not fit the returned list size. If it is set as true, to get the rest of the result set, send a new request (with the same parameters for other fields such as show_type, services etc.), and set the cursor parameter as the `nextCursor` value of the previous request response. Do not forget to escape the cursor value before putting it into the query as it might contain characters such as `?`, `&`.\\n\\nThe first request naturally does not require a `cursor` parameter.\""\n    },\n    {\n      \""name\"": \""year_max\"",\n      \""type\"": \""NUMBER\"",\n      \""description\"": \""Maximum release/air year of the show.\""\n    },\n    {\n      \""name\"": \""min_imdb_vote_count\"",\n      \""type\"": \""NUMBER\"",\n      \""description\"": \""\""\n    },\n    {\n      \""name\"": \""year_min\"",\n      \""type\"": \""NUMBER\"",\n      \""description\"": \""Minimum release/air year of the show.\""\n    },\n    {\n      \""name\"": \""show_original_language\"",\n      \""type\"": \""STRING\"",\n      \""description\"": \""A 2 letter ISO 639-1 language code to only search within the shows whose original language matches with the provided language.\""\n    },\n    {\n      \""name\"": \""genres_relation\"",\n      \""type\"": \""STRING\"",\n      \""description\"": \""When more than one genre is supplied in `genres` parameter, `genres_relation` chooses the matching style against\\n\\nWhen `or`, the endpoint returns any show that has at least one of the given genres.\\nWhen `and`, it only returns the shows that have all of the given genres.\\n\\nDefault value is `and`.\""\n    },\n    {\n      \""name\"": \""genres\"",\n      \""type\"": \""STRING\"",\n      \""description\"": \""Comma separated list of genre ids to only search within the shows in those genres. See `/v2/genres` endpoint to see available genres and ids.\\n\\nWhen more than one genre supplied, set `genres_relation` parameter to specify between returning shows that have at least one of the given genres or returning shows that have all of the given genres\""\n    },\n    {\n      \""name\"": \""output_language\"",\n      \""type\"": \""STRING\"",\n      \""description\"": \""2 letter iso code of the output language. Default is `en`. See the about page to see the list of languages supported.\""\n    },\n    {\n      \""name\"": \""show_type\"",\n      \""type\"": \""STRING\"",\n      \""description\"": \""Type of shows to search in. Accepted values are `movie`, `series` or `all`. The default value is `all`.\""\n    }\n  ]\n}\n\n### Task\nExtract parameters from the user query below into a valid JSON object based on the tool definition above. Ensure all 'required_parameters' are present.\n\n### User Query\nI'm organizing a movie night for my company's team-building event. Can you suggest some motivational movies with positive messages? Also, provide the streaming platforms where these movies are available in the US.\n\n### Output\nReturn ONLY the JSON object.""}]","{
  ""services"": ""netflix,prime,disney,amazon,hbo"",
  ""country"": ""US""
}",True,"","{""extraneous_text_pct"": 0.0, ""cleaned_json_length"": 70, ""original_length"": 70}"
qwen-turbo,toolbench_user_only,"[{""role"": ""user"", ""content"": ""You are a helpful API calling assistant.\n\n### Tool Definition\n{\n  \""tool_name\"": \""Watchmode\"",\n  \""description\"": \""Search for titles/and or people by name or a partial name. Useful for building an autocomplete search of titles and/or people. The results include the field result_type to indicate which type of result it is (title or person). For titles, the movie poster will be returned in image_url, for a person a headshot will be returned in image_url.\"",\n  \""required_parameters\"": [\n    {\n      \""name\"": \""search_value\"",\n      \""type\"": \""STRING\"",\n      \""description\"": \""The phrase to search for, can be a full title or person name, or a partial phrase. For example searching for \\\\\\\""The sha\\\\\\\"" will find the movie \\\\\\\""The Shawshank Redemption\\\\\\\"".\""\n    }\n  ],\n  \""optional_parameters\"": [\n    {\n      \""name\"": \""search_type\"",\n      \""type\"": \""NUMBER\"",\n      \""description\"": \""Set this to 1 to include titles and people in results. Set this to 2 to include titles only. Set this to 3 to include movies only. Set this to 4 to include TV only. Set this to 5 to include people only. By default this is set to 1.\""\n    }\n  ]\n}\n\n### Task\nExtract parameters from the user query below into a valid JSON object based on the tool definition above. Ensure all 'required_parameters' are present.\n\n### User Query\nI'm a film enthusiast and I want to explore movies from different regions. Can you recommend some movies from India and the United States? Additionally, I would like to search for movies and TV shows related to 'The Godfather' using the 'search' endpoint.\n\n### Output\nReturn ONLY the JSON object.""}]","{
  ""search_value"": ""The Godfather""
}",True,"","{""extraneous_text_pct"": 0.0, ""cleaned_json_length"": 37, ""original_length"": 37}"
qwen-turbo,toolbench_user_only,"[{""role"": ""user"", ""content"": ""You are a helpful API calling assistant.\n\n### Tool Definition\n{\n  \""tool_name\"": \""OTT details\"",\n  \""description\"": \""This endpoint allows you to search for a movie or tvshow based on the given 'title '.\"",\n  \""required_parameters\"": [\n    {\n      \""name\"": \""title\"",\n      \""type\"": \""STRING\"",\n      \""description\"": \""\""\n    }\n  ],\n  \""optional_parameters\"": [\n    {\n      \""name\"": \""page\"",\n      \""type\"": \""NUMBER\"",\n      \""description\"": \""*Maximum number of pages returned is 10 \""\n    }\n  ]\n}\n\n### Task\nExtract parameters from the user query below into a valid JSON object based on the tool definition above. Ensure all 'required_parameters' are present.\n\n### User Query\nMy family and I are planning a movie marathon and we need some movie recommendations. Could you search for movies based on the genre 'action' and language 'Spanish'? Also, provide us with the streaming sources available in the US and Canada where we can watch these movies.\n\n### Output\nReturn ONLY the JSON object.""}]","{
  ""title"": ""action Spanish""
}",True,"","{""extraneous_text_pct"": 0.0, ""cleaned_json_length"": 31, ""original_length"": 31}"
qwen-turbo,toolbench_user_only,"[{""role"": ""user"", ""content"": ""You are a helpful API calling assistant.\n\n### Tool Definition\n{\n  \""tool_name\"": \""OTT details\"",\n  \""description\"": \""This endpoint allows you to search for a movie or tvshow based on the given 'title '.\"",\n  \""required_parameters\"": [\n    {\n      \""name\"": \""title\"",\n      \""type\"": \""STRING\"",\n      \""description\"": \""\""\n    }\n  ],\n  \""optional_parameters\"": [\n    {\n      \""name\"": \""page\"",\n      \""type\"": \""NUMBER\"",\n      \""description\"": \""*Maximum number of pages returned is 10 \""\n    }\n  ]\n}\n\n### Task\nExtract parameters from the user query below into a valid JSON object based on the tool definition above. Ensure all 'required_parameters' are present.\n\n### User Query\nI'm planning a movie-themed birthday party for my niece and I need some suggestions for movies suitable for kids. Can you search for movies based on the genre 'animation' and language 'English'? Also, provide the streaming sources available in the US and Canada where we can watch these movies.\n\n### Output\nReturn ONLY the JSON object.""}]","{
  ""title"": ""animation""
}",True,"","{""extraneous_text_pct"": 0.0, ""cleaned_json_length"": 26, ""original_length"": 26}"
qwen-turbo,toolbench_user_only,"[{""role"": ""user"", ""content"": ""You are a helpful API calling assistant.\n\n### Tool Definition\n{\n  \""tool_name\"": \""OTT details\"",\n  \""description\"": \""This endpoint allows you to search for a movie or tvshow based on the given 'title '.\"",\n  \""required_parameters\"": [\n    {\n      \""name\"": \""title\"",\n      \""type\"": \""STRING\"",\n      \""description\"": \""\""\n    }\n  ],\n  \""optional_parameters\"": [\n    {\n      \""name\"": \""page\"",\n      \""type\"": \""NUMBER\"",\n      \""description\"": \""*Maximum number of pages returned is 10 \""\n    }\n  ]\n}\n\n### Task\nExtract parameters from the user query below into a valid JSON object based on the tool definition above. Ensure all 'required_parameters' are present.\n\n### User Query\nI'm planning a movie night with my family and we want to watch some horror movies. Can you search for movies based on the genre 'horror' and language 'English'? Also, provide the streaming sources available in the US and Canada where we can watch these movies.\n\n### Output\nReturn ONLY the JSON object.""}]","{
  ""title"": ""horror""
}",True,"","{""extraneous_text_pct"": 0.0, ""cleaned_json_length"": 23, ""original_length"": 23}"
qwen-turbo,toolbench_user_only,"[{""role"": ""user"", ""content"": ""You are a helpful API calling assistant.\n\n### Tool Definition\n{\n  \""tool_name\"": \""Streaming Availability\"",\n  \""description\"": \""Search through the catalog of the given services in the given country. Provides filters such as show language, genre and keyword. Items per page is 8. Output includes all the information about the shows, such as title, IMDb ID, TMDb ID, IMDb rating, link to shows' pages in streaming services (including individual season/episode links), cast, runtime, poster and many more! Apart from the info about the given country-service combinations, output also includes information about availability in the other services for the given country.\"",\n  \""required_parameters\"": [\n    {\n      \""name\"": \""services\"",\n      \""type\"": \""STRING\"",\n      \""description\"": \""A comma separated list of up to 4 services to search in. See `/v2/services` endpoint to get the supported services and their ids/names.\\n\\nSyntax of the values supplied in the list can be as the followings:\\n\\n`<sevice_id>`: Searches in the entire catalog of that service, including (if applicable) rentable, buyable shows or shows available through addons i.e. `netflix`, `prime`, `apple`\\n\\n`<sevice_id>.<offer_type>`: Only returns the shows that are available in that service with the given offer type. Valid offer type values are `subscription`, `free`, `rent`, `buy` and `addon`  i.e. `peacock.free` only returns the shows on Peacock that are free to watch, `prime.subscription` only returns the shows on Prime Video that are available to watch with a Prime subscription. `hulu.addon` only returns the shows on Hulu that are available via an addon,  `prime.rent` only returns the shows on Prime Video that are rentable.\\n\\n`<sevice_id>.addon.<addon_id>`: Only returns the shows that are available in that service with the given addon. Check `/v2/services` endpoint to fetch the available addons for a service. Some sample values are: `hulu.addon.hbo`,  `prime.addon.hbomaxus`.\\n\\nIf a service supports both `free` and `subscription`, then results included under `subscription` will always include the `free` shows as well.\\n\\nWhen multiple values are passed as a comma separated list, any show that satisfies at least one of the values will be included in the result.\\n\\nSome sample list values:\\n\\n`prime.rent,prime.buy,apple.rent,apple.buy`: Returns all the buyable/rentable shows on Amazon Prime Video and Apple TV.\\n\\n`prime.addon,prime.subscription`: Returns all the shows on Amazon Prime Video that are available through either a Prime Video subscription or a Prime Video Channel subscription.\""\n    },\n    {\n      \""name\"": \""country\"",\n      \""type\"": \""STRING\"",\n      \""description\"": \""2 letter ISO 3166-1 alpha-2 country code of the country to search in. See the about page to check the supported countries.\""\n    }\n  ],\n  \""optional_parameters\"": [\n    {\n      \""name\"": \""cursor\"",\n      \""type\"": \""STRING\"",\n      \""description\"": \""Cursor is used for pagination. After each request, the response includes a `hasMore` boolean field to tell if there are more results that did not fit the returned list size. If it is set as true, to get the rest of the result set, send a new request (with the same parameters for other fields such as show_type, services etc.), and set the cursor parameter as the `nextCursor` value of the previous request response. Do not forget to escape the cursor value before putting it into the query as it might contain characters such as `?`, `&`.\\n\\nThe first request naturally does not require a `cursor` parameter.\""\n    },\n    {\n      \""name\"": \""show_original_language\"",\n      \""type\"": \""STRING\"",\n      \""description\"": \""A 2 letter ISO 639-1 language code to only search within the shows whose original language matches with the provided language.\""\n    },\n    {\n      \""name\"": \""genre\"",\n      \""type\"": \""STRING\"",\n      \""description\"": \""A genre id to only search within the shows in that genre. See `/v2/genres` endpoint to see available genres and ids.\""\n    },\n    {\n      \""name\"": \""keyword\"",\n      \""type\"": \""STRING\"",\n      \""description\"": \""A keyword to only search within the shows have that keyword in their overview or title.\""\n    },\n    {\n      \""name\"": \""output_language\"",\n      \""type\"": \""STRING\"",\n      \""description\"": \""2 letter iso code of the output language. Default is `en`. See the about page to see the list of languages supported.\""\n    },\n    {\n      \""name\"": \""show_type\"",\n      \""type\"": \""STRING\"",\n      \""description\"": \""Type of shows to search in. Accepted values are `movie`, `series` or `all`. The default value is `all`.\""\n    }\n  ]\n}\n\n### Task\nExtract parameters from the user query below into a valid JSON object based on the tool definition above. Ensure all 'required_parameters' are present.\n\n### User Query\nI'm trying to find a new series to watch. Can you recommend some popular TV shows that are currently streaming on platforms like Netflix, Prime Video, and Hulu? Additionally, provide me with the seasons of the TV show 'Friends'.\n\n### Output\nReturn ONLY the JSON object.""}]","{
  ""services"": ""netflix,prime,hulu"",
  ""country"": ""US""
}",True,"","{""extraneous_text_pct"": 0.0, ""cleaned_json_length"": 57, ""original_length"": 57}"
qwen-turbo,toolbench_user_only,"[{""role"": ""user"", ""content"": ""You are a helpful API calling assistant.\n\n### Tool Definition\n{\n  \""tool_name\"": \""Watchmode\"",\n  \""description\"": \""Search for titles or people using an external ID (IMDB, TheMovieDB.org), or by name. Returns an array of results objects, that can either be a title or a person. Useful for getting the Watchmode IDs for titles and people. For example, you can set the parameters to search_value=Breaking%20Bad and search_field=name to get all of the titles named \\\""Breaking bad\\\"", and then use the IDs returned in other endpoints such as /v1/title/\"",\n  \""required_parameters\"": [\n    {\n      \""name\"": \""search_field\"",\n      \""type\"": \""STRING\"",\n      \""description\"": \""The field for us to search in, either a 3rd party ID or \\\\\\\\\\\\\\\""name\\\\\\\\\\\\\\\"" which will search for a movie/show title or a person's name depending on the type(s) set. Must be one of the following options:\\nimdb_id, tmdb_person_id, tmdb_movie_id, tmdb_tv_id, name.\""\n    },\n    {\n      \""name\"": \""search_value\"",\n      \""type\"": \""STRING\"",\n      \""description\"": \""The value we should search for. For example, if you set search_field to imdb_id, this would be the IMDB title/person ID, eg. tt0944947.\""\n    }\n  ],\n  \""optional_parameters\"": [\n    {\n      \""name\"": \""types\"",\n      \""type\"": \""STRING\"",\n      \""description\"": \""Pass one of the following values, or multiple comma separated values to only return certain types:\\ntv, movie, person.\""\n    }\n  ]\n}\n\n### Task\nExtract parameters from the user query below into a valid JSON object based on the tool definition above. Ensure all 'required_parameters' are present.\n\n### User Query\nI'm planning a movie night with my friends this weekend. Can you suggest some popular movies released in the last year? Also, provide the streaming availability for these movies on different platforms like Netflix, Prime Video, and Hulu.\n\n### Output\nReturn ONLY the JSON object.""}]","{
  ""search_field"": """",
  ""search_value"": """"
}",True,"","{""extraneous_text_pct"": 0.0, ""cleaned_json_length"": 46, ""original_length"": 46}"
qwen-turbo,toolbench_user_only,"[{""role"": ""user"", ""content"": ""You are a helpful API calling assistant.\n\n### Tool Definition\n{\n  \""tool_name\"": \""Watchmode\"",\n  \""description\"": \""Search for titles or people using an external ID (IMDB, TheMovieDB.org), or by name. Returns an array of results objects, that can either be a title or a person. Useful for getting the Watchmode IDs for titles and people. For example, you can set the parameters to search_value=Breaking%20Bad and search_field=name to get all of the titles named \\\""Breaking bad\\\"", and then use the IDs returned in other endpoints such as /v1/title/\"",\n  \""required_parameters\"": [\n    {\n      \""name\"": \""search_field\"",\n      \""type\"": \""STRING\"",\n      \""description\"": \""The field for us to search in, either a 3rd party ID or \\\\\\\\\\\\\\\""name\\\\\\\\\\\\\\\"" which will search for a movie/show title or a person's name depending on the type(s) set. Must be one of the following options:\\nimdb_id, tmdb_person_id, tmdb_movie_id, tmdb_tv_id, name.\""\n    },\n    {\n      \""name\"": \""search_value\"",\n      \""type\"": \""STRING\"",\n      \""description\"": \""The value we should search for. For example, if you set search_field to imdb_id, this would be the IMDB title/person ID, eg. tt0944947.\""\n    }\n  ],\n  \""optional_parameters\"": [\n    {\n      \""name\"": \""types\"",\n      \""type\"": \""STRING\"",\n      \""description\"": \""Pass one of the following values, or multiple comma separated values to only return certain types:\\ntv, movie, person.\""\n    }\n  ]\n}\n\n### Task\nExtract parameters from the user query below into a valid JSON object based on the tool definition above. Ensure all 'required_parameters' are present.\n\n### User Query\nI'm planning a vacation with my family and we want to watch some movies during the trip. Can you recommend some family-friendly movies and provide the streaming availability on platforms like Disney+ and Netflix? Also, suggest some snacks that go well with movie nights.\n\n### Output\nReturn ONLY the JSON object.""}]","{
  ""search_field"": """",
  ""search_value"": """"
}",True,"","{""extraneous_text_pct"": 0.0, ""cleaned_json_length"": 46, ""original_length"": 46}"
qwen-turbo,toolbench_user_only,"[{""role"": ""user"", ""content"": ""You are a helpful API calling assistant.\n\n### Tool Definition\n{\n  \""tool_name\"": \""Watchmode\"",\n  \""description\"": \""Search for titles or people using an external ID (IMDB, TheMovieDB.org), or by name. Returns an array of results objects, that can either be a title or a person. Useful for getting the Watchmode IDs for titles and people. For example, you can set the parameters to search_value=Breaking%20Bad and search_field=name to get all of the titles named \\\""Breaking bad\\\"", and then use the IDs returned in other endpoints such as /v1/title/\"",\n  \""required_parameters\"": [\n    {\n      \""name\"": \""search_field\"",\n      \""type\"": \""STRING\"",\n      \""description\"": \""The field for us to search in, either a 3rd party ID or \\\\\\\\\\\\\\\""name\\\\\\\\\\\\\\\"" which will search for a movie/show title or a person's name depending on the type(s) set. Must be one of the following options:\\nimdb_id, tmdb_person_id, tmdb_movie_id, tmdb_tv_id, name.\""\n    },\n    {\n      \""name\"": \""search_value\"",\n      \""type\"": \""STRING\"",\n      \""description\"": \""The value we should search for. For example, if you set search_field to imdb_id, this would be the IMDB title/person ID, eg. tt0944947.\""\n    }\n  ],\n  \""optional_parameters\"": [\n    {\n      \""name\"": \""types\"",\n      \""type\"": \""STRING\"",\n      \""description\"": \""Pass one of the following values, or multiple comma separated values to only return certain types:\\ntv, movie, person.\""\n    }\n  ]\n}\n\n### Task\nExtract parameters from the user query below into a valid JSON object based on the tool definition above. Ensure all 'required_parameters' are present.\n\n### User Query\nI'm planning a romantic date night with my partner and I want to watch a romantic movie. Can you suggest some romantic movies and provide the streaming availability on platforms like Netflix and Prime Video? Also, suggest some romantic dinner recipes.\n\n### Output\nReturn ONLY the JSON object.""}]","{
  ""search_field"": ""name"",
  ""search_value"": ""romantic movie""
}",True,"","{""extraneous_text_pct"": 0.0, ""cleaned_json_length"": 64, ""original_length"": 64}"
qwen-turbo,toolbench_user_only,"[{""role"": ""user"", ""content"": ""You are a helpful API calling assistant.\n\n### Tool Definition\n{\n  \""tool_name\"": \""Watchmode\"",\n  \""description\"": \""Search for titles or people using an external ID (IMDB, TheMovieDB.org), or by name. Returns an array of results objects, that can either be a title or a person. Useful for getting the Watchmode IDs for titles and people. For example, you can set the parameters to search_value=Breaking%20Bad and search_field=name to get all of the titles named \\\""Breaking bad\\\"", and then use the IDs returned in other endpoints such as /v1/title/\"",\n  \""required_parameters\"": [\n    {\n      \""name\"": \""search_field\"",\n      \""type\"": \""STRING\"",\n      \""description\"": \""The field for us to search in, either a 3rd party ID or \\\\\\\\\\\\\\\""name\\\\\\\\\\\\\\\"" which will search for a movie/show title or a person's name depending on the type(s) set. Must be one of the following options:\\nimdb_id, tmdb_person_id, tmdb_movie_id, tmdb_tv_id, name.\""\n    },\n    {\n      \""name\"": \""search_value\"",\n      \""type\"": \""STRING\"",\n      \""description\"": \""The value we should search for. For example, if you set search_field to imdb_id, this would be the IMDB title/person ID, eg. tt0944947.\""\n    }\n  ],\n  \""optional_parameters\"": [\n    {\n      \""name\"": \""types\"",\n      \""type\"": \""STRING\"",\n      \""description\"": \""Pass one of the following values, or multiple comma separated values to only return certain types:\\ntv, movie, person.\""\n    }\n  ]\n}\n\n### Task\nExtract parameters from the user query below into a valid JSON object based on the tool definition above. Ensure all 'required_parameters' are present.\n\n### User Query\nI'm planning a road trip with my family and we want to listen to some great music along the way. Can you recommend some popular songs and provide the streaming availability on platforms like Spotify and Apple Music? Also, suggest some snacks for the road trip.\n\n### Output\nReturn ONLY the JSON object.""}]","{
  ""search_field"": """",
  ""search_value"": """"
}",True,"","{""extraneous_text_pct"": 0.0, ""cleaned_json_length"": 46, ""original_length"": 46}"
qwen-turbo,toolbench_user_only,"[{""role"": ""user"", ""content"": ""You are a helpful API calling assistant.\n\n### Tool Definition\n{\n  \""tool_name\"": \""Watchmode\"",\n  \""description\"": \""Search for titles or people using an external ID (IMDB, TheMovieDB.org), or by name. Returns an array of results objects, that can either be a title or a person. Useful for getting the Watchmode IDs for titles and people. For example, you can set the parameters to search_value=Breaking%20Bad and search_field=name to get all of the titles named \\\""Breaking bad\\\"", and then use the IDs returned in other endpoints such as /v1/title/\"",\n  \""required_parameters\"": [\n    {\n      \""name\"": \""search_field\"",\n      \""type\"": \""STRING\"",\n      \""description\"": \""The field for us to search in, either a 3rd party ID or \\\\\\\\\\\\\\\""name\\\\\\\\\\\\\\\"" which will search for a movie/show title or a person's name depending on the type(s) set. Must be one of the following options:\\nimdb_id, tmdb_person_id, tmdb_movie_id, tmdb_tv_id, name.\""\n    },\n    {\n      \""name\"": \""search_value\"",\n      \""type\"": \""STRING\"",\n      \""description\"": \""The value we should search for. For example, if you set search_field to imdb_id, this would be the IMDB title/person ID, eg. tt0944947.\""\n    }\n  ],\n  \""optional_parameters\"": [\n    {\n      \""name\"": \""types\"",\n      \""type\"": \""STRING\"",\n      \""description\"": \""Pass one of the following values, or multiple comma separated values to only return certain types:\\ntv, movie, person.\""\n    }\n  ]\n}\n\n### Task\nExtract parameters from the user query below into a valid JSON object based on the tool definition above. Ensure all 'required_parameters' are present.\n\n### User Query\nI'm planning a hiking trip with my friends and we want to listen to some inspiring podcasts during the journey. Can you recommend some motivational podcasts and provide the streaming availability on platforms like Spotify and Apple Podcasts? Also, suggest some healthy snacks for the hike.\n\n### Output\nReturn ONLY the JSON object.""}]","{
  ""search_field"": """",
  ""search_value"": """"
}",True,"","{""extraneous_text_pct"": 0.0, ""cleaned_json_length"": 46, ""original_length"": 46}"
qwen-turbo,toolbench_system_plus_user,"[{""role"": ""system"", ""content"": ""You are a precise API argument extractor. You receive a Tool Definition and a User Query. You must output a valid JSON object containing the arguments based on the schema. Do not include markdown formatting.""}, {""role"": ""user"", ""content"": ""### Tool Definition\n{\n  \""tool_name\"": \""Vimeo\"",\n  \""description\"": \""Search for videos.\"",\n  \""required_parameters\"": [\n    {\n      \""name\"": \""format\"",\n      \""type\"": \""STRING\"",\n      \""description\"": \""json/xml/php\""\n    },\n    {\n      \""name\"": \""query\"",\n      \""type\"": \""STRING\"",\n      \""description\"": \""The search terms\""\n    }\n  ],\n  \""optional_parameters\"": [\n    {\n      \""name\"": \""user_id\"",\n      \""type\"": \""STRING\"",\n      \""description\"": \""The ID number or username of the user.\""\n    },\n    {\n      \""name\"": \""page\"",\n      \""type\"": \""NUMBER\"",\n      \""description\"": \""The page number to show.\""\n    },\n    {\n      \""name\"": \""per_page\"",\n      \""type\"": \""NUMBER\"",\n      \""description\"": \""Number of items to show on each page. Max 50.\""\n    },\n    {\n      \""name\"": \""summary_response\"",\n      \""type\"": \""BOOLEAN\"",\n      \""description\"": \""Set this parameter to get back more information.\""\n    },\n    {\n      \""name\"": \""full_response\"",\n      \""type\"": \""BOOLEAN\"",\n      \""description\"": \""Set this parameter to get back the full video information.\""\n    },\n    {\n      \""name\"": \""sort\"",\n      \""type\"": \""STRING\"",\n      \""description\"": \""Method to sort by: relevant, newest, oldest, most_played, most_commented, or most_liked.\""\n    }\n  ]\n}\n\n### User Query\nI'm organizing a film festival and I need assistance in finding the best films. Can you search for videos related to 'documentary' on Vimeo? Additionally, fetch the related people in the 'cinema' category to invite them as guest speakers. Finally, provide me with a streaming link for a YouTube video with the ID 'UxxajLWwzqY'.""}]","{
  ""format"": ""json"",
  ""query"": ""documentary""
}",True,"","{""extraneous_text_pct"": 0.0, ""cleaned_json_length"": 48, ""original_length"": 48}"
qwen-turbo,toolbench_system_plus_user,"[{""role"": ""system"", ""content"": ""You are a precise API argument extractor. You receive a Tool Definition and a User Query. You must output a valid JSON object containing the arguments based on the schema. Do not include markdown formatting.""}, {""role"": ""user"", ""content"": ""### Tool Definition\n{\n  \""tool_name\"": \""Vimeo\"",\n  \""description\"": \""Search for videos.\"",\n  \""required_parameters\"": [\n    {\n      \""name\"": \""format\"",\n      \""type\"": \""STRING\"",\n      \""description\"": \""json/xml/php\""\n    },\n    {\n      \""name\"": \""query\"",\n      \""type\"": \""STRING\"",\n      \""description\"": \""The search terms\""\n    }\n  ],\n  \""optional_parameters\"": [\n    {\n      \""name\"": \""user_id\"",\n      \""type\"": \""STRING\"",\n      \""description\"": \""The ID number or username of the user.\""\n    },\n    {\n      \""name\"": \""page\"",\n      \""type\"": \""NUMBER\"",\n      \""description\"": \""The page number to show.\""\n    },\n    {\n      \""name\"": \""per_page\"",\n      \""type\"": \""NUMBER\"",\n      \""description\"": \""Number of items to show on each page. Max 50.\""\n    },\n    {\n      \""name\"": \""summary_response\"",\n      \""type\"": \""BOOLEAN\"",\n      \""description\"": \""Set this parameter to get back more information.\""\n    },\n    {\n      \""name\"": \""full_response\"",\n      \""type\"": \""BOOLEAN\"",\n      \""description\"": \""Set this parameter to get back the full video information.\""\n    },\n    {\n      \""name\"": \""sort\"",\n      \""type\"": \""STRING\"",\n      \""description\"": \""Method to sort by: relevant, newest, oldest, most_played, most_commented, or most_liked.\""\n    }\n  ]\n}\n\n### User Query\nI'm a film enthusiast and I want to explore new genres. Can you search for videos related to 'horror' on Vimeo? Additionally, fetch the related people in the 'entertainment' category to discover new talents. Finally, provide me with a streaming link for a YouTube video with the ID 'UxxajLWwzqY'.""}]","{
  ""format"": ""json"",
  ""query"": ""horror""
}",True,"","{""extraneous_text_pct"": 0.0, ""cleaned_json_length"": 43, ""original_length"": 43}"
qwen-turbo,toolbench_system_plus_user,"[{""role"": ""system"", ""content"": ""You are a precise API argument extractor. You receive a Tool Definition and a User Query. You must output a valid JSON object containing the arguments based on the schema. Do not include markdown formatting.""}, {""role"": ""user"", ""content"": ""### Tool Definition\n{\n  \""tool_name\"": \""Vimeo\"",\n  \""description\"": \""Search for videos.\"",\n  \""required_parameters\"": [\n    {\n      \""name\"": \""format\"",\n      \""type\"": \""STRING\"",\n      \""description\"": \""json/xml/php\""\n    },\n    {\n      \""name\"": \""query\"",\n      \""type\"": \""STRING\"",\n      \""description\"": \""The search terms\""\n    }\n  ],\n  \""optional_parameters\"": [\n    {\n      \""name\"": \""user_id\"",\n      \""type\"": \""STRING\"",\n      \""description\"": \""The ID number or username of the user.\""\n    },\n    {\n      \""name\"": \""page\"",\n      \""type\"": \""NUMBER\"",\n      \""description\"": \""The page number to show.\""\n    },\n    {\n      \""name\"": \""per_page\"",\n      \""type\"": \""NUMBER\"",\n      \""description\"": \""Number of items to show on each page. Max 50.\""\n    },\n    {\n      \""name\"": \""summary_response\"",\n      \""type\"": \""BOOLEAN\"",\n      \""description\"": \""Set this parameter to get back more information.\""\n    },\n    {\n      \""name\"": \""full_response\"",\n      \""type\"": \""BOOLEAN\"",\n      \""description\"": \""Set this parameter to get back the full video information.\""\n    },\n    {\n      \""name\"": \""sort\"",\n      \""type\"": \""STRING\"",\n      \""description\"": \""Method to sort by: relevant, newest, oldest, most_played, most_commented, or most_liked.\""\n    }\n  ]\n}\n\n### User Query\nI'm hosting a virtual movie night with my friends and I need some suggestions. Can you search for videos related to 'action' on Vimeo? Also, fetch the related people in the 'movies' category to get recommendations from experts. Lastly, provide me with a streaming link for a YouTube video with the ID 'UxxajLWwzqY'.""}]","{
  ""format"": ""json"",
  ""query"": ""action""
}",True,"","{""extraneous_text_pct"": 0.0, ""cleaned_json_length"": 43, ""original_length"": 43}"
qwen-turbo,toolbench_system_plus_user,"[{""role"": ""system"", ""content"": ""You are a precise API argument extractor. You receive a Tool Definition and a User Query. You must output a valid JSON object containing the arguments based on the schema. Do not include markdown formatting.""}, {""role"": ""user"", ""content"": ""### Tool Definition\n{\n  \""tool_name\"": \""Vimeo\"",\n  \""description\"": \""Search for videos.\"",\n  \""required_parameters\"": [\n    {\n      \""name\"": \""format\"",\n      \""type\"": \""STRING\"",\n      \""description\"": \""json/xml/php\""\n    },\n    {\n      \""name\"": \""query\"",\n      \""type\"": \""STRING\"",\n      \""description\"": \""The search terms\""\n    }\n  ],\n  \""optional_parameters\"": [\n    {\n      \""name\"": \""user_id\"",\n      \""type\"": \""STRING\"",\n      \""description\"": \""The ID number or username of the user.\""\n    },\n    {\n      \""name\"": \""page\"",\n      \""type\"": \""NUMBER\"",\n      \""description\"": \""The page number to show.\""\n    },\n    {\n      \""name\"": \""per_page\"",\n      \""type\"": \""NUMBER\"",\n      \""description\"": \""Number of items to show on each page. Max 50.\""\n    },\n    {\n      \""name\"": \""summary_response\"",\n      \""type\"": \""BOOLEAN\"",\n      \""description\"": \""Set this parameter to get back more information.\""\n    },\n    {\n      \""name\"": \""full_response\"",\n      \""type\"": \""BOOLEAN\"",\n      \""description\"": \""Set this parameter to get back the full video information.\""\n    },\n    {\n      \""name\"": \""sort\"",\n      \""type\"": \""STRING\"",\n      \""description\"": \""Method to sort by: relevant, newest, oldest, most_played, most_commented, or most_liked.\""\n    }\n  ]\n}\n\n### User Query\nI'm planning a family movie marathon and I need a variety of films. Can you search for videos related to 'animation' on Vimeo? Also, fetch the related people in the 'animation' category to get insights from professionals. Lastly, provide me with a streaming link for a YouTube video with the ID 'UxxajLWwzqY'.""}]","{
  ""format"": ""json"",
  ""query"": ""animation""
}",True,"","{""extraneous_text_pct"": 0.0, ""cleaned_json_length"": 46, ""original_length"": 46}"
qwen-turbo,toolbench_system_plus_user,"[{""role"": ""system"", ""content"": ""You are a precise API argument extractor. You receive a Tool Definition and a User Query. You must output a valid JSON object containing the arguments based on the schema. Do not include markdown formatting.""}, {""role"": ""user"", ""content"": ""### Tool Definition\n{\n  \""tool_name\"": \""Vimeo\"",\n  \""description\"": \""Search for videos.\"",\n  \""required_parameters\"": [\n    {\n      \""name\"": \""format\"",\n      \""type\"": \""STRING\"",\n      \""description\"": \""json/xml/php\""\n    },\n    {\n      \""name\"": \""query\"",\n      \""type\"": \""STRING\"",\n      \""description\"": \""The search terms\""\n    }\n  ],\n  \""optional_parameters\"": [\n    {\n      \""name\"": \""user_id\"",\n      \""type\"": \""STRING\"",\n      \""description\"": \""The ID number or username of the user.\""\n    },\n    {\n      \""name\"": \""page\"",\n      \""type\"": \""NUMBER\"",\n      \""description\"": \""The page number to show.\""\n    },\n    {\n      \""name\"": \""per_page\"",\n      \""type\"": \""NUMBER\"",\n      \""description\"": \""Number of items to show on each page. Max 50.\""\n    },\n    {\n      \""name\"": \""summary_response\"",\n      \""type\"": \""BOOLEAN\"",\n      \""description\"": \""Set this parameter to get back more information.\""\n    },\n    {\n      \""name\"": \""full_response\"",\n      \""type\"": \""BOOLEAN\"",\n      \""description\"": \""Set this parameter to get back the full video information.\""\n    },\n    {\n      \""name\"": \""sort\"",\n      \""type\"": \""STRING\"",\n      \""description\"": \""Method to sort by: relevant, newest, oldest, most_played, most_commented, or most_liked.\""\n    }\n  ]\n}\n\n### User Query\nI'm organizing a film festival and I'm looking for award-winning films. Can you search for videos related to 'award-winning' on Vimeo? Additionally, fetch the related people in the 'film festival' category to invite them as judges. Finally, provide me with a streaming link for a YouTube video with the ID 'UxxajLWwzqY'.""}]","{
  ""format"": ""json"",
  ""query"": ""award-winning""
}",True,"","{""extraneous_text_pct"": 0.0, ""cleaned_json_length"": 50, ""original_length"": 50}"
qwen-turbo,toolbench_system_plus_user,"[{""role"": ""system"", ""content"": ""You are a precise API argument extractor. You receive a Tool Definition and a User Query. You must output a valid JSON object containing the arguments based on the schema. Do not include markdown formatting.""}, {""role"": ""user"", ""content"": ""### Tool Definition\n{\n  \""tool_name\"": \""Vimeo\"",\n  \""description\"": \""\"",\n  \""required_parameters\"": [\n    {\n      \""name\"": \""category\"",\n      \""type\"": \""STRING\"",\n      \""description\"": \""The name of the category.\""\n    },\n    {\n      \""name\"": \""format\"",\n      \""type\"": \""STRING\"",\n      \""description\"": \""json or xml or php\""\n    }\n  ],\n  \""optional_parameters\"": [\n    {\n      \""name\"": \""page\"",\n      \""type\"": \""NUMBER\"",\n      \""description\"": \""The page number to show.\""\n    },\n    {\n      \""name\"": \""per_page\"",\n      \""type\"": \""NUMBER\"",\n      \""description\"": \""Number of items to show on each page. Max 50.\""\n    },\n    {\n      \""name\"": \""summary_response\"",\n      \""type\"": \""BOOLEAN\"",\n      \""description\"": \""Set this parameter to get back more information.\""\n    },\n    {\n      \""name\"": \""full_response\"",\n      \""type\"": \""BOOLEAN\"",\n      \""description\"": \""Set this parameter to get back the full video information.\""\n    }\n  ]\n}\n\n### User Query\nI'm a film student and I'm working on a documentary about climate change. Can you assist me in finding videos related to 'Climate Change' on Vimeo? Additionally, provide me with information on how to download and stream these videos using the YTStream - Download YouTube Videos tool.""}]","{
  ""category"": ""Climate Change"",
  ""format"": ""json""
}",True,"","{""extraneous_text_pct"": 0.0, ""cleaned_json_length"": 54, ""original_length"": 54}"
qwen-turbo,toolbench_system_plus_user,"[{""role"": ""system"", ""content"": ""You are a precise API argument extractor. You receive a Tool Definition and a User Query. You must output a valid JSON object containing the arguments based on the schema. Do not include markdown formatting.""}, {""role"": ""user"", ""content"": ""### Tool Definition\n{\n  \""tool_name\"": \""Vimeo\"",\n  \""description\"": \""\"",\n  \""required_parameters\"": [\n    {\n      \""name\"": \""category\"",\n      \""type\"": \""STRING\"",\n      \""description\"": \""The name of the category.\""\n    },\n    {\n      \""name\"": \""format\"",\n      \""type\"": \""STRING\"",\n      \""description\"": \""json or xml or php\""\n    }\n  ],\n  \""optional_parameters\"": [\n    {\n      \""name\"": \""page\"",\n      \""type\"": \""NUMBER\"",\n      \""description\"": \""The page number to show.\""\n    },\n    {\n      \""name\"": \""per_page\"",\n      \""type\"": \""NUMBER\"",\n      \""description\"": \""Number of items to show on each page. Max 50.\""\n    },\n    {\n      \""name\"": \""summary_response\"",\n      \""type\"": \""BOOLEAN\"",\n      \""description\"": \""Set this parameter to get back more information.\""\n    },\n    {\n      \""name\"": \""full_response\"",\n      \""type\"": \""BOOLEAN\"",\n      \""description\"": \""Set this parameter to get back the full video information.\""\n    }\n  ]\n}\n\n### User Query\nI'm planning a surprise birthday party for my sister and I want to create a slideshow with her childhood photos. Can you suggest some videos from the 'Family' category on Vimeo? Also, provide me with information on how to download and stream these videos using the YTStream - Download YouTube Videos tool.""}]","{
  ""category"": ""Family"",
  ""format"": ""json""
}",True,"","{""extraneous_text_pct"": 0.0, ""cleaned_json_length"": 46, ""original_length"": 46}"
qwen-turbo,toolbench_system_plus_user,"[{""role"": ""system"", ""content"": ""You are a precise API argument extractor. You receive a Tool Definition and a User Query. You must output a valid JSON object containing the arguments based on the schema. Do not include markdown formatting.""}, {""role"": ""user"", ""content"": ""### Tool Definition\n{\n  \""tool_name\"": \""Vimeo\"",\n  \""description\"": \""\"",\n  \""required_parameters\"": [\n    {\n      \""name\"": \""category\"",\n      \""type\"": \""STRING\"",\n      \""description\"": \""The name of the category.\""\n    },\n    {\n      \""name\"": \""format\"",\n      \""type\"": \""STRING\"",\n      \""description\"": \""json or xml or php\""\n    }\n  ],\n  \""optional_parameters\"": [\n    {\n      \""name\"": \""page\"",\n      \""type\"": \""NUMBER\"",\n      \""description\"": \""The page number to show.\""\n    },\n    {\n      \""name\"": \""per_page\"",\n      \""type\"": \""NUMBER\"",\n      \""description\"": \""Number of items to show on each page. Max 50.\""\n    },\n    {\n      \""name\"": \""summary_response\"",\n      \""type\"": \""BOOLEAN\"",\n      \""description\"": \""Set this parameter to get back more information.\""\n    },\n    {\n      \""name\"": \""full_response\"",\n      \""type\"": \""BOOLEAN\"",\n      \""description\"": \""Set this parameter to get back the full video information.\""\n    }\n  ]\n}\n\n### User Query\nI'm planning a road trip with my family and we want to document our journey. Can you suggest some popular videos from the 'Travel' category on Vimeo? Also, provide us with information on how to download and stream these videos using the YTStream - Download YouTube Videos tool.""}]","{
  ""category"": ""Travel"",
  ""format"": ""json""
}",True,"","{""extraneous_text_pct"": 0.0, ""cleaned_json_length"": 46, ""original_length"": 46}"
qwen-turbo,toolbench_system_plus_user,"[{""role"": ""system"", ""content"": ""You are a precise API argument extractor. You receive a Tool Definition and a User Query. You must output a valid JSON object containing the arguments based on the schema. Do not include markdown formatting.""}, {""role"": ""user"", ""content"": ""### Tool Definition\n{\n  \""tool_name\"": \""Vimeo\"",\n  \""description\"": \""\"",\n  \""required_parameters\"": [\n    {\n      \""name\"": \""category\"",\n      \""type\"": \""STRING\"",\n      \""description\"": \""The name of the category.\""\n    },\n    {\n      \""name\"": \""format\"",\n      \""type\"": \""STRING\"",\n      \""description\"": \""json or xml or php\""\n    }\n  ],\n  \""optional_parameters\"": [\n    {\n      \""name\"": \""page\"",\n      \""type\"": \""NUMBER\"",\n      \""description\"": \""The page number to show.\""\n    },\n    {\n      \""name\"": \""per_page\"",\n      \""type\"": \""NUMBER\"",\n      \""description\"": \""Number of items to show on each page. Max 50.\""\n    },\n    {\n      \""name\"": \""summary_response\"",\n      \""type\"": \""BOOLEAN\"",\n      \""description\"": \""Set this parameter to get back more information.\""\n    },\n    {\n      \""name\"": \""full_response\"",\n      \""type\"": \""BOOLEAN\"",\n      \""description\"": \""Set this parameter to get back the full video information.\""\n    }\n  ]\n}\n\n### User Query\nI'm a fitness enthusiast and I'm looking for workout videos to follow at home. Can you help me find videos from the 'Fitness' category on Vimeo? Additionally, provide me with information on how to download and stream these videos using the YTStream - Download YouTube Videos tool.""}]","{
  ""category"": ""Fitness"",
  ""format"": ""json""
}",True,"","{""extraneous_text_pct"": 0.0, ""cleaned_json_length"": 47, ""original_length"": 47}"
qwen-turbo,toolbench_system_plus_user,"[{""role"": ""system"", ""content"": ""You are a precise API argument extractor. You receive a Tool Definition and a User Query. You must output a valid JSON object containing the arguments based on the schema. Do not include markdown formatting.""}, {""role"": ""user"", ""content"": ""### Tool Definition\n{\n  \""tool_name\"": \""Vimeo\"",\n  \""description\"": \""\"",\n  \""required_parameters\"": [\n    {\n      \""name\"": \""category\"",\n      \""type\"": \""STRING\"",\n      \""description\"": \""The name of the category.\""\n    },\n    {\n      \""name\"": \""format\"",\n      \""type\"": \""STRING\"",\n      \""description\"": \""json or xml or php\""\n    }\n  ],\n  \""optional_parameters\"": [\n    {\n      \""name\"": \""page\"",\n      \""type\"": \""NUMBER\"",\n      \""description\"": \""The page number to show.\""\n    },\n    {\n      \""name\"": \""per_page\"",\n      \""type\"": \""NUMBER\"",\n      \""description\"": \""Number of items to show on each page. Max 50.\""\n    },\n    {\n      \""name\"": \""summary_response\"",\n      \""type\"": \""BOOLEAN\"",\n      \""description\"": \""Set this parameter to get back more information.\""\n    },\n    {\n      \""name\"": \""full_response\"",\n      \""type\"": \""BOOLEAN\"",\n      \""description\"": \""Set this parameter to get back the full video information.\""\n    }\n  ]\n}\n\n### User Query\nI'm a music producer and I'm looking for music videos to get inspiration for my next project. Can you help me find videos from the 'Music' category on Vimeo? Additionally, provide me with information on how to download and stream these videos using the YTStream - Download YouTube Videos tool.""}]","{
  ""category"": ""Music"",
  ""format"": ""json""
}",True,"","{""extraneous_text_pct"": 0.0, ""cleaned_json_length"": 45, ""original_length"": 45}"
qwen-turbo,toolbench_system_plus_user,"[{""role"": ""system"", ""content"": ""You are a precise API argument extractor. You receive a Tool Definition and a User Query. You must output a valid JSON object containing the arguments based on the schema. Do not include markdown formatting.""}, {""role"": ""user"", ""content"": ""### Tool Definition\n{\n  \""tool_name\"": \""Vimeo\"",\n  \""description\"": \""\"",\n  \""required_parameters\"": [\n    {\n      \""name\"": \""category\"",\n      \""type\"": \""STRING\"",\n      \""description\"": \""The name of the category.\""\n    },\n    {\n      \""name\"": \""format\"",\n      \""type\"": \""STRING\"",\n      \""description\"": \""json or xml or php\""\n    }\n  ],\n  \""optional_parameters\"": [\n    {\n      \""name\"": \""page\"",\n      \""type\"": \""NUMBER\"",\n      \""description\"": \""The page number to show.\""\n    },\n    {\n      \""name\"": \""per_page\"",\n      \""type\"": \""NUMBER\"",\n      \""description\"": \""Number of items to show on each page. Max 50.\""\n    },\n    {\n      \""name\"": \""summary_response\"",\n      \""type\"": \""BOOLEAN\"",\n      \""description\"": \""Set this parameter to get back more information.\""\n    },\n    {\n      \""name\"": \""full_response\"",\n      \""type\"": \""BOOLEAN\"",\n      \""description\"": \""Set this parameter to get back the full video information.\""\n    }\n  ]\n}\n\n### User Query\nI'm planning a romantic date night with my partner and I want to watch some romantic videos. Can you suggest some videos from the 'Romance' category on Vimeo? Also, provide me with information on how to download and stream these videos using the YTStream - Download YouTube Videos tool.""}]","{
  ""category"": ""Romance"",
  ""format"": ""json""
}",True,"","{""extraneous_text_pct"": 0.0, ""cleaned_json_length"": 47, ""original_length"": 47}"
qwen-turbo,toolbench_system_plus_user,"[{""role"": ""system"", ""content"": ""You are a precise API argument extractor. You receive a Tool Definition and a User Query. You must output a valid JSON object containing the arguments based on the schema. Do not include markdown formatting.""}, {""role"": ""user"", ""content"": ""### Tool Definition\n{\n  \""tool_name\"": \""Streaming Availability\"",\n  \""description\"": \""Search movies and series by title. Maximum amount of items returned are 20, unless there are more than 20 shows with the exact given title input. In that case all the items have 100% match with the title will be returned.\\n\\nNo pagination is supported.\"",\n  \""required_parameters\"": [\n    {\n      \""name\"": \""title\"",\n      \""type\"": \""STRING\"",\n      \""description\"": \""Title to search for.\""\n    },\n    {\n      \""name\"": \""country\"",\n      \""type\"": \""STRING\"",\n      \""description\"": \""Regardless of this value, the given title is searched across all the platforms and all the countries. This parameter determines according to which country the streamingInfo field will be populated. Thus even if a show is not available in this country, It will be included in the results if it resembles with the given title, but the streaming information will not be available.\""\n    }\n  ],\n  \""optional_parameters\"": [\n    {\n      \""name\"": \""show_type\"",\n      \""type\"": \""STRING\"",\n      \""description\"": \""Type of shows to include in the results. Either `movie`, `series` or `all`. Default is `all`.\""\n    },\n    {\n      \""name\"": \""output_language\"",\n      \""type\"": \""STRING\"",\n      \""description\"": \""2 letter iso code of the output language. Default is `en`. See the about page to see the list of languages supported.\""\n    }\n  ]\n}\n\n### User Query\nI'm hosting a company movie night and we want to watch a sci-fi movie. Can you suggest a popular sci-fi movie available for streaming in the US? Also, provide the streaming sources for the movie 'Inception'.""}]","{
  ""title"": ""Inception"",
  ""country"": ""US""
}",True,"","{""extraneous_text_pct"": 0.0, ""cleaned_json_length"": 45, ""original_length"": 45}"
qwen-turbo,toolbench_system_plus_user,"[{""role"": ""system"", ""content"": ""You are a precise API argument extractor. You receive a Tool Definition and a User Query. You must output a valid JSON object containing the arguments based on the schema. Do not include markdown formatting.""}, {""role"": ""user"", ""content"": ""### Tool Definition\n{\n  \""tool_name\"": \""Streaming Availability\"",\n  \""description\"": \""Search movies and series by title. Maximum amount of items returned are 20, unless there are more than 20 shows with the exact given title input. In that case all the items have 100% match with the title will be returned.\\n\\nNo pagination is supported.\"",\n  \""required_parameters\"": [\n    {\n      \""name\"": \""title\"",\n      \""type\"": \""STRING\"",\n      \""description\"": \""Title to search for.\""\n    },\n    {\n      \""name\"": \""country\"",\n      \""type\"": \""STRING\"",\n      \""description\"": \""Regardless of this value, the given title is searched across all the platforms and all the countries. This parameter determines according to which country the streamingInfo field will be populated. Thus even if a show is not available in this country, It will be included in the results if it resembles with the given title, but the streaming information will not be available.\""\n    }\n  ],\n  \""optional_parameters\"": [\n    {\n      \""name\"": \""show_type\"",\n      \""type\"": \""STRING\"",\n      \""description\"": \""Type of shows to include in the results. Either `movie`, `series` or `all`. Default is `all`.\""\n    },\n    {\n      \""name\"": \""output_language\"",\n      \""type\"": \""STRING\"",\n      \""description\"": \""2 letter iso code of the output language. Default is `en`. See the about page to see the list of languages supported.\""\n    }\n  ]\n}\n\n### User Query\nI want to watch a classic movie with my family. Can you suggest a popular classic movie available for streaming in the US? Also, provide the streaming sources for the movie 'Casablanca'.""}]","{
  ""title"": ""Casablanca"",
  ""country"": ""US""
}",True,"","{""extraneous_text_pct"": 0.0, ""cleaned_json_length"": 46, ""original_length"": 46}"
qwen-turbo,toolbench_system_plus_user,"[{""role"": ""system"", ""content"": ""You are a precise API argument extractor. You receive a Tool Definition and a User Query. You must output a valid JSON object containing the arguments based on the schema. Do not include markdown formatting.""}, {""role"": ""user"", ""content"": ""### Tool Definition\n{\n  \""tool_name\"": \""Streaming Availability\"",\n  \""description\"": \""Search movies and series by title. Maximum amount of items returned are 20, unless there are more than 20 shows with the exact given title input. In that case all the items have 100% match with the title will be returned.\\n\\nNo pagination is supported.\"",\n  \""required_parameters\"": [\n    {\n      \""name\"": \""title\"",\n      \""type\"": \""STRING\"",\n      \""description\"": \""Title to search for.\""\n    },\n    {\n      \""name\"": \""country\"",\n      \""type\"": \""STRING\"",\n      \""description\"": \""Regardless of this value, the given title is searched across all the platforms and all the countries. This parameter determines according to which country the streamingInfo field will be populated. Thus even if a show is not available in this country, It will be included in the results if it resembles with the given title, but the streaming information will not be available.\""\n    }\n  ],\n  \""optional_parameters\"": [\n    {\n      \""name\"": \""show_type\"",\n      \""type\"": \""STRING\"",\n      \""description\"": \""Type of shows to include in the results. Either `movie`, `series` or `all`. Default is `all`.\""\n    },\n    {\n      \""name\"": \""output_language\"",\n      \""type\"": \""STRING\"",\n      \""description\"": \""2 letter iso code of the output language. Default is `en`. See the about page to see the list of languages supported.\""\n    }\n  ]\n}\n\n### User Query\nI want to watch a documentary about nature. Can you suggest a popular nature documentary available for streaming in the US? Also, provide the streaming sources for the documentary 'Planet Earth'.""}]","{
  ""title"": ""Planet Earth"",
  ""country"": ""US""
}",True,"","{""extraneous_text_pct"": 0.0, ""cleaned_json_length"": 48, ""original_length"": 48}"
qwen-turbo,toolbench_system_plus_user,"[{""role"": ""system"", ""content"": ""You are a precise API argument extractor. You receive a Tool Definition and a User Query. You must output a valid JSON object containing the arguments based on the schema. Do not include markdown formatting.""}, {""role"": ""user"", ""content"": ""### Tool Definition\n{\n  \""tool_name\"": \""Watchmode\"",\n  \""description\"": \""Search for titles/and or people by name or a partial name. Useful for building an autocomplete search of titles and/or people. The results include the field result_type to indicate which type of result it is (title or person). For titles, the movie poster will be returned in image_url, for a person a headshot will be returned in image_url.\"",\n  \""required_parameters\"": [\n    {\n      \""name\"": \""search_value\"",\n      \""type\"": \""STRING\"",\n      \""description\"": \""The phrase to search for, can be a full title or person name, or a partial phrase. For example searching for \\\\\\\""The sha\\\\\\\"" will find the movie \\\\\\\""The Shawshank Redemption\\\\\\\"".\""\n    }\n  ],\n  \""optional_parameters\"": [\n    {\n      \""name\"": \""search_type\"",\n      \""type\"": \""NUMBER\"",\n      \""description\"": \""Set this to 1 to include titles and people in results. Set this to 2 to include titles only. Set this to 3 to include movies only. Set this to 4 to include TV only. Set this to 5 to include people only. By default this is set to 1.\""\n    }\n  ]\n}\n\n### User Query\nI'm planning a weekend getaway with my family and we want to watch some movies during our trip. Can you recommend some popular movies that are available for streaming in Australia? Also, provide us with the streaming sources where we can watch these movies.""}]","{
  ""search_value"": ""popular movies available for streaming in Australia""
}",True,"","{""extraneous_text_pct"": 0.0, ""cleaned_json_length"": 75, ""original_length"": 75}"
qwen-turbo,toolbench_system_plus_user,"[{""role"": ""system"", ""content"": ""You are a precise API argument extractor. You receive a Tool Definition and a User Query. You must output a valid JSON object containing the arguments based on the schema. Do not include markdown formatting.""}, {""role"": ""user"", ""content"": ""### Tool Definition\n{\n  \""tool_name\"": \""Watchmode\"",\n  \""description\"": \""Search for titles/and or people by name or a partial name. Useful for building an autocomplete search of titles and/or people. The results include the field result_type to indicate which type of result it is (title or person). For titles, the movie poster will be returned in image_url, for a person a headshot will be returned in image_url.\"",\n  \""required_parameters\"": [\n    {\n      \""name\"": \""search_value\"",\n      \""type\"": \""STRING\"",\n      \""description\"": \""The phrase to search for, can be a full title or person name, or a partial phrase. For example searching for \\\\\\\""The sha\\\\\\\"" will find the movie \\\\\\\""The Shawshank Redemption\\\\\\\"".\""\n    }\n  ],\n  \""optional_parameters\"": [\n    {\n      \""name\"": \""search_type\"",\n      \""type\"": \""NUMBER\"",\n      \""description\"": \""Set this to 1 to include titles and people in results. Set this to 2 to include titles only. Set this to 3 to include movies only. Set this to 4 to include TV only. Set this to 5 to include people only. By default this is set to 1.\""\n    }\n  ]\n}\n\n### User Query\nI'm organizing a movie night for my company's employees and I need some suggestions for inspirational movies. Can you recommend some popular inspirational movies that are available for streaming in the US? Also, provide me with the streaming sources where I can watch these movies.""}]","{
  ""search_value"": ""inspirational""
}",True,"","{""extraneous_text_pct"": 0.0, ""cleaned_json_length"": 37, ""original_length"": 37}"
qwen-turbo,toolbench_system_plus_user,"[{""role"": ""system"", ""content"": ""You are a precise API argument extractor. You receive a Tool Definition and a User Query. You must output a valid JSON object containing the arguments based on the schema. Do not include markdown formatting.""}, {""role"": ""user"", ""content"": ""### Tool Definition\n{\n  \""tool_name\"": \""Watchmode\"",\n  \""description\"": \""Search for titles/and or people by name or a partial name. Useful for building an autocomplete search of titles and/or people. The results include the field result_type to indicate which type of result it is (title or person). For titles, the movie poster will be returned in image_url, for a person a headshot will be returned in image_url.\"",\n  \""required_parameters\"": [\n    {\n      \""name\"": \""search_value\"",\n      \""type\"": \""STRING\"",\n      \""description\"": \""The phrase to search for, can be a full title or person name, or a partial phrase. For example searching for \\\\\\\""The sha\\\\\\\"" will find the movie \\\\\\\""The Shawshank Redemption\\\\\\\"".\""\n    }\n  ],\n  \""optional_parameters\"": [\n    {\n      \""name\"": \""search_type\"",\n      \""type\"": \""NUMBER\"",\n      \""description\"": \""Set this to 1 to include titles and people in results. Set this to 2 to include titles only. Set this to 3 to include movies only. Set this to 4 to include TV only. Set this to 5 to include people only. By default this is set to 1.\""\n    }\n  ]\n}\n\n### User Query\nI'm hosting a movie-themed party for my friends and I need some ideas for classic movies to watch. Can you recommend some popular classic movies that are available for streaming in the US? Also, provide me with the streaming sources where I can watch these movies.""}]","{
  ""search_value"": ""classic movies"",
  ""search_type"": 2
}",True,"","{""extraneous_text_pct"": 0.0, ""cleaned_json_length"": 58, ""original_length"": 58}"
qwen-turbo,toolbench_system_plus_user,"[{""role"": ""system"", ""content"": ""You are a precise API argument extractor. You receive a Tool Definition and a User Query. You must output a valid JSON object containing the arguments based on the schema. Do not include markdown formatting.""}, {""role"": ""user"", ""content"": ""### Tool Definition\n{\n  \""tool_name\"": \""Vimeo\"",\n  \""description\"": \""Search for videos.\"",\n  \""required_parameters\"": [\n    {\n      \""name\"": \""format\"",\n      \""type\"": \""STRING\"",\n      \""description\"": \""json/xml/php\""\n    },\n    {\n      \""name\"": \""query\"",\n      \""type\"": \""STRING\"",\n      \""description\"": \""The search terms\""\n    }\n  ],\n  \""optional_parameters\"": [\n    {\n      \""name\"": \""user_id\"",\n      \""type\"": \""STRING\"",\n      \""description\"": \""The ID number or username of the user.\""\n    },\n    {\n      \""name\"": \""page\"",\n      \""type\"": \""NUMBER\"",\n      \""description\"": \""The page number to show.\""\n    },\n    {\n      \""name\"": \""per_page\"",\n      \""type\"": \""NUMBER\"",\n      \""description\"": \""Number of items to show on each page. Max 50.\""\n    },\n    {\n      \""name\"": \""summary_response\"",\n      \""type\"": \""BOOLEAN\"",\n      \""description\"": \""Set this parameter to get back more information.\""\n    },\n    {\n      \""name\"": \""full_response\"",\n      \""type\"": \""BOOLEAN\"",\n      \""description\"": \""Set this parameter to get back the full video information.\""\n    },\n    {\n      \""name\"": \""sort\"",\n      \""type\"": \""STRING\"",\n      \""description\"": \""Method to sort by: relevant, newest, oldest, most_played, most_commented, or most_liked.\""\n    }\n  ]\n}\n\n### User Query\nI'm organizing a virtual conference and I need to find some high-quality videos to include in the presentations. Can you help me search for relevant videos on Vimeo? Once I find the videos, I would like to download them for offline viewing. Please provide me with the download links for these videos. Thank you!""}]","{
  ""format"": ""json"",
  ""query"": ""high-quality videos""
}",True,"","{""extraneous_text_pct"": 0.0, ""cleaned_json_length"": 56, ""original_length"": 56}"
qwen-turbo,toolbench_system_plus_user,"[{""role"": ""system"", ""content"": ""You are a precise API argument extractor. You receive a Tool Definition and a User Query. You must output a valid JSON object containing the arguments based on the schema. Do not include markdown formatting.""}, {""role"": ""user"", ""content"": ""### Tool Definition\n{\n  \""tool_name\"": \""Vimeo\"",\n  \""description\"": \""Search for videos.\"",\n  \""required_parameters\"": [\n    {\n      \""name\"": \""format\"",\n      \""type\"": \""STRING\"",\n      \""description\"": \""json/xml/php\""\n    },\n    {\n      \""name\"": \""query\"",\n      \""type\"": \""STRING\"",\n      \""description\"": \""The search terms\""\n    }\n  ],\n  \""optional_parameters\"": [\n    {\n      \""name\"": \""user_id\"",\n      \""type\"": \""STRING\"",\n      \""description\"": \""The ID number or username of the user.\""\n    },\n    {\n      \""name\"": \""page\"",\n      \""type\"": \""NUMBER\"",\n      \""description\"": \""The page number to show.\""\n    },\n    {\n      \""name\"": \""per_page\"",\n      \""type\"": \""NUMBER\"",\n      \""description\"": \""Number of items to show on each page. Max 50.\""\n    },\n    {\n      \""name\"": \""summary_response\"",\n      \""type\"": \""BOOLEAN\"",\n      \""description\"": \""Set this parameter to get back more information.\""\n    },\n    {\n      \""name\"": \""full_response\"",\n      \""type\"": \""BOOLEAN\"",\n      \""description\"": \""Set this parameter to get back the full video information.\""\n    },\n    {\n      \""name\"": \""sort\"",\n      \""type\"": \""STRING\"",\n      \""description\"": \""Method to sort by: relevant, newest, oldest, most_played, most_commented, or most_liked.\""\n    }\n  ]\n}\n\n### User Query\nI'm planning a virtual art exhibition and I need some videos to showcase the artists' works. Can you help me search for videos on Vimeo that feature different art forms like painting, sculpture, and photography? Once I find the videos, I would like to download them for offline viewing. Please provide me with the download links for these videos. Thank you!""}]","{
  ""format"": ""json"",
  ""query"": ""different art forms like painting, sculpture, and photography""
}",True,"","{""extraneous_text_pct"": 0.0, ""cleaned_json_length"": 98, ""original_length"": 98}"
qwen-turbo,toolbench_system_plus_user,"[{""role"": ""system"", ""content"": ""You are a precise API argument extractor. You receive a Tool Definition and a User Query. You must output a valid JSON object containing the arguments based on the schema. Do not include markdown formatting.""}, {""role"": ""user"", ""content"": ""### Tool Definition\n{\n  \""tool_name\"": \""Vimeo\"",\n  \""description\"": \""Search for videos.\"",\n  \""required_parameters\"": [\n    {\n      \""name\"": \""format\"",\n      \""type\"": \""STRING\"",\n      \""description\"": \""json/xml/php\""\n    },\n    {\n      \""name\"": \""query\"",\n      \""type\"": \""STRING\"",\n      \""description\"": \""The search terms\""\n    }\n  ],\n  \""optional_parameters\"": [\n    {\n      \""name\"": \""user_id\"",\n      \""type\"": \""STRING\"",\n      \""description\"": \""The ID number or username of the user.\""\n    },\n    {\n      \""name\"": \""page\"",\n      \""type\"": \""NUMBER\"",\n      \""description\"": \""The page number to show.\""\n    },\n    {\n      \""name\"": \""per_page\"",\n      \""type\"": \""NUMBER\"",\n      \""description\"": \""Number of items to show on each page. Max 50.\""\n    },\n    {\n      \""name\"": \""summary_response\"",\n      \""type\"": \""BOOLEAN\"",\n      \""description\"": \""Set this parameter to get back more information.\""\n    },\n    {\n      \""name\"": \""full_response\"",\n      \""type\"": \""BOOLEAN\"",\n      \""description\"": \""Set this parameter to get back the full video information.\""\n    },\n    {\n      \""name\"": \""sort\"",\n      \""type\"": \""STRING\"",\n      \""description\"": \""Method to sort by: relevant, newest, oldest, most_played, most_commented, or most_liked.\""\n    }\n  ]\n}\n\n### User Query\nI'm organizing a charity event and I want to create a promotional video to raise awareness. Can you assist me in finding videos from Vimeo that highlight successful charity campaigns? Once I find the videos, I would like to download them for reference. Please provide me with the download links for these videos. Your help is greatly appreciated!""}]","{
  ""format"": ""json"",
  ""query"": ""successful charity campaigns""
}",True,"","{""extraneous_text_pct"": 0.0, ""cleaned_json_length"": 65, ""original_length"": 65}"
qwen-turbo,toolbench_system_plus_user,"[{""role"": ""system"", ""content"": ""You are a precise API argument extractor. You receive a Tool Definition and a User Query. You must output a valid JSON object containing the arguments based on the schema. Do not include markdown formatting.""}, {""role"": ""user"", ""content"": ""### Tool Definition\n{\n  \""tool_name\"": \""Vimeo\"",\n  \""description\"": \""Search for videos.\"",\n  \""required_parameters\"": [\n    {\n      \""name\"": \""format\"",\n      \""type\"": \""STRING\"",\n      \""description\"": \""json/xml/php\""\n    },\n    {\n      \""name\"": \""query\"",\n      \""type\"": \""STRING\"",\n      \""description\"": \""The search terms\""\n    }\n  ],\n  \""optional_parameters\"": [\n    {\n      \""name\"": \""user_id\"",\n      \""type\"": \""STRING\"",\n      \""description\"": \""The ID number or username of the user.\""\n    },\n    {\n      \""name\"": \""page\"",\n      \""type\"": \""NUMBER\"",\n      \""description\"": \""The page number to show.\""\n    },\n    {\n      \""name\"": \""per_page\"",\n      \""type\"": \""NUMBER\"",\n      \""description\"": \""Number of items to show on each page. Max 50.\""\n    },\n    {\n      \""name\"": \""summary_response\"",\n      \""type\"": \""BOOLEAN\"",\n      \""description\"": \""Set this parameter to get back more information.\""\n    },\n    {\n      \""name\"": \""full_response\"",\n      \""type\"": \""BOOLEAN\"",\n      \""description\"": \""Set this parameter to get back the full video information.\""\n    },\n    {\n      \""name\"": \""sort\"",\n      \""type\"": \""STRING\"",\n      \""description\"": \""Method to sort by: relevant, newest, oldest, most_played, most_commented, or most_liked.\""\n    }\n  ]\n}\n\n### User Query\nI'm planning a travel vlog and I need some stunning videos to include in my videos. Can you help me search for travel videos on Vimeo? Once I find the videos, I would like to download them for editing. Please provide me with the download links for these videos. Thank you!""}]","{
  ""format"": ""json"",
  ""query"": ""travel""
}",True,"","{""extraneous_text_pct"": 0.0, ""cleaned_json_length"": 43, ""original_length"": 43}"
qwen-turbo,toolbench_system_plus_user,"[{""role"": ""system"", ""content"": ""You are a precise API argument extractor. You receive a Tool Definition and a User Query. You must output a valid JSON object containing the arguments based on the schema. Do not include markdown formatting.""}, {""role"": ""user"", ""content"": ""### Tool Definition\n{\n  \""tool_name\"": \""OTT details\"",\n  \""description\"": \""This endpoint allows you to search for a movie or tvshow based on the given 'title '.\"",\n  \""required_parameters\"": [\n    {\n      \""name\"": \""title\"",\n      \""type\"": \""STRING\"",\n      \""description\"": \""\""\n    }\n  ],\n  \""optional_parameters\"": [\n    {\n      \""name\"": \""page\"",\n      \""type\"": \""NUMBER\"",\n      \""description\"": \""*Maximum number of pages returned is 10 \""\n    }\n  ]\n}\n\n### User Query\nI'm trying to find a specific movie or TV show, but I can't remember the exact title. Can you help me search for it based on a keyword? Also, provide me with the list of titles that match my search criteria.""}]","{
  ""title"": ""keyword""
}",True,"","{""extraneous_text_pct"": 0.0, ""cleaned_json_length"": 24, ""original_length"": 24}"
qwen-turbo,toolbench_system_plus_user,"[{""role"": ""system"", ""content"": ""You are a precise API argument extractor. You receive a Tool Definition and a User Query. You must output a valid JSON object containing the arguments based on the schema. Do not include markdown formatting.""}, {""role"": ""user"", ""content"": ""### Tool Definition\n{\n  \""tool_name\"": \""Vimeo\"",\n  \""description\"": \""Get a list of all public channels.\"",\n  \""required_parameters\"": [\n    {\n      \""name\"": \""format\"",\n      \""type\"": \""STRING\"",\n      \""description\"": \""json/xml/php\""\n    },\n    {\n      \""name\"": \""per_page\"",\n      \""type\"": \""STRING\"",\n      \""description\"": \""Number of items to show on each page. Max 50.\""\n    }\n  ],\n  \""optional_parameters\"": [\n    {\n      \""name\"": \""sort\"",\n      \""type\"": \""STRING\"",\n      \""description\"": \""Method to sort by: newest, oldest, alphabetical, most_videos, most_subscribed, or most_recently_updated.\""\n    },\n    {\n      \""name\"": \""page\"",\n      \""type\"": \""NUMBER\"",\n      \""description\"": \""The page number to show.\""\n    }\n  ]\n}\n\n### User Query\nI'm a student working on a research project about contemporary art. Can you help me find channels on Vimeo that feature interviews with renowned artists and showcase their artworks? Additionally, I would like to download and stream a specific video about a famous painting.""}]","{
  ""format"": ""json"",
  ""per_page"": ""50""
}",True,"","{""extraneous_text_pct"": 0.0, ""cleaned_json_length"": 42, ""original_length"": 42}"
qwen-turbo,toolbench_system_plus_user,"[{""role"": ""system"", ""content"": ""You are a precise API argument extractor. You receive a Tool Definition and a User Query. You must output a valid JSON object containing the arguments based on the schema. Do not include markdown formatting.""}, {""role"": ""user"", ""content"": ""### Tool Definition\n{\n  \""tool_name\"": \""Vimeo\"",\n  \""description\"": \""Get a list of all public channels.\"",\n  \""required_parameters\"": [\n    {\n      \""name\"": \""format\"",\n      \""type\"": \""STRING\"",\n      \""description\"": \""json/xml/php\""\n    },\n    {\n      \""name\"": \""per_page\"",\n      \""type\"": \""STRING\"",\n      \""description\"": \""Number of items to show on each page. Max 50.\""\n    }\n  ],\n  \""optional_parameters\"": [\n    {\n      \""name\"": \""sort\"",\n      \""type\"": \""STRING\"",\n      \""description\"": \""Method to sort by: newest, oldest, alphabetical, most_videos, most_subscribed, or most_recently_updated.\""\n    },\n    {\n      \""name\"": \""page\"",\n      \""type\"": \""NUMBER\"",\n      \""description\"": \""The page number to show.\""\n    }\n  ]\n}\n\n### User Query\nI'm a food blogger and I want to create engaging content for my audience. Can you provide me with a list of popular channels on Vimeo that focus on cooking and share unique recipes? Additionally, I would like to download and stream a video that showcases a delicious dessert recipe.""}]","{
  ""format"": ""json"",
  ""per_page"": ""50""
}",True,"","{""extraneous_text_pct"": 0.0, ""cleaned_json_length"": 42, ""original_length"": 42}"
qwen-turbo,toolbench_system_plus_user,"[{""role"": ""system"", ""content"": ""You are a precise API argument extractor. You receive a Tool Definition and a User Query. You must output a valid JSON object containing the arguments based on the schema. Do not include markdown formatting.""}, {""role"": ""user"", ""content"": ""### Tool Definition\n{\n  \""tool_name\"": \""URL Link Shortener\"",\n  \""description\"": \""Create a new link\"",\n  \""required_parameters\"": [\n    {\n      \""name\"": \""destination\"",\n      \""type\"": \""STRING\"",\n      \""description\"": \""The destination URL you want your branded short link to point to\""\n    }\n  ],\n  \""optional_parameters\"": [\n    {\n      \""name\"": \""domain[id]\"",\n      \""type\"": \""STRING\"",\n      \""description\"": \""The unique id of the branded domain. If not specified, rebrand.ly is used\""\n    },\n    {\n      \""name\"": \""slashtag\"",\n      \""type\"": \""STRING\"",\n      \""description\"": \""The keyword portion of your branded short link\""\n    },\n    {\n      \""name\"": \""domain[fullName]\"",\n      \""type\"": \""STRING\"",\n      \""description\"": \""The unique name of the branded domain, to be used in place of domain[id] in special cases. Precedence will be given to domain[id] value.\""\n    }\n  ]\n}\n\n### User Query\nMy company is launching a new product and we need to create custom short links for our marketing materials. Can you assist us in generating short links for our product pages and provide us with a list of available domains for branding? Additionally, we would like to gather some data on the click-through rates of different URL shorteners.""}]","{
  ""destination"": ""https://www.example.com/product""
}",True,"","{""extraneous_text_pct"": 0.0, ""cleaned_json_length"": 54, ""original_length"": 54}"
qwen-turbo,toolbench_system_plus_user,"[{""role"": ""system"", ""content"": ""You are a precise API argument extractor. You receive a Tool Definition and a User Query. You must output a valid JSON object containing the arguments based on the schema. Do not include markdown formatting.""}, {""role"": ""user"", ""content"": ""### Tool Definition\n{\n  \""tool_name\"": \""YTStream - Download YouTube Videos\"",\n  \""description\"": \""Stream or download info.\"",\n  \""required_parameters\"": [\n    {\n      \""name\"": \""id\"",\n      \""type\"": \""STRING\"",\n      \""description\"": \""Youtube Video Id.\""\n    }\n  ],\n  \""optional_parameters\"": [\n    {\n      \""name\"": \""cgeo\"",\n      \""type\"": \""STRING\"",\n      \""description\"": \""Country code in ISO 3166 format of the end user.\""\n    }\n  ]\n}\n\n### User Query\nI want to create a playlist of my favorite music videos from YouTube. Get the related tags for the 'Music' category from Vimeo to enhance the playlist. Also, provide me with information about the 'Music' category from Vimeo.""}]","{
  ""id"": """"
}",True,"","{""extraneous_text_pct"": 0.0, ""cleaned_json_length"": 14, ""original_length"": 14}"
qwen-turbo,toolbench_system_plus_user,"[{""role"": ""system"", ""content"": ""You are a precise API argument extractor. You receive a Tool Definition and a User Query. You must output a valid JSON object containing the arguments based on the schema. Do not include markdown formatting.""}, {""role"": ""user"", ""content"": ""### Tool Definition\n{\n  \""tool_name\"": \""YTStream - Download YouTube Videos\"",\n  \""description\"": \""Stream or download info.\"",\n  \""required_parameters\"": [\n    {\n      \""name\"": \""id\"",\n      \""type\"": \""STRING\"",\n      \""description\"": \""Youtube Video Id.\""\n    }\n  ],\n  \""optional_parameters\"": [\n    {\n      \""name\"": \""cgeo\"",\n      \""type\"": \""STRING\"",\n      \""description\"": \""Country code in ISO 3166 format of the end user.\""\n    }\n  ]\n}\n\n### User Query\nI need to download a video from YouTube to include in my presentation. Provide me with the download link and the video's title, length, and description. Also, find the related tags for the 'Education' category from Vimeo to enhance my presentation.""}]","{
  ""id"": ""STRING""
}",True,"","{""extraneous_text_pct"": 0.0, ""cleaned_json_length"": 20, ""original_length"": 20}"
qwen-turbo,toolbench_system_plus_user,"[{""role"": ""system"", ""content"": ""You are a precise API argument extractor. You receive a Tool Definition and a User Query. You must output a valid JSON object containing the arguments based on the schema. Do not include markdown formatting.""}, {""role"": ""user"", ""content"": ""### Tool Definition\n{\n  \""tool_name\"": \""Vimeo\"",\n  \""description\"": \""Get a list of the videos in a channel.\"",\n  \""required_parameters\"": [\n    {\n      \""name\"": \""format\"",\n      \""type\"": \""STRING\"",\n      \""description\"": \""json/xml/php\""\n    },\n    {\n      \""name\"": \""channel_id\"",\n      \""type\"": \""STRING\"",\n      \""description\"": \""The numeric id of the channel or its url name.\""\n    },\n    {\n      \""name\"": \""full_response\"",\n      \""type\"": \""BOOLEAN\"",\n      \""description\"": \""Set this parameter to get back the full video information\""\n    }\n  ],\n  \""optional_parameters\"": [\n    {\n      \""name\"": \""user_id\"",\n      \""type\"": \""STRING\"",\n      \""description\"": \""The ID number or username of the user. A token may be used instead.\""\n    },\n    {\n      \""name\"": \""page\"",\n      \""type\"": \""NUMBER\"",\n      \""description\"": \""The page number to show.\""\n    },\n    {\n      \""name\"": \""per_page\"",\n      \""type\"": \""NUMBER\"",\n      \""description\"": \""\""\n    },\n    {\n      \""name\"": \""summary_response\"",\n      \""type\"": \""BOOLEAN\"",\n      \""description\"": \""Set this parameter to get back more information.\""\n    }\n  ]\n}\n\n### User Query\nMy company is organizing a virtual conference and we would like to feature some videos from Vimeo. Can you help us find videos related to a specific category? It would be great if you could provide the full video information and the related people in the industry. Also, is it possible to download or stream these videos using a specific tool? Thank you!""}]","{
  ""format"": ""json"",
  ""channel_id"": ""specific_category"",
  ""full_response"": true
}",True,"","{""extraneous_text_pct"": 0.0, ""cleaned_json_length"": 84, ""original_length"": 84}"
qwen-turbo,toolbench_system_plus_user,"[{""role"": ""system"", ""content"": ""You are a precise API argument extractor. You receive a Tool Definition and a User Query. You must output a valid JSON object containing the arguments based on the schema. Do not include markdown formatting.""}, {""role"": ""user"", ""content"": ""### Tool Definition\n{\n  \""tool_name\"": \""Vimeo\"",\n  \""description\"": \""Get a list of all public channels.\"",\n  \""required_parameters\"": [\n    {\n      \""name\"": \""format\"",\n      \""type\"": \""STRING\"",\n      \""description\"": \""json/xml/php\""\n    },\n    {\n      \""name\"": \""per_page\"",\n      \""type\"": \""STRING\"",\n      \""description\"": \""Number of items to show on each page. Max 50.\""\n    }\n  ],\n  \""optional_parameters\"": [\n    {\n      \""name\"": \""sort\"",\n      \""type\"": \""STRING\"",\n      \""description\"": \""Method to sort by: newest, oldest, alphabetical, most_videos, most_subscribed, or most_recently_updated.\""\n    },\n    {\n      \""name\"": \""page\"",\n      \""type\"": \""NUMBER\"",\n      \""description\"": \""The page number to show.\""\n    }\n  ]\n}\n\n### User Query\nI'm interested in exploring the world of filmmaking. Can you recommend some channels on Vimeo that focus on different categories? It would be great if you could provide the full video information and the related people in the industry. Also, is it possible to download or stream these videos using a specific tool? Thank you!""}]","{
  ""format"": ""json"",
  ""per_page"": ""50""
}",True,"","{""extraneous_text_pct"": 0.0, ""cleaned_json_length"": 42, ""original_length"": 42}"
qwen-turbo,toolbench_system_plus_user,"[{""role"": ""system"", ""content"": ""You are a precise API argument extractor. You receive a Tool Definition and a User Query. You must output a valid JSON object containing the arguments based on the schema. Do not include markdown formatting.""}, {""role"": ""user"", ""content"": ""### Tool Definition\n{\n  \""tool_name\"": \""Vimeo\"",\n  \""description\"": \""Get a list of all public channels.\"",\n  \""required_parameters\"": [\n    {\n      \""name\"": \""format\"",\n      \""type\"": \""STRING\"",\n      \""description\"": \""json/xml/php\""\n    },\n    {\n      \""name\"": \""per_page\"",\n      \""type\"": \""STRING\"",\n      \""description\"": \""Number of items to show on each page. Max 50.\""\n    }\n  ],\n  \""optional_parameters\"": [\n    {\n      \""name\"": \""sort\"",\n      \""type\"": \""STRING\"",\n      \""description\"": \""Method to sort by: newest, oldest, alphabetical, most_videos, most_subscribed, or most_recently_updated.\""\n    },\n    {\n      \""name\"": \""page\"",\n      \""type\"": \""NUMBER\"",\n      \""description\"": \""The page number to show.\""\n    }\n  ]\n}\n\n### User Query\nI'm a film student and I'm looking for some educational resources. Can you recommend some channels on Vimeo that provide tutorials and insights into different categories of filmmaking? It would be great if you could provide the full video information and the related people in the industry. Also, is it possible to download or stream these videos using a specific tool? Thank you!""}]","{
  ""format"": ""json"",
  ""per_page"": ""50""
}",True,"","{""extraneous_text_pct"": 0.0, ""cleaned_json_length"": 42, ""original_length"": 42}"
qwen-turbo,toolbench_system_plus_user,"[{""role"": ""system"", ""content"": ""You are a precise API argument extractor. You receive a Tool Definition and a User Query. You must output a valid JSON object containing the arguments based on the schema. Do not include markdown formatting.""}, {""role"": ""user"", ""content"": ""### Tool Definition\n{\n  \""tool_name\"": \""Streaming Availability\"",\n  \""description\"": \""Search through the catalog of the given services in the given country. Provides filters such as show language, genre and keyword. Items per page is 25. Output includes all the information about the shows, such as title, IMDb ID, TMDb ID, IMDb rating, link to shows' pages in streaming services (including individual season/episode links), cast, runtime, poster and many more! Apart from the info about the given country-service combinations, output also includes information about availability in the other services for the given country.\"",\n  \""required_parameters\"": [\n    {\n      \""name\"": \""services\"",\n      \""type\"": \""STRING\"",\n      \""description\"": \""A comma separated list of up to 16 services to search in. See `/v2/services` endpoint to get the supported services and their ids/names.\\n\\nSyntax of the values supplied in the list can be as the followings:\\n\\n`<sevice_id>`: Searches in the entire catalog of that service, including (if applicable) rentable, buyable shows or shows available through addons i.e. `netflix`, `prime`, `apple`\\n\\n`<sevice_id>.<offer_type>`: Only returns the shows that are available in that service with the given offer type. Valid offer type values are `subscription`, `free`, `rent`, `buy` and `addon`  i.e. `peacock.free` only returns the shows on Peacock that are free to watch, `prime.subscription` only returns the shows on Prime Video that are available to watch with a Prime subscription. `hulu.addon` only returns the shows on Hulu that are available via an addon,  `prime.rent` only returns the shows on Prime Video that are rentable.\\n\\n`<sevice_id>.addon.<addon_id>`: Only returns the shows that are available in that service with the given addon. Check `/v2/services` endpoint to fetch the available addons for a service. Some sample values are: `hulu.addon.hbo`,  `prime.addon.hbomaxus`.\\n\\nIf a service supports both `free` and `subscription`, then results included under `subscription` will always include the `free` shows as well.\\n\\nWhen multiple values are passed as a comma separated list, any show that satisfies at least one of the values will be included in the result.\\n\\nSome sample list values:\\n\\n`prime.rent,prime.buy,apple.rent,apple.buy`: Returns all the buyable/rentable shows on Amazon Prime Video and Apple TV.\\n\\n`prime.addon,prime.subscription`: Returns all the shows on Amazon Prime Video that are available through either a Prime Video subscription or a Prime Video Channel subscription.\""\n    },\n    {\n      \""name\"": \""country\"",\n      \""type\"": \""STRING\"",\n      \""description\"": \""2 letter ISO 3166-1 alpha-2 country code of the country to search in. See the about page to check the supported countries.\""\n    }\n  ],\n  \""optional_parameters\"": [\n    {\n      \""name\"": \""max_imdb_vote_count\"",\n      \""type\"": \""NUMBER\"",\n      \""description\"": \""\""\n    },\n    {\n      \""name\"": \""order_by\"",\n      \""type\"": \""STRING\"",\n      \""description\"": \""Determines the ordering of the results.\\n\\nPossible values are `original_title`, `imdb_vote_count`, `imdb_rating` and `year`. Default value is `original_title`\""\n    },\n    {\n      \""name\"": \""max_imdb_rating\"",\n      \""type\"": \""NUMBER\"",\n      \""description\"": \""Out of 100\""\n    },\n    {\n      \""name\"": \""min_imdb_rating\"",\n      \""type\"": \""NUMBER\"",\n      \""description\"": \""Out of 100\""\n    },\n    {\n      \""name\"": \""desc\"",\n      \""type\"": \""BOOLEAN\"",\n      \""description\"": \""Use descending order?\\n\\nPossible values are `true` and `false`. Default value is `false`.\""\n    },\n    {\n      \""name\"": \""keyword\"",\n      \""type\"": \""STRING\"",\n      \""description\"": \""A keyword to only search within the shows have that keyword in their overview or title.\""\n    },\n    {\n      \""name\"": \""cursor\"",\n      \""type\"": \""STRING\"",\n      \""description\"": \""Cursor is used for pagination. After each request, the response includes a `hasMore` boolean field to tell if there are more results that did not fit the returned list size. If it is set as true, to get the rest of the result set, send a new request (with the same parameters for other fields such as show_type, services etc.), and set the cursor parameter as the `nextCursor` value of the previous request response. Do not forget to escape the cursor value before putting it into the query as it might contain characters such as `?`, `&`.\\n\\nThe first request naturally does not require a `cursor` parameter.\""\n    },\n    {\n      \""name\"": \""year_max\"",\n      \""type\"": \""NUMBER\"",\n      \""description\"": \""Maximum release/air year of the show.\""\n    },\n    {\n      \""name\"": \""min_imdb_vote_count\"",\n      \""type\"": \""NUMBER\"",\n      \""description\"": \""\""\n    },\n    {\n      \""name\"": \""year_min\"",\n      \""type\"": \""NUMBER\"",\n      \""description\"": \""Minimum release/air year of the show.\""\n    },\n    {\n      \""name\"": \""show_original_language\"",\n      \""type\"": \""STRING\"",\n      \""description\"": \""A 2 letter ISO 639-1 language code to only search within the shows whose original language matches with the provided language.\""\n    },\n    {\n      \""name\"": \""genres_relation\"",\n      \""type\"": \""STRING\"",\n      \""description\"": \""When more than one genre is supplied in `genres` parameter, `genres_relation` chooses the matching style against\\n\\nWhen `or`, the endpoint returns any show that has at least one of the given genres.\\nWhen `and`, it only returns the shows that have all of the given genres.\\n\\nDefault value is `and`.\""\n    },\n    {\n      \""name\"": \""genres\"",\n      \""type\"": \""STRING\"",\n      \""description\"": \""Comma separated list of genre ids to only search within the shows in those genres. See `/v2/genres` endpoint to see available genres and ids.\\n\\nWhen more than one genre supplied, set `genres_relation` parameter to specify between returning shows that have at least one of the given genres or returning shows that have all of the given genres\""\n    },\n    {\n      \""name\"": \""output_language\"",\n      \""type\"": \""STRING\"",\n      \""description\"": \""2 letter iso code of the output language. Default is `en`. See the about page to see the list of languages supported.\""\n    },\n    {\n      \""name\"": \""show_type\"",\n      \""type\"": \""STRING\"",\n      \""description\"": \""Type of shows to search in. Accepted values are `movie`, `series` or `all`. The default value is `all`.\""\n    }\n  ]\n}\n\n### User Query\nI'm planning a movie night with my friends and we want to watch a comedy film. Can you recommend some popular comedy movies available on streaming platforms in the US? Also, provide the runtime and IMDb ratings for these movies.""}]","{
  ""services"": ""netflix,prime,disney,hulu"",
  ""country"": ""US"",
  ""genres"": ""comedy"",
  ""show_type"": ""movie"",
  ""output_language"": ""en""
}",True,"","{""extraneous_text_pct"": 0.0, ""cleaned_json_length"": 137, ""original_length"": 137}"
qwen-turbo,toolbench_system_plus_user,"[{""role"": ""system"", ""content"": ""You are a precise API argument extractor. You receive a Tool Definition and a User Query. You must output a valid JSON object containing the arguments based on the schema. Do not include markdown formatting.""}, {""role"": ""user"", ""content"": ""### Tool Definition\n{\n  \""tool_name\"": \""Streaming Availability\"",\n  \""description\"": \""Search through the catalog of the given services in the given country. Provides filters such as show language, genre and keyword. Items per page is 25. Output includes all the information about the shows, such as title, IMDb ID, TMDb ID, IMDb rating, link to shows' pages in streaming services (including individual season/episode links), cast, runtime, poster and many more! Apart from the info about the given country-service combinations, output also includes information about availability in the other services for the given country.\"",\n  \""required_parameters\"": [\n    {\n      \""name\"": \""services\"",\n      \""type\"": \""STRING\"",\n      \""description\"": \""A comma separated list of up to 16 services to search in. See `/v2/services` endpoint to get the supported services and their ids/names.\\n\\nSyntax of the values supplied in the list can be as the followings:\\n\\n`<sevice_id>`: Searches in the entire catalog of that service, including (if applicable) rentable, buyable shows or shows available through addons i.e. `netflix`, `prime`, `apple`\\n\\n`<sevice_id>.<offer_type>`: Only returns the shows that are available in that service with the given offer type. Valid offer type values are `subscription`, `free`, `rent`, `buy` and `addon`  i.e. `peacock.free` only returns the shows on Peacock that are free to watch, `prime.subscription` only returns the shows on Prime Video that are available to watch with a Prime subscription. `hulu.addon` only returns the shows on Hulu that are available via an addon,  `prime.rent` only returns the shows on Prime Video that are rentable.\\n\\n`<sevice_id>.addon.<addon_id>`: Only returns the shows that are available in that service with the given addon. Check `/v2/services` endpoint to fetch the available addons for a service. Some sample values are: `hulu.addon.hbo`,  `prime.addon.hbomaxus`.\\n\\nIf a service supports both `free` and `subscription`, then results included under `subscription` will always include the `free` shows as well.\\n\\nWhen multiple values are passed as a comma separated list, any show that satisfies at least one of the values will be included in the result.\\n\\nSome sample list values:\\n\\n`prime.rent,prime.buy,apple.rent,apple.buy`: Returns all the buyable/rentable shows on Amazon Prime Video and Apple TV.\\n\\n`prime.addon,prime.subscription`: Returns all the shows on Amazon Prime Video that are available through either a Prime Video subscription or a Prime Video Channel subscription.\""\n    },\n    {\n      \""name\"": \""country\"",\n      \""type\"": \""STRING\"",\n      \""description\"": \""2 letter ISO 3166-1 alpha-2 country code of the country to search in. See the about page to check the supported countries.\""\n    }\n  ],\n  \""optional_parameters\"": [\n    {\n      \""name\"": \""max_imdb_vote_count\"",\n      \""type\"": \""NUMBER\"",\n      \""description\"": \""\""\n    },\n    {\n      \""name\"": \""order_by\"",\n      \""type\"": \""STRING\"",\n      \""description\"": \""Determines the ordering of the results.\\n\\nPossible values are `original_title`, `imdb_vote_count`, `imdb_rating` and `year`. Default value is `original_title`\""\n    },\n    {\n      \""name\"": \""max_imdb_rating\"",\n      \""type\"": \""NUMBER\"",\n      \""description\"": \""Out of 100\""\n    },\n    {\n      \""name\"": \""min_imdb_rating\"",\n      \""type\"": \""NUMBER\"",\n      \""description\"": \""Out of 100\""\n    },\n    {\n      \""name\"": \""desc\"",\n      \""type\"": \""BOOLEAN\"",\n      \""description\"": \""Use descending order?\\n\\nPossible values are `true` and `false`. Default value is `false`.\""\n    },\n    {\n      \""name\"": \""keyword\"",\n      \""type\"": \""STRING\"",\n      \""description\"": \""A keyword to only search within the shows have that keyword in their overview or title.\""\n    },\n    {\n      \""name\"": \""cursor\"",\n      \""type\"": \""STRING\"",\n      \""description\"": \""Cursor is used for pagination. After each request, the response includes a `hasMore` boolean field to tell if there are more results that did not fit the returned list size. If it is set as true, to get the rest of the result set, send a new request (with the same parameters for other fields such as show_type, services etc.), and set the cursor parameter as the `nextCursor` value of the previous request response. Do not forget to escape the cursor value before putting it into the query as it might contain characters such as `?`, `&`.\\n\\nThe first request naturally does not require a `cursor` parameter.\""\n    },\n    {\n      \""name\"": \""year_max\"",\n      \""type\"": \""NUMBER\"",\n      \""description\"": \""Maximum release/air year of the show.\""\n    },\n    {\n      \""name\"": \""min_imdb_vote_count\"",\n      \""type\"": \""NUMBER\"",\n      \""description\"": \""\""\n    },\n    {\n      \""name\"": \""year_min\"",\n      \""type\"": \""NUMBER\"",\n      \""description\"": \""Minimum release/air year of the show.\""\n    },\n    {\n      \""name\"": \""show_original_language\"",\n      \""type\"": \""STRING\"",\n      \""description\"": \""A 2 letter ISO 639-1 language code to only search within the shows whose original language matches with the provided language.\""\n    },\n    {\n      \""name\"": \""genres_relation\"",\n      \""type\"": \""STRING\"",\n      \""description\"": \""When more than one genre is supplied in `genres` parameter, `genres_relation` chooses the matching style against\\n\\nWhen `or`, the endpoint returns any show that has at least one of the given genres.\\nWhen `and`, it only returns the shows that have all of the given genres.\\n\\nDefault value is `and`.\""\n    },\n    {\n      \""name\"": \""genres\"",\n      \""type\"": \""STRING\"",\n      \""description\"": \""Comma separated list of genre ids to only search within the shows in those genres. See `/v2/genres` endpoint to see available genres and ids.\\n\\nWhen more than one genre supplied, set `genres_relation` parameter to specify between returning shows that have at least one of the given genres or returning shows that have all of the given genres\""\n    },\n    {\n      \""name\"": \""output_language\"",\n      \""type\"": \""STRING\"",\n      \""description\"": \""2 letter iso code of the output language. Default is `en`. See the about page to see the list of languages supported.\""\n    },\n    {\n      \""name\"": \""show_type\"",\n      \""type\"": \""STRING\"",\n      \""description\"": \""Type of shows to search in. Accepted values are `movie`, `series` or `all`. The default value is `all`.\""\n    }\n  ]\n}\n\n### User Query\nI'm a movie enthusiast and I'm interested in watching critically acclaimed films. Can you suggest some award-winning movies with high IMDb ratings? Also, provide the streaming platforms where these movies are available in the US.""}]","{
  ""services"": ""netflix,prime,disney,amazon,hbo,apple"",
  ""country"": ""US"",
  ""min_imdb_rating"": 85,
  ""order_by"": ""imdb_rating"",
  ""desc"": true,
  ""show_type"": ""movie""
}",True,"","{""extraneous_text_pct"": 0.0, ""cleaned_json_length"": 170, ""original_length"": 170}"
qwen-turbo,toolbench_system_plus_user,"[{""role"": ""system"", ""content"": ""You are a precise API argument extractor. You receive a Tool Definition and a User Query. You must output a valid JSON object containing the arguments based on the schema. Do not include markdown formatting.""}, {""role"": ""user"", ""content"": ""### Tool Definition\n{\n  \""tool_name\"": \""Streaming Availability\"",\n  \""description\"": \""Search through the catalog of the given services in the given country. Provides filters such as show language, genre and keyword. Items per page is 25. Output includes all the information about the shows, such as title, IMDb ID, TMDb ID, IMDb rating, link to shows' pages in streaming services (including individual season/episode links), cast, runtime, poster and many more! Apart from the info about the given country-service combinations, output also includes information about availability in the other services for the given country.\"",\n  \""required_parameters\"": [\n    {\n      \""name\"": \""services\"",\n      \""type\"": \""STRING\"",\n      \""description\"": \""A comma separated list of up to 16 services to search in. See `/v2/services` endpoint to get the supported services and their ids/names.\\n\\nSyntax of the values supplied in the list can be as the followings:\\n\\n`<sevice_id>`: Searches in the entire catalog of that service, including (if applicable) rentable, buyable shows or shows available through addons i.e. `netflix`, `prime`, `apple`\\n\\n`<sevice_id>.<offer_type>`: Only returns the shows that are available in that service with the given offer type. Valid offer type values are `subscription`, `free`, `rent`, `buy` and `addon`  i.e. `peacock.free` only returns the shows on Peacock that are free to watch, `prime.subscription` only returns the shows on Prime Video that are available to watch with a Prime subscription. `hulu.addon` only returns the shows on Hulu that are available via an addon,  `prime.rent` only returns the shows on Prime Video that are rentable.\\n\\n`<sevice_id>.addon.<addon_id>`: Only returns the shows that are available in that service with the given addon. Check `/v2/services` endpoint to fetch the available addons for a service. Some sample values are: `hulu.addon.hbo`,  `prime.addon.hbomaxus`.\\n\\nIf a service supports both `free` and `subscription`, then results included under `subscription` will always include the `free` shows as well.\\n\\nWhen multiple values are passed as a comma separated list, any show that satisfies at least one of the values will be included in the result.\\n\\nSome sample list values:\\n\\n`prime.rent,prime.buy,apple.rent,apple.buy`: Returns all the buyable/rentable shows on Amazon Prime Video and Apple TV.\\n\\n`prime.addon,prime.subscription`: Returns all the shows on Amazon Prime Video that are available through either a Prime Video subscription or a Prime Video Channel subscription.\""\n    },\n    {\n      \""name\"": \""country\"",\n      \""type\"": \""STRING\"",\n      \""description\"": \""2 letter ISO 3166-1 alpha-2 country code of the country to search in. See the about page to check the supported countries.\""\n    }\n  ],\n  \""optional_parameters\"": [\n    {\n      \""name\"": \""max_imdb_vote_count\"",\n      \""type\"": \""NUMBER\"",\n      \""description\"": \""\""\n    },\n    {\n      \""name\"": \""order_by\"",\n      \""type\"": \""STRING\"",\n      \""description\"": \""Determines the ordering of the results.\\n\\nPossible values are `original_title`, `imdb_vote_count`, `imdb_rating` and `year`. Default value is `original_title`\""\n    },\n    {\n      \""name\"": \""max_imdb_rating\"",\n      \""type\"": \""NUMBER\"",\n      \""description\"": \""Out of 100\""\n    },\n    {\n      \""name\"": \""min_imdb_rating\"",\n      \""type\"": \""NUMBER\"",\n      \""description\"": \""Out of 100\""\n    },\n    {\n      \""name\"": \""desc\"",\n      \""type\"": \""BOOLEAN\"",\n      \""description\"": \""Use descending order?\\n\\nPossible values are `true` and `false`. Default value is `false`.\""\n    },\n    {\n      \""name\"": \""keyword\"",\n      \""type\"": \""STRING\"",\n      \""description\"": \""A keyword to only search within the shows have that keyword in their overview or title.\""\n    },\n    {\n      \""name\"": \""cursor\"",\n      \""type\"": \""STRING\"",\n      \""description\"": \""Cursor is used for pagination. After each request, the response includes a `hasMore` boolean field to tell if there are more results that did not fit the returned list size. If it is set as true, to get the rest of the result set, send a new request (with the same parameters for other fields such as show_type, services etc.), and set the cursor parameter as the `nextCursor` value of the previous request response. Do not forget to escape the cursor value before putting it into the query as it might contain characters such as `?`, `&`.\\n\\nThe first request naturally does not require a `cursor` parameter.\""\n    },\n    {\n      \""name\"": \""year_max\"",\n      \""type\"": \""NUMBER\"",\n      \""description\"": \""Maximum release/air year of the show.\""\n    },\n    {\n      \""name\"": \""min_imdb_vote_count\"",\n      \""type\"": \""NUMBER\"",\n      \""description\"": \""\""\n    },\n    {\n      \""name\"": \""year_min\"",\n      \""type\"": \""NUMBER\"",\n      \""description\"": \""Minimum release/air year of the show.\""\n    },\n    {\n      \""name\"": \""show_original_language\"",\n      \""type\"": \""STRING\"",\n      \""description\"": \""A 2 letter ISO 639-1 language code to only search within the shows whose original language matches with the provided language.\""\n    },\n    {\n      \""name\"": \""genres_relation\"",\n      \""type\"": \""STRING\"",\n      \""description\"": \""When more than one genre is supplied in `genres` parameter, `genres_relation` chooses the matching style against\\n\\nWhen `or`, the endpoint returns any show that has at least one of the given genres.\\nWhen `and`, it only returns the shows that have all of the given genres.\\n\\nDefault value is `and`.\""\n    },\n    {\n      \""name\"": \""genres\"",\n      \""type\"": \""STRING\"",\n      \""description\"": \""Comma separated list of genre ids to only search within the shows in those genres. See `/v2/genres` endpoint to see available genres and ids.\\n\\nWhen more than one genre supplied, set `genres_relation` parameter to specify between returning shows that have at least one of the given genres or returning shows that have all of the given genres\""\n    },\n    {\n      \""name\"": \""output_language\"",\n      \""type\"": \""STRING\"",\n      \""description\"": \""2 letter iso code of the output language. Default is `en`. See the about page to see the list of languages supported.\""\n    },\n    {\n      \""name\"": \""show_type\"",\n      \""type\"": \""STRING\"",\n      \""description\"": \""Type of shows to search in. Accepted values are `movie`, `series` or `all`. The default value is `all`.\""\n    }\n  ]\n}\n\n### User Query\nI'm planning a movie night with my friends and we want to watch a horror film. Can you recommend some popular horror movies available on streaming platforms in the US? Also, provide the runtime and IMDb ratings for these movies.""}]","{
  ""services"": ""netflix,prime,disney,amazon,hbo,peacock"",
  ""country"": ""US"",
  ""genres"": ""27"",
  ""show_type"": ""movie"",
  ""output_language"": ""en"",
  ""order_by"": ""imdb_rating"",
  ""desc"": true
}",True,"","{""extraneous_text_pct"": 0.0, ""cleaned_json_length"": 192, ""original_length"": 192}"
qwen-turbo,toolbench_system_plus_user,"[{""role"": ""system"", ""content"": ""You are a precise API argument extractor. You receive a Tool Definition and a User Query. You must output a valid JSON object containing the arguments based on the schema. Do not include markdown formatting.""}, {""role"": ""user"", ""content"": ""### Tool Definition\n{\n  \""tool_name\"": \""Streaming Availability\"",\n  \""description\"": \""Search through the catalog of the given services in the given country. Provides filters such as show language, genre and keyword. Items per page is 25. Output includes all the information about the shows, such as title, IMDb ID, TMDb ID, IMDb rating, link to shows' pages in streaming services (including individual season/episode links), cast, runtime, poster and many more! Apart from the info about the given country-service combinations, output also includes information about availability in the other services for the given country.\"",\n  \""required_parameters\"": [\n    {\n      \""name\"": \""services\"",\n      \""type\"": \""STRING\"",\n      \""description\"": \""A comma separated list of up to 16 services to search in. See `/v2/services` endpoint to get the supported services and their ids/names.\\n\\nSyntax of the values supplied in the list can be as the followings:\\n\\n`<sevice_id>`: Searches in the entire catalog of that service, including (if applicable) rentable, buyable shows or shows available through addons i.e. `netflix`, `prime`, `apple`\\n\\n`<sevice_id>.<offer_type>`: Only returns the shows that are available in that service with the given offer type. Valid offer type values are `subscription`, `free`, `rent`, `buy` and `addon`  i.e. `peacock.free` only returns the shows on Peacock that are free to watch, `prime.subscription` only returns the shows on Prime Video that are available to watch with a Prime subscription. `hulu.addon` only returns the shows on Hulu that are available via an addon,  `prime.rent` only returns the shows on Prime Video that are rentable.\\n\\n`<sevice_id>.addon.<addon_id>`: Only returns the shows that are available in that service with the given addon. Check `/v2/services` endpoint to fetch the available addons for a service. Some sample values are: `hulu.addon.hbo`,  `prime.addon.hbomaxus`.\\n\\nIf a service supports both `free` and `subscription`, then results included under `subscription` will always include the `free` shows as well.\\n\\nWhen multiple values are passed as a comma separated list, any show that satisfies at least one of the values will be included in the result.\\n\\nSome sample list values:\\n\\n`prime.rent,prime.buy,apple.rent,apple.buy`: Returns all the buyable/rentable shows on Amazon Prime Video and Apple TV.\\n\\n`prime.addon,prime.subscription`: Returns all the shows on Amazon Prime Video that are available through either a Prime Video subscription or a Prime Video Channel subscription.\""\n    },\n    {\n      \""name\"": \""country\"",\n      \""type\"": \""STRING\"",\n      \""description\"": \""2 letter ISO 3166-1 alpha-2 country code of the country to search in. See the about page to check the supported countries.\""\n    }\n  ],\n  \""optional_parameters\"": [\n    {\n      \""name\"": \""max_imdb_vote_count\"",\n      \""type\"": \""NUMBER\"",\n      \""description\"": \""\""\n    },\n    {\n      \""name\"": \""order_by\"",\n      \""type\"": \""STRING\"",\n      \""description\"": \""Determines the ordering of the results.\\n\\nPossible values are `original_title`, `imdb_vote_count`, `imdb_rating` and `year`. Default value is `original_title`\""\n    },\n    {\n      \""name\"": \""max_imdb_rating\"",\n      \""type\"": \""NUMBER\"",\n      \""description\"": \""Out of 100\""\n    },\n    {\n      \""name\"": \""min_imdb_rating\"",\n      \""type\"": \""NUMBER\"",\n      \""description\"": \""Out of 100\""\n    },\n    {\n      \""name\"": \""desc\"",\n      \""type\"": \""BOOLEAN\"",\n      \""description\"": \""Use descending order?\\n\\nPossible values are `true` and `false`. Default value is `false`.\""\n    },\n    {\n      \""name\"": \""keyword\"",\n      \""type\"": \""STRING\"",\n      \""description\"": \""A keyword to only search within the shows have that keyword in their overview or title.\""\n    },\n    {\n      \""name\"": \""cursor\"",\n      \""type\"": \""STRING\"",\n      \""description\"": \""Cursor is used for pagination. After each request, the response includes a `hasMore` boolean field to tell if there are more results that did not fit the returned list size. If it is set as true, to get the rest of the result set, send a new request (with the same parameters for other fields such as show_type, services etc.), and set the cursor parameter as the `nextCursor` value of the previous request response. Do not forget to escape the cursor value before putting it into the query as it might contain characters such as `?`, `&`.\\n\\nThe first request naturally does not require a `cursor` parameter.\""\n    },\n    {\n      \""name\"": \""year_max\"",\n      \""type\"": \""NUMBER\"",\n      \""description\"": \""Maximum release/air year of the show.\""\n    },\n    {\n      \""name\"": \""min_imdb_vote_count\"",\n      \""type\"": \""NUMBER\"",\n      \""description\"": \""\""\n    },\n    {\n      \""name\"": \""year_min\"",\n      \""type\"": \""NUMBER\"",\n      \""description\"": \""Minimum release/air year of the show.\""\n    },\n    {\n      \""name\"": \""show_original_language\"",\n      \""type\"": \""STRING\"",\n      \""description\"": \""A 2 letter ISO 639-1 language code to only search within the shows whose original language matches with the provided language.\""\n    },\n    {\n      \""name\"": \""genres_relation\"",\n      \""type\"": \""STRING\"",\n      \""description\"": \""When more than one genre is supplied in `genres` parameter, `genres_relation` chooses the matching style against\\n\\nWhen `or`, the endpoint returns any show that has at least one of the given genres.\\nWhen `and`, it only returns the shows that have all of the given genres.\\n\\nDefault value is `and`.\""\n    },\n    {\n      \""name\"": \""genres\"",\n      \""type\"": \""STRING\"",\n      \""description\"": \""Comma separated list of genre ids to only search within the shows in those genres. See `/v2/genres` endpoint to see available genres and ids.\\n\\nWhen more than one genre supplied, set `genres_relation` parameter to specify between returning shows that have at least one of the given genres or returning shows that have all of the given genres\""\n    },\n    {\n      \""name\"": \""output_language\"",\n      \""type\"": \""STRING\"",\n      \""description\"": \""2 letter iso code of the output language. Default is `en`. See the about page to see the list of languages supported.\""\n    },\n    {\n      \""name\"": \""show_type\"",\n      \""type\"": \""STRING\"",\n      \""description\"": \""Type of shows to search in. Accepted values are `movie`, `series` or `all`. The default value is `all`.\""\n    }\n  ]\n}\n\n### User Query\nI want to watch a romantic comedy movie with my partner. Can you recommend some popular romantic comedy films available on streaming platforms in the US? Also, provide the runtime and IMDb ratings for these movies.""}]","{
  ""services"": ""netflix,prime,amazon,apple,hulu"",
  ""country"": ""US"",
  ""genres"": ""romantic_comedy"",
  ""show_type"": ""movie"",
  ""output_language"": ""en"",
  ""order_by"": ""imdb_rating"",
  ""desc"": true
}",True,"","{""extraneous_text_pct"": 0.0, ""cleaned_json_length"": 197, ""original_length"": 197}"
qwen-turbo,toolbench_system_plus_user,"[{""role"": ""system"", ""content"": ""You are a precise API argument extractor. You receive a Tool Definition and a User Query. You must output a valid JSON object containing the arguments based on the schema. Do not include markdown formatting.""}, {""role"": ""user"", ""content"": ""### Tool Definition\n{\n  \""tool_name\"": \""Streaming Availability\"",\n  \""description\"": \""Search through the catalog of the given services in the given country. Provides filters such as show language, genre and keyword. Items per page is 25. Output includes all the information about the shows, such as title, IMDb ID, TMDb ID, IMDb rating, link to shows' pages in streaming services (including individual season/episode links), cast, runtime, poster and many more! Apart from the info about the given country-service combinations, output also includes information about availability in the other services for the given country.\"",\n  \""required_parameters\"": [\n    {\n      \""name\"": \""services\"",\n      \""type\"": \""STRING\"",\n      \""description\"": \""A comma separated list of up to 16 services to search in. See `/v2/services` endpoint to get the supported services and their ids/names.\\n\\nSyntax of the values supplied in the list can be as the followings:\\n\\n`<sevice_id>`: Searches in the entire catalog of that service, including (if applicable) rentable, buyable shows or shows available through addons i.e. `netflix`, `prime`, `apple`\\n\\n`<sevice_id>.<offer_type>`: Only returns the shows that are available in that service with the given offer type. Valid offer type values are `subscription`, `free`, `rent`, `buy` and `addon`  i.e. `peacock.free` only returns the shows on Peacock that are free to watch, `prime.subscription` only returns the shows on Prime Video that are available to watch with a Prime subscription. `hulu.addon` only returns the shows on Hulu that are available via an addon,  `prime.rent` only returns the shows on Prime Video that are rentable.\\n\\n`<sevice_id>.addon.<addon_id>`: Only returns the shows that are available in that service with the given addon. Check `/v2/services` endpoint to fetch the available addons for a service. Some sample values are: `hulu.addon.hbo`,  `prime.addon.hbomaxus`.\\n\\nIf a service supports both `free` and `subscription`, then results included under `subscription` will always include the `free` shows as well.\\n\\nWhen multiple values are passed as a comma separated list, any show that satisfies at least one of the values will be included in the result.\\n\\nSome sample list values:\\n\\n`prime.rent,prime.buy,apple.rent,apple.buy`: Returns all the buyable/rentable shows on Amazon Prime Video and Apple TV.\\n\\n`prime.addon,prime.subscription`: Returns all the shows on Amazon Prime Video that are available through either a Prime Video subscription or a Prime Video Channel subscription.\""\n    },\n    {\n      \""name\"": \""country\"",\n      \""type\"": \""STRING\"",\n      \""description\"": \""2 letter ISO 3166-1 alpha-2 country code of the country to search in. See the about page to check the supported countries.\""\n    }\n  ],\n  \""optional_parameters\"": [\n    {\n      \""name\"": \""max_imdb_vote_count\"",\n      \""type\"": \""NUMBER\"",\n      \""description\"": \""\""\n    },\n    {\n      \""name\"": \""order_by\"",\n      \""type\"": \""STRING\"",\n      \""description\"": \""Determines the ordering of the results.\\n\\nPossible values are `original_title`, `imdb_vote_count`, `imdb_rating` and `year`. Default value is `original_title`\""\n    },\n    {\n      \""name\"": \""max_imdb_rating\"",\n      \""type\"": \""NUMBER\"",\n      \""description\"": \""Out of 100\""\n    },\n    {\n      \""name\"": \""min_imdb_rating\"",\n      \""type\"": \""NUMBER\"",\n      \""description\"": \""Out of 100\""\n    },\n    {\n      \""name\"": \""desc\"",\n      \""type\"": \""BOOLEAN\"",\n      \""description\"": \""Use descending order?\\n\\nPossible values are `true` and `false`. Default value is `false`.\""\n    },\n    {\n      \""name\"": \""keyword\"",\n      \""type\"": \""STRING\"",\n      \""description\"": \""A keyword to only search within the shows have that keyword in their overview or title.\""\n    },\n    {\n      \""name\"": \""cursor\"",\n      \""type\"": \""STRING\"",\n      \""description\"": \""Cursor is used for pagination. After each request, the response includes a `hasMore` boolean field to tell if there are more results that did not fit the returned list size. If it is set as true, to get the rest of the result set, send a new request (with the same parameters for other fields such as show_type, services etc.), and set the cursor parameter as the `nextCursor` value of the previous request response. Do not forget to escape the cursor value before putting it into the query as it might contain characters such as `?`, `&`.\\n\\nThe first request naturally does not require a `cursor` parameter.\""\n    },\n    {\n      \""name\"": \""year_max\"",\n      \""type\"": \""NUMBER\"",\n      \""description\"": \""Maximum release/air year of the show.\""\n    },\n    {\n      \""name\"": \""min_imdb_vote_count\"",\n      \""type\"": \""NUMBER\"",\n      \""description\"": \""\""\n    },\n    {\n      \""name\"": \""year_min\"",\n      \""type\"": \""NUMBER\"",\n      \""description\"": \""Minimum release/air year of the show.\""\n    },\n    {\n      \""name\"": \""show_original_language\"",\n      \""type\"": \""STRING\"",\n      \""description\"": \""A 2 letter ISO 639-1 language code to only search within the shows whose original language matches with the provided language.\""\n    },\n    {\n      \""name\"": \""genres_relation\"",\n      \""type\"": \""STRING\"",\n      \""description\"": \""When more than one genre is supplied in `genres` parameter, `genres_relation` chooses the matching style against\\n\\nWhen `or`, the endpoint returns any show that has at least one of the given genres.\\nWhen `and`, it only returns the shows that have all of the given genres.\\n\\nDefault value is `and`.\""\n    },\n    {\n      \""name\"": \""genres\"",\n      \""type\"": \""STRING\"",\n      \""description\"": \""Comma separated list of genre ids to only search within the shows in those genres. See `/v2/genres` endpoint to see available genres and ids.\\n\\nWhen more than one genre supplied, set `genres_relation` parameter to specify between returning shows that have at least one of the given genres or returning shows that have all of the given genres\""\n    },\n    {\n      \""name\"": \""output_language\"",\n      \""type\"": \""STRING\"",\n      \""description\"": \""2 letter iso code of the output language. Default is `en`. See the about page to see the list of languages supported.\""\n    },\n    {\n      \""name\"": \""show_type\"",\n      \""type\"": \""STRING\"",\n      \""description\"": \""Type of shows to search in. Accepted values are `movie`, `series` or `all`. The default value is `all`.\""\n    }\n  ]\n}\n\n### User Query\nI'm a history buff and I'm interested in watching historical films. Can you recommend some acclaimed historical movies available on streaming platforms in the US? Also, provide the runtime and IMDb ratings for these movies.""}]","{
  ""services"": ""netflix,prime,disney"",
  ""country"": ""US"",
  ""genres"": ""28"",
  ""show_type"": ""movie"",
  ""output_language"": ""en"",
  ""order_by"": ""imdb_rating"",
  ""desc"": true
}",True,"","{""extraneous_text_pct"": 0.0, ""cleaned_json_length"": 173, ""original_length"": 173}"
qwen-turbo,toolbench_system_plus_user,"[{""role"": ""system"", ""content"": ""You are a precise API argument extractor. You receive a Tool Definition and a User Query. You must output a valid JSON object containing the arguments based on the schema. Do not include markdown formatting.""}, {""role"": ""user"", ""content"": ""### Tool Definition\n{\n  \""tool_name\"": \""Streaming Availability\"",\n  \""description\"": \""Search through the catalog of the given services in the given country. Provides filters such as show language, genre and keyword. Items per page is 25. Output includes all the information about the shows, such as title, IMDb ID, TMDb ID, IMDb rating, link to shows' pages in streaming services (including individual season/episode links), cast, runtime, poster and many more! Apart from the info about the given country-service combinations, output also includes information about availability in the other services for the given country.\"",\n  \""required_parameters\"": [\n    {\n      \""name\"": \""services\"",\n      \""type\"": \""STRING\"",\n      \""description\"": \""A comma separated list of up to 16 services to search in. See `/v2/services` endpoint to get the supported services and their ids/names.\\n\\nSyntax of the values supplied in the list can be as the followings:\\n\\n`<sevice_id>`: Searches in the entire catalog of that service, including (if applicable) rentable, buyable shows or shows available through addons i.e. `netflix`, `prime`, `apple`\\n\\n`<sevice_id>.<offer_type>`: Only returns the shows that are available in that service with the given offer type. Valid offer type values are `subscription`, `free`, `rent`, `buy` and `addon`  i.e. `peacock.free` only returns the shows on Peacock that are free to watch, `prime.subscription` only returns the shows on Prime Video that are available to watch with a Prime subscription. `hulu.addon` only returns the shows on Hulu that are available via an addon,  `prime.rent` only returns the shows on Prime Video that are rentable.\\n\\n`<sevice_id>.addon.<addon_id>`: Only returns the shows that are available in that service with the given addon. Check `/v2/services` endpoint to fetch the available addons for a service. Some sample values are: `hulu.addon.hbo`,  `prime.addon.hbomaxus`.\\n\\nIf a service supports both `free` and `subscription`, then results included under `subscription` will always include the `free` shows as well.\\n\\nWhen multiple values are passed as a comma separated list, any show that satisfies at least one of the values will be included in the result.\\n\\nSome sample list values:\\n\\n`prime.rent,prime.buy,apple.rent,apple.buy`: Returns all the buyable/rentable shows on Amazon Prime Video and Apple TV.\\n\\n`prime.addon,prime.subscription`: Returns all the shows on Amazon Prime Video that are available through either a Prime Video subscription or a Prime Video Channel subscription.\""\n    },\n    {\n      \""name\"": \""country\"",\n      \""type\"": \""STRING\"",\n      \""description\"": \""2 letter ISO 3166-1 alpha-2 country code of the country to search in. See the about page to check the supported countries.\""\n    }\n  ],\n  \""optional_parameters\"": [\n    {\n      \""name\"": \""max_imdb_vote_count\"",\n      \""type\"": \""NUMBER\"",\n      \""description\"": \""\""\n    },\n    {\n      \""name\"": \""order_by\"",\n      \""type\"": \""STRING\"",\n      \""description\"": \""Determines the ordering of the results.\\n\\nPossible values are `original_title`, `imdb_vote_count`, `imdb_rating` and `year`. Default value is `original_title`\""\n    },\n    {\n      \""name\"": \""max_imdb_rating\"",\n      \""type\"": \""NUMBER\"",\n      \""description\"": \""Out of 100\""\n    },\n    {\n      \""name\"": \""min_imdb_rating\"",\n      \""type\"": \""NUMBER\"",\n      \""description\"": \""Out of 100\""\n    },\n    {\n      \""name\"": \""desc\"",\n      \""type\"": \""BOOLEAN\"",\n      \""description\"": \""Use descending order?\\n\\nPossible values are `true` and `false`. Default value is `false`.\""\n    },\n    {\n      \""name\"": \""keyword\"",\n      \""type\"": \""STRING\"",\n      \""description\"": \""A keyword to only search within the shows have that keyword in their overview or title.\""\n    },\n    {\n      \""name\"": \""cursor\"",\n      \""type\"": \""STRING\"",\n      \""description\"": \""Cursor is used for pagination. After each request, the response includes a `hasMore` boolean field to tell if there are more results that did not fit the returned list size. If it is set as true, to get the rest of the result set, send a new request (with the same parameters for other fields such as show_type, services etc.), and set the cursor parameter as the `nextCursor` value of the previous request response. Do not forget to escape the cursor value before putting it into the query as it might contain characters such as `?`, `&`.\\n\\nThe first request naturally does not require a `cursor` parameter.\""\n    },\n    {\n      \""name\"": \""year_max\"",\n      \""type\"": \""NUMBER\"",\n      \""description\"": \""Maximum release/air year of the show.\""\n    },\n    {\n      \""name\"": \""min_imdb_vote_count\"",\n      \""type\"": \""NUMBER\"",\n      \""description\"": \""\""\n    },\n    {\n      \""name\"": \""year_min\"",\n      \""type\"": \""NUMBER\"",\n      \""description\"": \""Minimum release/air year of the show.\""\n    },\n    {\n      \""name\"": \""show_original_language\"",\n      \""type\"": \""STRING\"",\n      \""description\"": \""A 2 letter ISO 639-1 language code to only search within the shows whose original language matches with the provided language.\""\n    },\n    {\n      \""name\"": \""genres_relation\"",\n      \""type\"": \""STRING\"",\n      \""description\"": \""When more than one genre is supplied in `genres` parameter, `genres_relation` chooses the matching style against\\n\\nWhen `or`, the endpoint returns any show that has at least one of the given genres.\\nWhen `and`, it only returns the shows that have all of the given genres.\\n\\nDefault value is `and`.\""\n    },\n    {\n      \""name\"": \""genres\"",\n      \""type\"": \""STRING\"",\n      \""description\"": \""Comma separated list of genre ids to only search within the shows in those genres. See `/v2/genres` endpoint to see available genres and ids.\\n\\nWhen more than one genre supplied, set `genres_relation` parameter to specify between returning shows that have at least one of the given genres or returning shows that have all of the given genres\""\n    },\n    {\n      \""name\"": \""output_language\"",\n      \""type\"": \""STRING\"",\n      \""description\"": \""2 letter iso code of the output language. Default is `en`. See the about page to see the list of languages supported.\""\n    },\n    {\n      \""name\"": \""show_type\"",\n      \""type\"": \""STRING\"",\n      \""description\"": \""Type of shows to search in. Accepted values are `movie`, `series` or `all`. The default value is `all`.\""\n    }\n  ]\n}\n\n### User Query\nI'm organizing a movie night for my company's team-building event. Can you suggest some motivational movies with positive messages? Also, provide the streaming platforms where these movies are available in the US.""}]","{
  ""services"": ""netflix,prime,amazon,hulu,disneyplus"",
  ""country"": ""US"",
  ""keyword"": ""motivational"",
  ""genres"": ""99"",
  ""genres_relation"": ""and"",
  ""show_type"": ""movie"",
  ""output_language"": ""en""
}",True,"","{""extraneous_text_pct"": 0.0, ""cleaned_json_length"": 201, ""original_length"": 201}"
qwen-turbo,toolbench_system_plus_user,"[{""role"": ""system"", ""content"": ""You are a precise API argument extractor. You receive a Tool Definition and a User Query. You must output a valid JSON object containing the arguments based on the schema. Do not include markdown formatting.""}, {""role"": ""user"", ""content"": ""### Tool Definition\n{\n  \""tool_name\"": \""Watchmode\"",\n  \""description\"": \""Search for titles/and or people by name or a partial name. Useful for building an autocomplete search of titles and/or people. The results include the field result_type to indicate which type of result it is (title or person). For titles, the movie poster will be returned in image_url, for a person a headshot will be returned in image_url.\"",\n  \""required_parameters\"": [\n    {\n      \""name\"": \""search_value\"",\n      \""type\"": \""STRING\"",\n      \""description\"": \""The phrase to search for, can be a full title or person name, or a partial phrase. For example searching for \\\\\\\""The sha\\\\\\\"" will find the movie \\\\\\\""The Shawshank Redemption\\\\\\\"".\""\n    }\n  ],\n  \""optional_parameters\"": [\n    {\n      \""name\"": \""search_type\"",\n      \""type\"": \""NUMBER\"",\n      \""description\"": \""Set this to 1 to include titles and people in results. Set this to 2 to include titles only. Set this to 3 to include movies only. Set this to 4 to include TV only. Set this to 5 to include people only. By default this is set to 1.\""\n    }\n  ]\n}\n\n### User Query\nI'm a film enthusiast and I want to explore movies from different regions. Can you recommend some movies from India and the United States? Additionally, I would like to search for movies and TV shows related to 'The Godfather' using the 'search' endpoint.""}]","{
  ""search_value"": ""The Godfather""
}",True,"","{""extraneous_text_pct"": 0.0, ""cleaned_json_length"": 37, ""original_length"": 37}"
qwen-turbo,toolbench_system_plus_user,"[{""role"": ""system"", ""content"": ""You are a precise API argument extractor. You receive a Tool Definition and a User Query. You must output a valid JSON object containing the arguments based on the schema. Do not include markdown formatting.""}, {""role"": ""user"", ""content"": ""### Tool Definition\n{\n  \""tool_name\"": \""OTT details\"",\n  \""description\"": \""This endpoint allows you to search for a movie or tvshow based on the given 'title '.\"",\n  \""required_parameters\"": [\n    {\n      \""name\"": \""title\"",\n      \""type\"": \""STRING\"",\n      \""description\"": \""\""\n    }\n  ],\n  \""optional_parameters\"": [\n    {\n      \""name\"": \""page\"",\n      \""type\"": \""NUMBER\"",\n      \""description\"": \""*Maximum number of pages returned is 10 \""\n    }\n  ]\n}\n\n### User Query\nMy family and I are planning a movie marathon and we need some movie recommendations. Could you search for movies based on the genre 'action' and language 'Spanish'? Also, provide us with the streaming sources available in the US and Canada where we can watch these movies.""}]","{
  ""title"": ""action""
}",True,"","{""extraneous_text_pct"": 0.0, ""cleaned_json_length"": 23, ""original_length"": 23}"
qwen-turbo,toolbench_system_plus_user,"[{""role"": ""system"", ""content"": ""You are a precise API argument extractor. You receive a Tool Definition and a User Query. You must output a valid JSON object containing the arguments based on the schema. Do not include markdown formatting.""}, {""role"": ""user"", ""content"": ""### Tool Definition\n{\n  \""tool_name\"": \""OTT details\"",\n  \""description\"": \""This endpoint allows you to search for a movie or tvshow based on the given 'title '.\"",\n  \""required_parameters\"": [\n    {\n      \""name\"": \""title\"",\n      \""type\"": \""STRING\"",\n      \""description\"": \""\""\n    }\n  ],\n  \""optional_parameters\"": [\n    {\n      \""name\"": \""page\"",\n      \""type\"": \""NUMBER\"",\n      \""description\"": \""*Maximum number of pages returned is 10 \""\n    }\n  ]\n}\n\n### User Query\nI'm planning a movie-themed birthday party for my niece and I need some suggestions for movies suitable for kids. Can you search for movies based on the genre 'animation' and language 'English'? Also, provide the streaming sources available in the US and Canada where we can watch these movies.""}]","{
  ""title"": ""animation""
}",True,"","{""extraneous_text_pct"": 0.0, ""cleaned_json_length"": 26, ""original_length"": 26}"
qwen-turbo,toolbench_system_plus_user,"[{""role"": ""system"", ""content"": ""You are a precise API argument extractor. You receive a Tool Definition and a User Query. You must output a valid JSON object containing the arguments based on the schema. Do not include markdown formatting.""}, {""role"": ""user"", ""content"": ""### Tool Definition\n{\n  \""tool_name\"": \""OTT details\"",\n  \""description\"": \""This endpoint allows you to search for a movie or tvshow based on the given 'title '.\"",\n  \""required_parameters\"": [\n    {\n      \""name\"": \""title\"",\n      \""type\"": \""STRING\"",\n      \""description\"": \""\""\n    }\n  ],\n  \""optional_parameters\"": [\n    {\n      \""name\"": \""page\"",\n      \""type\"": \""NUMBER\"",\n      \""description\"": \""*Maximum number of pages returned is 10 \""\n    }\n  ]\n}\n\n### User Query\nI'm planning a movie night with my family and we want to watch some horror movies. Can you search for movies based on the genre 'horror' and language 'English'? Also, provide the streaming sources available in the US and Canada where we can watch these movies.""}]","{
  ""title"": ""horror""
}",True,"","{""extraneous_text_pct"": 0.0, ""cleaned_json_length"": 23, ""original_length"": 23}"
qwen-turbo,toolbench_system_plus_user,"[{""role"": ""system"", ""content"": ""You are a precise API argument extractor. You receive a Tool Definition and a User Query. You must output a valid JSON object containing the arguments based on the schema. Do not include markdown formatting.""}, {""role"": ""user"", ""content"": ""### Tool Definition\n{\n  \""tool_name\"": \""Streaming Availability\"",\n  \""description\"": \""Search through the catalog of the given services in the given country. Provides filters such as show language, genre and keyword. Items per page is 8. Output includes all the information about the shows, such as title, IMDb ID, TMDb ID, IMDb rating, link to shows' pages in streaming services (including individual season/episode links), cast, runtime, poster and many more! Apart from the info about the given country-service combinations, output also includes information about availability in the other services for the given country.\"",\n  \""required_parameters\"": [\n    {\n      \""name\"": \""services\"",\n      \""type\"": \""STRING\"",\n      \""description\"": \""A comma separated list of up to 4 services to search in. See `/v2/services` endpoint to get the supported services and their ids/names.\\n\\nSyntax of the values supplied in the list can be as the followings:\\n\\n`<sevice_id>`: Searches in the entire catalog of that service, including (if applicable) rentable, buyable shows or shows available through addons i.e. `netflix`, `prime`, `apple`\\n\\n`<sevice_id>.<offer_type>`: Only returns the shows that are available in that service with the given offer type. Valid offer type values are `subscription`, `free`, `rent`, `buy` and `addon`  i.e. `peacock.free` only returns the shows on Peacock that are free to watch, `prime.subscription` only returns the shows on Prime Video that are available to watch with a Prime subscription. `hulu.addon` only returns the shows on Hulu that are available via an addon,  `prime.rent` only returns the shows on Prime Video that are rentable.\\n\\n`<sevice_id>.addon.<addon_id>`: Only returns the shows that are available in that service with the given addon. Check `/v2/services` endpoint to fetch the available addons for a service. Some sample values are: `hulu.addon.hbo`,  `prime.addon.hbomaxus`.\\n\\nIf a service supports both `free` and `subscription`, then results included under `subscription` will always include the `free` shows as well.\\n\\nWhen multiple values are passed as a comma separated list, any show that satisfies at least one of the values will be included in the result.\\n\\nSome sample list values:\\n\\n`prime.rent,prime.buy,apple.rent,apple.buy`: Returns all the buyable/rentable shows on Amazon Prime Video and Apple TV.\\n\\n`prime.addon,prime.subscription`: Returns all the shows on Amazon Prime Video that are available through either a Prime Video subscription or a Prime Video Channel subscription.\""\n    },\n    {\n      \""name\"": \""country\"",\n      \""type\"": \""STRING\"",\n      \""description\"": \""2 letter ISO 3166-1 alpha-2 country code of the country to search in. See the about page to check the supported countries.\""\n    }\n  ],\n  \""optional_parameters\"": [\n    {\n      \""name\"": \""cursor\"",\n      \""type\"": \""STRING\"",\n      \""description\"": \""Cursor is used for pagination. After each request, the response includes a `hasMore` boolean field to tell if there are more results that did not fit the returned list size. If it is set as true, to get the rest of the result set, send a new request (with the same parameters for other fields such as show_type, services etc.), and set the cursor parameter as the `nextCursor` value of the previous request response. Do not forget to escape the cursor value before putting it into the query as it might contain characters such as `?`, `&`.\\n\\nThe first request naturally does not require a `cursor` parameter.\""\n    },\n    {\n      \""name\"": \""show_original_language\"",\n      \""type\"": \""STRING\"",\n      \""description\"": \""A 2 letter ISO 639-1 language code to only search within the shows whose original language matches with the provided language.\""\n    },\n    {\n      \""name\"": \""genre\"",\n      \""type\"": \""STRING\"",\n      \""description\"": \""A genre id to only search within the shows in that genre. See `/v2/genres` endpoint to see available genres and ids.\""\n    },\n    {\n      \""name\"": \""keyword\"",\n      \""type\"": \""STRING\"",\n      \""description\"": \""A keyword to only search within the shows have that keyword in their overview or title.\""\n    },\n    {\n      \""name\"": \""output_language\"",\n      \""type\"": \""STRING\"",\n      \""description\"": \""2 letter iso code of the output language. Default is `en`. See the about page to see the list of languages supported.\""\n    },\n    {\n      \""name\"": \""show_type\"",\n      \""type\"": \""STRING\"",\n      \""description\"": \""Type of shows to search in. Accepted values are `movie`, `series` or `all`. The default value is `all`.\""\n    }\n  ]\n}\n\n### User Query\nI'm trying to find a new series to watch. Can you recommend some popular TV shows that are currently streaming on platforms like Netflix, Prime Video, and Hulu? Additionally, provide me with the seasons of the TV show 'Friends'.""}]","{
  ""services"": ""netflix,prime,hulu"",
  ""country"": ""US"",
  ""show_type"": ""series""
}",True,"","{""extraneous_text_pct"": 0.0, ""cleaned_json_length"": 82, ""original_length"": 82}"
qwen-turbo,toolbench_system_plus_user,"[{""role"": ""system"", ""content"": ""You are a precise API argument extractor. You receive a Tool Definition and a User Query. You must output a valid JSON object containing the arguments based on the schema. Do not include markdown formatting.""}, {""role"": ""user"", ""content"": ""### Tool Definition\n{\n  \""tool_name\"": \""Watchmode\"",\n  \""description\"": \""Search for titles or people using an external ID (IMDB, TheMovieDB.org), or by name. Returns an array of results objects, that can either be a title or a person. Useful for getting the Watchmode IDs for titles and people. For example, you can set the parameters to search_value=Breaking%20Bad and search_field=name to get all of the titles named \\\""Breaking bad\\\"", and then use the IDs returned in other endpoints such as /v1/title/\"",\n  \""required_parameters\"": [\n    {\n      \""name\"": \""search_field\"",\n      \""type\"": \""STRING\"",\n      \""description\"": \""The field for us to search in, either a 3rd party ID or \\\\\\\\\\\\\\\""name\\\\\\\\\\\\\\\"" which will search for a movie/show title or a person's name depending on the type(s) set. Must be one of the following options:\\nimdb_id, tmdb_person_id, tmdb_movie_id, tmdb_tv_id, name.\""\n    },\n    {\n      \""name\"": \""search_value\"",\n      \""type\"": \""STRING\"",\n      \""description\"": \""The value we should search for. For example, if you set search_field to imdb_id, this would be the IMDB title/person ID, eg. tt0944947.\""\n    }\n  ],\n  \""optional_parameters\"": [\n    {\n      \""name\"": \""types\"",\n      \""type\"": \""STRING\"",\n      \""description\"": \""Pass one of the following values, or multiple comma separated values to only return certain types:\\ntv, movie, person.\""\n    }\n  ]\n}\n\n### User Query\nI'm planning a movie night with my friends this weekend. Can you suggest some popular movies released in the last year? Also, provide the streaming availability for these movies on different platforms like Netflix, Prime Video, and Hulu.""}]","{
  ""search_field"": ""name"",
  ""search_value"": ""popular movies released in the last year""
}",True,"","{""extraneous_text_pct"": 0.0, ""cleaned_json_length"": 90, ""original_length"": 90}"
qwen-turbo,toolbench_system_plus_user,"[{""role"": ""system"", ""content"": ""You are a precise API argument extractor. You receive a Tool Definition and a User Query. You must output a valid JSON object containing the arguments based on the schema. Do not include markdown formatting.""}, {""role"": ""user"", ""content"": ""### Tool Definition\n{\n  \""tool_name\"": \""Watchmode\"",\n  \""description\"": \""Search for titles or people using an external ID (IMDB, TheMovieDB.org), or by name. Returns an array of results objects, that can either be a title or a person. Useful for getting the Watchmode IDs for titles and people. For example, you can set the parameters to search_value=Breaking%20Bad and search_field=name to get all of the titles named \\\""Breaking bad\\\"", and then use the IDs returned in other endpoints such as /v1/title/\"",\n  \""required_parameters\"": [\n    {\n      \""name\"": \""search_field\"",\n      \""type\"": \""STRING\"",\n      \""description\"": \""The field for us to search in, either a 3rd party ID or \\\\\\\\\\\\\\\""name\\\\\\\\\\\\\\\"" which will search for a movie/show title or a person's name depending on the type(s) set. Must be one of the following options:\\nimdb_id, tmdb_person_id, tmdb_movie_id, tmdb_tv_id, name.\""\n    },\n    {\n      \""name\"": \""search_value\"",\n      \""type\"": \""STRING\"",\n      \""description\"": \""The value we should search for. For example, if you set search_field to imdb_id, this would be the IMDB title/person ID, eg. tt0944947.\""\n    }\n  ],\n  \""optional_parameters\"": [\n    {\n      \""name\"": \""types\"",\n      \""type\"": \""STRING\"",\n      \""description\"": \""Pass one of the following values, or multiple comma separated values to only return certain types:\\ntv, movie, person.\""\n    }\n  ]\n}\n\n### User Query\nI'm planning a vacation with my family and we want to watch some movies during the trip. Can you recommend some family-friendly movies and provide the streaming availability on platforms like Disney+ and Netflix? Also, suggest some snacks that go well with movie nights.""}]","{
  ""search_field"": ""name"",
  ""search_value"": ""family-friendly movies""
}",True,"","{""extraneous_text_pct"": 0.0, ""cleaned_json_length"": 72, ""original_length"": 72}"
qwen-turbo,toolbench_system_plus_user,"[{""role"": ""system"", ""content"": ""You are a precise API argument extractor. You receive a Tool Definition and a User Query. You must output a valid JSON object containing the arguments based on the schema. Do not include markdown formatting.""}, {""role"": ""user"", ""content"": ""### Tool Definition\n{\n  \""tool_name\"": \""Watchmode\"",\n  \""description\"": \""Search for titles or people using an external ID (IMDB, TheMovieDB.org), or by name. Returns an array of results objects, that can either be a title or a person. Useful for getting the Watchmode IDs for titles and people. For example, you can set the parameters to search_value=Breaking%20Bad and search_field=name to get all of the titles named \\\""Breaking bad\\\"", and then use the IDs returned in other endpoints such as /v1/title/\"",\n  \""required_parameters\"": [\n    {\n      \""name\"": \""search_field\"",\n      \""type\"": \""STRING\"",\n      \""description\"": \""The field for us to search in, either a 3rd party ID or \\\\\\\\\\\\\\\""name\\\\\\\\\\\\\\\"" which will search for a movie/show title or a person's name depending on the type(s) set. Must be one of the following options:\\nimdb_id, tmdb_person_id, tmdb_movie_id, tmdb_tv_id, name.\""\n    },\n    {\n      \""name\"": \""search_value\"",\n      \""type\"": \""STRING\"",\n      \""description\"": \""The value we should search for. For example, if you set search_field to imdb_id, this would be the IMDB title/person ID, eg. tt0944947.\""\n    }\n  ],\n  \""optional_parameters\"": [\n    {\n      \""name\"": \""types\"",\n      \""type\"": \""STRING\"",\n      \""description\"": \""Pass one of the following values, or multiple comma separated values to only return certain types:\\ntv, movie, person.\""\n    }\n  ]\n}\n\n### User Query\nI'm planning a romantic date night with my partner and I want to watch a romantic movie. Can you suggest some romantic movies and provide the streaming availability on platforms like Netflix and Prime Video? Also, suggest some romantic dinner recipes.""}]","{
  ""search_field"": ""name"",
  ""search_value"": ""romantic movies""
}",True,"","{""extraneous_text_pct"": 0.0, ""cleaned_json_length"": 65, ""original_length"": 65}"
qwen-turbo,toolbench_system_plus_user,"[{""role"": ""system"", ""content"": ""You are a precise API argument extractor. You receive a Tool Definition and a User Query. You must output a valid JSON object containing the arguments based on the schema. Do not include markdown formatting.""}, {""role"": ""user"", ""content"": ""### Tool Definition\n{\n  \""tool_name\"": \""Watchmode\"",\n  \""description\"": \""Search for titles or people using an external ID (IMDB, TheMovieDB.org), or by name. Returns an array of results objects, that can either be a title or a person. Useful for getting the Watchmode IDs for titles and people. For example, you can set the parameters to search_value=Breaking%20Bad and search_field=name to get all of the titles named \\\""Breaking bad\\\"", and then use the IDs returned in other endpoints such as /v1/title/\"",\n  \""required_parameters\"": [\n    {\n      \""name\"": \""search_field\"",\n      \""type\"": \""STRING\"",\n      \""description\"": \""The field for us to search in, either a 3rd party ID or \\\\\\\\\\\\\\\""name\\\\\\\\\\\\\\\"" which will search for a movie/show title or a person's name depending on the type(s) set. Must be one of the following options:\\nimdb_id, tmdb_person_id, tmdb_movie_id, tmdb_tv_id, name.\""\n    },\n    {\n      \""name\"": \""search_value\"",\n      \""type\"": \""STRING\"",\n      \""description\"": \""The value we should search for. For example, if you set search_field to imdb_id, this would be the IMDB title/person ID, eg. tt0944947.\""\n    }\n  ],\n  \""optional_parameters\"": [\n    {\n      \""name\"": \""types\"",\n      \""type\"": \""STRING\"",\n      \""description\"": \""Pass one of the following values, or multiple comma separated values to only return certain types:\\ntv, movie, person.\""\n    }\n  ]\n}\n\n### User Query\nI'm planning a road trip with my family and we want to listen to some great music along the way. Can you recommend some popular songs and provide the streaming availability on platforms like Spotify and Apple Music? Also, suggest some snacks for the road trip.""}]","{
  ""search_field"": ""name"",
  ""search_value"": ""road trip""
}",True,"","{""extraneous_text_pct"": 0.0, ""cleaned_json_length"": 59, ""original_length"": 59}"
qwen-turbo,toolbench_system_plus_user,"[{""role"": ""system"", ""content"": ""You are a precise API argument extractor. You receive a Tool Definition and a User Query. You must output a valid JSON object containing the arguments based on the schema. Do not include markdown formatting.""}, {""role"": ""user"", ""content"": ""### Tool Definition\n{\n  \""tool_name\"": \""Watchmode\"",\n  \""description\"": \""Search for titles or people using an external ID (IMDB, TheMovieDB.org), or by name. Returns an array of results objects, that can either be a title or a person. Useful for getting the Watchmode IDs for titles and people. For example, you can set the parameters to search_value=Breaking%20Bad and search_field=name to get all of the titles named \\\""Breaking bad\\\"", and then use the IDs returned in other endpoints such as /v1/title/\"",\n  \""required_parameters\"": [\n    {\n      \""name\"": \""search_field\"",\n      \""type\"": \""STRING\"",\n      \""description\"": \""The field for us to search in, either a 3rd party ID or \\\\\\\\\\\\\\\""name\\\\\\\\\\\\\\\"" which will search for a movie/show title or a person's name depending on the type(s) set. Must be one of the following options:\\nimdb_id, tmdb_person_id, tmdb_movie_id, tmdb_tv_id, name.\""\n    },\n    {\n      \""name\"": \""search_value\"",\n      \""type\"": \""STRING\"",\n      \""description\"": \""The value we should search for. For example, if you set search_field to imdb_id, this would be the IMDB title/person ID, eg. tt0944947.\""\n    }\n  ],\n  \""optional_parameters\"": [\n    {\n      \""name\"": \""types\"",\n      \""type\"": \""STRING\"",\n      \""description\"": \""Pass one of the following values, or multiple comma separated values to only return certain types:\\ntv, movie, person.\""\n    }\n  ]\n}\n\n### User Query\nI'm planning a hiking trip with my friends and we want to listen to some inspiring podcasts during the journey. Can you recommend some motivational podcasts and provide the streaming availability on platforms like Spotify and Apple Podcasts? Also, suggest some healthy snacks for the hike.""}]","None",False,"No valid JSON structure found","{""extraneous_text_pct"": 100, ""cleaned_json_length"": 0, ""original_length"": 4}"
qwen-turbo,toolbench_user_plus_assistant_seed,"[{""role"": ""user"", ""content"": ""Extract the parameters for the following tool based on the query.\n\nSchema:\n{\n  \""tool_name\"": \""Vimeo\"",\n  \""description\"": \""Search for videos.\"",\n  \""required_parameters\"": [\n    {\n      \""name\"": \""format\"",\n      \""type\"": \""STRING\"",\n      \""description\"": \""json/xml/php\""\n    },\n    {\n      \""name\"": \""query\"",\n      \""type\"": \""STRING\"",\n      \""description\"": \""The search terms\""\n    }\n  ],\n  \""optional_parameters\"": [\n    {\n      \""name\"": \""user_id\"",\n      \""type\"": \""STRING\"",\n      \""description\"": \""The ID number or username of the user.\""\n    },\n    {\n      \""name\"": \""page\"",\n      \""type\"": \""NUMBER\"",\n      \""description\"": \""The page number to show.\""\n    },\n    {\n      \""name\"": \""per_page\"",\n      \""type\"": \""NUMBER\"",\n      \""description\"": \""Number of items to show on each page. Max 50.\""\n    },\n    {\n      \""name\"": \""summary_response\"",\n      \""type\"": \""BOOLEAN\"",\n      \""description\"": \""Set this parameter to get back more information.\""\n    },\n    {\n      \""name\"": \""full_response\"",\n      \""type\"": \""BOOLEAN\"",\n      \""description\"": \""Set this parameter to get back the full video information.\""\n    },\n    {\n      \""name\"": \""sort\"",\n      \""type\"": \""STRING\"",\n      \""description\"": \""Method to sort by: relevant, newest, oldest, most_played, most_commented, or most_liked.\""\n    }\n  ]\n}\n\nQuery: I'm organizing a film festival and I need assistance in finding the best films. Can you search for videos related to 'documentary' on Vimeo? Additionally, fetch the related people in the 'cinema' category to invite them as guest speakers. Finally, provide me with a streaming link for a YouTube video with the ID 'UxxajLWwzqY'.\n\nOutput JSON:""}, {""role"": ""assistant"", ""content"": ""{""}]","{
  ""tool_name"": ""Vimeo"",
  ""parameters"": {
    ""format"": ""json"",
    ""query"": ""documentary""
  }
}",False,"2 validation errors for SearchVideos
format
  Field required [type=missing, input_value={'tool_name': 'Vimeo', 'p...'query': 'documentary'}}, input_type=dict]
    For further information visit https://errors.pydantic.dev/2.12/v/missing
query
  Field required [type=missing, input_value={'tool_name': 'Vimeo', 'p...'query': 'documentary'}}, input_type=dict]
    For further information visit https://errors.pydantic.dev/2.12/v/missing","{""extraneous_text_pct"": 0.0, ""cleaned_json_length"": 0, ""original_length"": 98}"
qwen-turbo,toolbench_user_plus_assistant_seed,"[{""role"": ""user"", ""content"": ""Extract the parameters for the following tool based on the query.\n\nSchema:\n{\n  \""tool_name\"": \""Vimeo\"",\n  \""description\"": \""Search for videos.\"",\n  \""required_parameters\"": [\n    {\n      \""name\"": \""format\"",\n      \""type\"": \""STRING\"",\n      \""description\"": \""json/xml/php\""\n    },\n    {\n      \""name\"": \""query\"",\n      \""type\"": \""STRING\"",\n      \""description\"": \""The search terms\""\n    }\n  ],\n  \""optional_parameters\"": [\n    {\n      \""name\"": \""user_id\"",\n      \""type\"": \""STRING\"",\n      \""description\"": \""The ID number or username of the user.\""\n    },\n    {\n      \""name\"": \""page\"",\n      \""type\"": \""NUMBER\"",\n      \""description\"": \""The page number to show.\""\n    },\n    {\n      \""name\"": \""per_page\"",\n      \""type\"": \""NUMBER\"",\n      \""description\"": \""Number of items to show on each page. Max 50.\""\n    },\n    {\n      \""name\"": \""summary_response\"",\n      \""type\"": \""BOOLEAN\"",\n      \""description\"": \""Set this parameter to get back more information.\""\n    },\n    {\n      \""name\"": \""full_response\"",\n      \""type\"": \""BOOLEAN\"",\n      \""description\"": \""Set this parameter to get back the full video information.\""\n    },\n    {\n      \""name\"": \""sort\"",\n      \""type\"": \""STRING\"",\n      \""description\"": \""Method to sort by: relevant, newest, oldest, most_played, most_commented, or most_liked.\""\n    }\n  ]\n}\n\nQuery: I'm a film enthusiast and I want to explore new genres. Can you search for videos related to 'horror' on Vimeo? Additionally, fetch the related people in the 'entertainment' category to discover new talents. Finally, provide me with a streaming link for a YouTube video with the ID 'UxxajLWwzqY'.\n\nOutput JSON:""}, {""role"": ""assistant"", ""content"": ""{""}]","{
  ""tool_name"": ""Vimeo"",
  ""parameters"": {
    ""format"": ""json"",
    ""query"": ""horror""
  }
}",False,"2 validation errors for SearchVideos
format
  Field required [type=missing, input_value={'tool_name': 'Vimeo', 'p...on', 'query': 'horror'}}, input_type=dict]
    For further information visit https://errors.pydantic.dev/2.12/v/missing
query
  Field required [type=missing, input_value={'tool_name': 'Vimeo', 'p...on', 'query': 'horror'}}, input_type=dict]
    For further information visit https://errors.pydantic.dev/2.12/v/missing","{""extraneous_text_pct"": 0.0, ""cleaned_json_length"": 0, ""original_length"": 93}"
qwen-turbo,toolbench_user_plus_assistant_seed,"[{""role"": ""user"", ""content"": ""Extract the parameters for the following tool based on the query.\n\nSchema:\n{\n  \""tool_name\"": \""Vimeo\"",\n  \""description\"": \""Search for videos.\"",\n  \""required_parameters\"": [\n    {\n      \""name\"": \""format\"",\n      \""type\"": \""STRING\"",\n      \""description\"": \""json/xml/php\""\n    },\n    {\n      \""name\"": \""query\"",\n      \""type\"": \""STRING\"",\n      \""description\"": \""The search terms\""\n    }\n  ],\n  \""optional_parameters\"": [\n    {\n      \""name\"": \""user_id\"",\n      \""type\"": \""STRING\"",\n      \""description\"": \""The ID number or username of the user.\""\n    },\n    {\n      \""name\"": \""page\"",\n      \""type\"": \""NUMBER\"",\n      \""description\"": \""The page number to show.\""\n    },\n    {\n      \""name\"": \""per_page\"",\n      \""type\"": \""NUMBER\"",\n      \""description\"": \""Number of items to show on each page. Max 50.\""\n    },\n    {\n      \""name\"": \""summary_response\"",\n      \""type\"": \""BOOLEAN\"",\n      \""description\"": \""Set this parameter to get back more information.\""\n    },\n    {\n      \""name\"": \""full_response\"",\n      \""type\"": \""BOOLEAN\"",\n      \""description\"": \""Set this parameter to get back the full video information.\""\n    },\n    {\n      \""name\"": \""sort\"",\n      \""type\"": \""STRING\"",\n      \""description\"": \""Method to sort by: relevant, newest, oldest, most_played, most_commented, or most_liked.\""\n    }\n  ]\n}\n\nQuery: I'm hosting a virtual movie night with my friends and I need some suggestions. Can you search for videos related to 'action' on Vimeo? Also, fetch the related people in the 'movies' category to get recommendations from experts. Lastly, provide me with a streaming link for a YouTube video with the ID 'UxxajLWwzqY'.\n\nOutput JSON:""}, {""role"": ""assistant"", ""content"": ""{""}]","{
  ""tool_name"": ""Vimeo"",
  ""parameters"": {
    ""format"": ""json"",
    ""query"": ""action""
  }
}",False,"2 validation errors for SearchVideos
format
  Field required [type=missing, input_value={'tool_name': 'Vimeo', 'p...on', 'query': 'action'}}, input_type=dict]
    For further information visit https://errors.pydantic.dev/2.12/v/missing
query
  Field required [type=missing, input_value={'tool_name': 'Vimeo', 'p...on', 'query': 'action'}}, input_type=dict]
    For further information visit https://errors.pydantic.dev/2.12/v/missing","{""extraneous_text_pct"": 0.0, ""cleaned_json_length"": 0, ""original_length"": 93}"
qwen-turbo,toolbench_user_plus_assistant_seed,"[{""role"": ""user"", ""content"": ""Extract the parameters for the following tool based on the query.\n\nSchema:\n{\n  \""tool_name\"": \""Vimeo\"",\n  \""description\"": \""Search for videos.\"",\n  \""required_parameters\"": [\n    {\n      \""name\"": \""format\"",\n      \""type\"": \""STRING\"",\n      \""description\"": \""json/xml/php\""\n    },\n    {\n      \""name\"": \""query\"",\n      \""type\"": \""STRING\"",\n      \""description\"": \""The search terms\""\n    }\n  ],\n  \""optional_parameters\"": [\n    {\n      \""name\"": \""user_id\"",\n      \""type\"": \""STRING\"",\n      \""description\"": \""The ID number or username of the user.\""\n    },\n    {\n      \""name\"": \""page\"",\n      \""type\"": \""NUMBER\"",\n      \""description\"": \""The page number to show.\""\n    },\n    {\n      \""name\"": \""per_page\"",\n      \""type\"": \""NUMBER\"",\n      \""description\"": \""Number of items to show on each page. Max 50.\""\n    },\n    {\n      \""name\"": \""summary_response\"",\n      \""type\"": \""BOOLEAN\"",\n      \""description\"": \""Set this parameter to get back more information.\""\n    },\n    {\n      \""name\"": \""full_response\"",\n      \""type\"": \""BOOLEAN\"",\n      \""description\"": \""Set this parameter to get back the full video information.\""\n    },\n    {\n      \""name\"": \""sort\"",\n      \""type\"": \""STRING\"",\n      \""description\"": \""Method to sort by: relevant, newest, oldest, most_played, most_commented, or most_liked.\""\n    }\n  ]\n}\n\nQuery: I'm planning a family movie marathon and I need a variety of films. Can you search for videos related to 'animation' on Vimeo? Also, fetch the related people in the 'animation' category to get insights from professionals. Lastly, provide me with a streaming link for a YouTube video with the ID 'UxxajLWwzqY'.\n\nOutput JSON:""}, {""role"": ""assistant"", ""content"": ""{""}]","{
  ""tool_name"": ""Vimeo"",
  ""parameters"": {
    ""format"": ""json"",
    ""query"": ""animation""
  }
}",False,"2 validation errors for SearchVideos
format
  Field required [type=missing, input_value={'tool_name': 'Vimeo', 'p..., 'query': 'animation'}}, input_type=dict]
    For further information visit https://errors.pydantic.dev/2.12/v/missing
query
  Field required [type=missing, input_value={'tool_name': 'Vimeo', 'p..., 'query': 'animation'}}, input_type=dict]
    For further information visit https://errors.pydantic.dev/2.12/v/missing","{""extraneous_text_pct"": 0.0, ""cleaned_json_length"": 0, ""original_length"": 96}"
qwen-turbo,toolbench_user_plus_assistant_seed,"[{""role"": ""user"", ""content"": ""Extract the parameters for the following tool based on the query.\n\nSchema:\n{\n  \""tool_name\"": \""Vimeo\"",\n  \""description\"": \""Search for videos.\"",\n  \""required_parameters\"": [\n    {\n      \""name\"": \""format\"",\n      \""type\"": \""STRING\"",\n      \""description\"": \""json/xml/php\""\n    },\n    {\n      \""name\"": \""query\"",\n      \""type\"": \""STRING\"",\n      \""description\"": \""The search terms\""\n    }\n  ],\n  \""optional_parameters\"": [\n    {\n      \""name\"": \""user_id\"",\n      \""type\"": \""STRING\"",\n      \""description\"": \""The ID number or username of the user.\""\n    },\n    {\n      \""name\"": \""page\"",\n      \""type\"": \""NUMBER\"",\n      \""description\"": \""The page number to show.\""\n    },\n    {\n      \""name\"": \""per_page\"",\n      \""type\"": \""NUMBER\"",\n      \""description\"": \""Number of items to show on each page. Max 50.\""\n    },\n    {\n      \""name\"": \""summary_response\"",\n      \""type\"": \""BOOLEAN\"",\n      \""description\"": \""Set this parameter to get back more information.\""\n    },\n    {\n      \""name\"": \""full_response\"",\n      \""type\"": \""BOOLEAN\"",\n      \""description\"": \""Set this parameter to get back the full video information.\""\n    },\n    {\n      \""name\"": \""sort\"",\n      \""type\"": \""STRING\"",\n      \""description\"": \""Method to sort by: relevant, newest, oldest, most_played, most_commented, or most_liked.\""\n    }\n  ]\n}\n\nQuery: I'm organizing a film festival and I'm looking for award-winning films. Can you search for videos related to 'award-winning' on Vimeo? Additionally, fetch the related people in the 'film festival' category to invite them as judges. Finally, provide me with a streaming link for a YouTube video with the ID 'UxxajLWwzqY'.\n\nOutput JSON:""}, {""role"": ""assistant"", ""content"": ""{""}]","{
  ""tool_name"": ""Vimeo"",
  ""parameters"": {
    ""format"": ""json"",
    ""query"": ""award-winning""
  }
}",False,"2 validation errors for SearchVideos
format
  Field required [type=missing, input_value={'tool_name': 'Vimeo', 'p...uery': 'award-winning'}}, input_type=dict]
    For further information visit https://errors.pydantic.dev/2.12/v/missing
query
  Field required [type=missing, input_value={'tool_name': 'Vimeo', 'p...uery': 'award-winning'}}, input_type=dict]
    For further information visit https://errors.pydantic.dev/2.12/v/missing","{""extraneous_text_pct"": 0.0, ""cleaned_json_length"": 0, ""original_length"": 100}"
qwen-turbo,toolbench_user_plus_assistant_seed,"[{""role"": ""user"", ""content"": ""Extract the parameters for the following tool based on the query.\n\nSchema:\n{\n  \""tool_name\"": \""Vimeo\"",\n  \""description\"": \""\"",\n  \""required_parameters\"": [\n    {\n      \""name\"": \""category\"",\n      \""type\"": \""STRING\"",\n      \""description\"": \""The name of the category.\""\n    },\n    {\n      \""name\"": \""format\"",\n      \""type\"": \""STRING\"",\n      \""description\"": \""json or xml or php\""\n    }\n  ],\n  \""optional_parameters\"": [\n    {\n      \""name\"": \""page\"",\n      \""type\"": \""NUMBER\"",\n      \""description\"": \""The page number to show.\""\n    },\n    {\n      \""name\"": \""per_page\"",\n      \""type\"": \""NUMBER\"",\n      \""description\"": \""Number of items to show on each page. Max 50.\""\n    },\n    {\n      \""name\"": \""summary_response\"",\n      \""type\"": \""BOOLEAN\"",\n      \""description\"": \""Set this parameter to get back more information.\""\n    },\n    {\n      \""name\"": \""full_response\"",\n      \""type\"": \""BOOLEAN\"",\n      \""description\"": \""Set this parameter to get back the full video information.\""\n    }\n  ]\n}\n\nQuery: I'm a film student and I'm working on a documentary about climate change. Can you assist me in finding videos related to 'Climate Change' on Vimeo? Additionally, provide me with information on how to download and stream these videos using the YTStream - Download YouTube Videos tool.\n\nOutput JSON:""}, {""role"": ""assistant"", ""content"": ""{""}]","{
  ""tool_name"": ""Vimeo"",
  ""parameters"": {
    ""category"": ""Climate Change"",
    ""format"": ""json""
  }
}",False,"2 validation errors for GetRelatedVideos
category
  Field required [type=missing, input_value={'tool_name': 'Vimeo', 'p...nge', 'format': 'json'}}, input_type=dict]
    For further information visit https://errors.pydantic.dev/2.12/v/missing
format
  Field required [type=missing, input_value={'tool_name': 'Vimeo', 'p...nge', 'format': 'json'}}, input_type=dict]
    For further information visit https://errors.pydantic.dev/2.12/v/missing","{""extraneous_text_pct"": 0.0, ""cleaned_json_length"": 0, ""original_length"": 104}"
qwen-turbo,toolbench_user_plus_assistant_seed,"[{""role"": ""user"", ""content"": ""Extract the parameters for the following tool based on the query.\n\nSchema:\n{\n  \""tool_name\"": \""Vimeo\"",\n  \""description\"": \""\"",\n  \""required_parameters\"": [\n    {\n      \""name\"": \""category\"",\n      \""type\"": \""STRING\"",\n      \""description\"": \""The name of the category.\""\n    },\n    {\n      \""name\"": \""format\"",\n      \""type\"": \""STRING\"",\n      \""description\"": \""json or xml or php\""\n    }\n  ],\n  \""optional_parameters\"": [\n    {\n      \""name\"": \""page\"",\n      \""type\"": \""NUMBER\"",\n      \""description\"": \""The page number to show.\""\n    },\n    {\n      \""name\"": \""per_page\"",\n      \""type\"": \""NUMBER\"",\n      \""description\"": \""Number of items to show on each page. Max 50.\""\n    },\n    {\n      \""name\"": \""summary_response\"",\n      \""type\"": \""BOOLEAN\"",\n      \""description\"": \""Set this parameter to get back more information.\""\n    },\n    {\n      \""name\"": \""full_response\"",\n      \""type\"": \""BOOLEAN\"",\n      \""description\"": \""Set this parameter to get back the full video information.\""\n    }\n  ]\n}\n\nQuery: I'm planning a surprise birthday party for my sister and I want to create a slideshow with her childhood photos. Can you suggest some videos from the 'Family' category on Vimeo? Also, provide me with information on how to download and stream these videos using the YTStream - Download YouTube Videos tool.\n\nOutput JSON:""}, {""role"": ""assistant"", ""content"": ""{""}]","{
  ""tool_name"": ""Vimeo"",
  ""parameters"": {
    ""category"": ""Family"",
    ""format"": ""json""
  }
}",False,"2 validation errors for GetRelatedVideos
category
  Field required [type=missing, input_value={'tool_name': 'Vimeo', 'p...ily', 'format': 'json'}}, input_type=dict]
    For further information visit https://errors.pydantic.dev/2.12/v/missing
format
  Field required [type=missing, input_value={'tool_name': 'Vimeo', 'p...ily', 'format': 'json'}}, input_type=dict]
    For further information visit https://errors.pydantic.dev/2.12/v/missing","{""extraneous_text_pct"": 0.0, ""cleaned_json_length"": 0, ""original_length"": 96}"
qwen-turbo,toolbench_user_plus_assistant_seed,"[{""role"": ""user"", ""content"": ""Extract the parameters for the following tool based on the query.\n\nSchema:\n{\n  \""tool_name\"": \""Vimeo\"",\n  \""description\"": \""\"",\n  \""required_parameters\"": [\n    {\n      \""name\"": \""category\"",\n      \""type\"": \""STRING\"",\n      \""description\"": \""The name of the category.\""\n    },\n    {\n      \""name\"": \""format\"",\n      \""type\"": \""STRING\"",\n      \""description\"": \""json or xml or php\""\n    }\n  ],\n  \""optional_parameters\"": [\n    {\n      \""name\"": \""page\"",\n      \""type\"": \""NUMBER\"",\n      \""description\"": \""The page number to show.\""\n    },\n    {\n      \""name\"": \""per_page\"",\n      \""type\"": \""NUMBER\"",\n      \""description\"": \""Number of items to show on each page. Max 50.\""\n    },\n    {\n      \""name\"": \""summary_response\"",\n      \""type\"": \""BOOLEAN\"",\n      \""description\"": \""Set this parameter to get back more information.\""\n    },\n    {\n      \""name\"": \""full_response\"",\n      \""type\"": \""BOOLEAN\"",\n      \""description\"": \""Set this parameter to get back the full video information.\""\n    }\n  ]\n}\n\nQuery: I'm planning a road trip with my family and we want to document our journey. Can you suggest some popular videos from the 'Travel' category on Vimeo? Also, provide us with information on how to download and stream these videos using the YTStream - Download YouTube Videos tool.\n\nOutput JSON:""}, {""role"": ""assistant"", ""content"": ""{""}]","{
  ""tool_name"": ""Vimeo"",
  ""parameters"": {
    ""category"": ""Travel"",
    ""format"": ""json""
  }
}",False,"2 validation errors for GetRelatedVideos
category
  Field required [type=missing, input_value={'tool_name': 'Vimeo', 'p...vel', 'format': 'json'}}, input_type=dict]
    For further information visit https://errors.pydantic.dev/2.12/v/missing
format
  Field required [type=missing, input_value={'tool_name': 'Vimeo', 'p...vel', 'format': 'json'}}, input_type=dict]
    For further information visit https://errors.pydantic.dev/2.12/v/missing","{""extraneous_text_pct"": 0.0, ""cleaned_json_length"": 0, ""original_length"": 96}"
qwen-turbo,toolbench_user_plus_assistant_seed,"[{""role"": ""user"", ""content"": ""Extract the parameters for the following tool based on the query.\n\nSchema:\n{\n  \""tool_name\"": \""Vimeo\"",\n  \""description\"": \""\"",\n  \""required_parameters\"": [\n    {\n      \""name\"": \""category\"",\n      \""type\"": \""STRING\"",\n      \""description\"": \""The name of the category.\""\n    },\n    {\n      \""name\"": \""format\"",\n      \""type\"": \""STRING\"",\n      \""description\"": \""json or xml or php\""\n    }\n  ],\n  \""optional_parameters\"": [\n    {\n      \""name\"": \""page\"",\n      \""type\"": \""NUMBER\"",\n      \""description\"": \""The page number to show.\""\n    },\n    {\n      \""name\"": \""per_page\"",\n      \""type\"": \""NUMBER\"",\n      \""description\"": \""Number of items to show on each page. Max 50.\""\n    },\n    {\n      \""name\"": \""summary_response\"",\n      \""type\"": \""BOOLEAN\"",\n      \""description\"": \""Set this parameter to get back more information.\""\n    },\n    {\n      \""name\"": \""full_response\"",\n      \""type\"": \""BOOLEAN\"",\n      \""description\"": \""Set this parameter to get back the full video information.\""\n    }\n  ]\n}\n\nQuery: I'm a fitness enthusiast and I'm looking for workout videos to follow at home. Can you help me find videos from the 'Fitness' category on Vimeo? Additionally, provide me with information on how to download and stream these videos using the YTStream - Download YouTube Videos tool.\n\nOutput JSON:""}, {""role"": ""assistant"", ""content"": ""{""}]","{
  ""tool_name"": ""Vimeo"",
  ""parameters"": {
    ""category"": ""Fitness"",
    ""format"": ""json""
  }
}",False,"2 validation errors for GetRelatedVideos
category
  Field required [type=missing, input_value={'tool_name': 'Vimeo', 'p...ess', 'format': 'json'}}, input_type=dict]
    For further information visit https://errors.pydantic.dev/2.12/v/missing
format
  Field required [type=missing, input_value={'tool_name': 'Vimeo', 'p...ess', 'format': 'json'}}, input_type=dict]
    For further information visit https://errors.pydantic.dev/2.12/v/missing","{""extraneous_text_pct"": 0.0, ""cleaned_json_length"": 0, ""original_length"": 97}"
qwen-turbo,toolbench_user_plus_assistant_seed,"[{""role"": ""user"", ""content"": ""Extract the parameters for the following tool based on the query.\n\nSchema:\n{\n  \""tool_name\"": \""Vimeo\"",\n  \""description\"": \""\"",\n  \""required_parameters\"": [\n    {\n      \""name\"": \""category\"",\n      \""type\"": \""STRING\"",\n      \""description\"": \""The name of the category.\""\n    },\n    {\n      \""name\"": \""format\"",\n      \""type\"": \""STRING\"",\n      \""description\"": \""json or xml or php\""\n    }\n  ],\n  \""optional_parameters\"": [\n    {\n      \""name\"": \""page\"",\n      \""type\"": \""NUMBER\"",\n      \""description\"": \""The page number to show.\""\n    },\n    {\n      \""name\"": \""per_page\"",\n      \""type\"": \""NUMBER\"",\n      \""description\"": \""Number of items to show on each page. Max 50.\""\n    },\n    {\n      \""name\"": \""summary_response\"",\n      \""type\"": \""BOOLEAN\"",\n      \""description\"": \""Set this parameter to get back more information.\""\n    },\n    {\n      \""name\"": \""full_response\"",\n      \""type\"": \""BOOLEAN\"",\n      \""description\"": \""Set this parameter to get back the full video information.\""\n    }\n  ]\n}\n\nQuery: I'm a music producer and I'm looking for music videos to get inspiration for my next project. Can you help me find videos from the 'Music' category on Vimeo? Additionally, provide me with information on how to download and stream these videos using the YTStream - Download YouTube Videos tool.\n\nOutput JSON:""}, {""role"": ""assistant"", ""content"": ""{""}]","{
  ""tool_name"": ""Vimeo"",
  ""parameters"": {
    ""category"": ""Music"",
    ""format"": ""json""
  }
}",False,"2 validation errors for GetRelatedVideos
category
  Field required [type=missing, input_value={'tool_name': 'Vimeo', 'p...sic', 'format': 'json'}}, input_type=dict]
    For further information visit https://errors.pydantic.dev/2.12/v/missing
format
  Field required [type=missing, input_value={'tool_name': 'Vimeo', 'p...sic', 'format': 'json'}}, input_type=dict]
    For further information visit https://errors.pydantic.dev/2.12/v/missing","{""extraneous_text_pct"": 0.0, ""cleaned_json_length"": 0, ""original_length"": 95}"
qwen-turbo,toolbench_user_plus_assistant_seed,"[{""role"": ""user"", ""content"": ""Extract the parameters for the following tool based on the query.\n\nSchema:\n{\n  \""tool_name\"": \""Vimeo\"",\n  \""description\"": \""\"",\n  \""required_parameters\"": [\n    {\n      \""name\"": \""category\"",\n      \""type\"": \""STRING\"",\n      \""description\"": \""The name of the category.\""\n    },\n    {\n      \""name\"": \""format\"",\n      \""type\"": \""STRING\"",\n      \""description\"": \""json or xml or php\""\n    }\n  ],\n  \""optional_parameters\"": [\n    {\n      \""name\"": \""page\"",\n      \""type\"": \""NUMBER\"",\n      \""description\"": \""The page number to show.\""\n    },\n    {\n      \""name\"": \""per_page\"",\n      \""type\"": \""NUMBER\"",\n      \""description\"": \""Number of items to show on each page. Max 50.\""\n    },\n    {\n      \""name\"": \""summary_response\"",\n      \""type\"": \""BOOLEAN\"",\n      \""description\"": \""Set this parameter to get back more information.\""\n    },\n    {\n      \""name\"": \""full_response\"",\n      \""type\"": \""BOOLEAN\"",\n      \""description\"": \""Set this parameter to get back the full video information.\""\n    }\n  ]\n}\n\nQuery: I'm planning a romantic date night with my partner and I want to watch some romantic videos. Can you suggest some videos from the 'Romance' category on Vimeo? Also, provide me with information on how to download and stream these videos using the YTStream - Download YouTube Videos tool.\n\nOutput JSON:""}, {""role"": ""assistant"", ""content"": ""{""}]","{
  ""tool_name"": ""Vimeo"",
  ""parameters"": {
    ""category"": ""Romance"",
    ""format"": ""json""
  }
}",False,"2 validation errors for GetRelatedVideos
category
  Field required [type=missing, input_value={'tool_name': 'Vimeo', 'p...nce', 'format': 'json'}}, input_type=dict]
    For further information visit https://errors.pydantic.dev/2.12/v/missing
format
  Field required [type=missing, input_value={'tool_name': 'Vimeo', 'p...nce', 'format': 'json'}}, input_type=dict]
    For further information visit https://errors.pydantic.dev/2.12/v/missing","{""extraneous_text_pct"": 0.0, ""cleaned_json_length"": 0, ""original_length"": 97}"
qwen-turbo,toolbench_user_plus_assistant_seed,"[{""role"": ""user"", ""content"": ""Extract the parameters for the following tool based on the query.\n\nSchema:\n{\n  \""tool_name\"": \""Streaming Availability\"",\n  \""description\"": \""Search movies and series by title. Maximum amount of items returned are 20, unless there are more than 20 shows with the exact given title input. In that case all the items have 100% match with the title will be returned.\\n\\nNo pagination is supported.\"",\n  \""required_parameters\"": [\n    {\n      \""name\"": \""title\"",\n      \""type\"": \""STRING\"",\n      \""description\"": \""Title to search for.\""\n    },\n    {\n      \""name\"": \""country\"",\n      \""type\"": \""STRING\"",\n      \""description\"": \""Regardless of this value, the given title is searched across all the platforms and all the countries. This parameter determines according to which country the streamingInfo field will be populated. Thus even if a show is not available in this country, It will be included in the results if it resembles with the given title, but the streaming information will not be available.\""\n    }\n  ],\n  \""optional_parameters\"": [\n    {\n      \""name\"": \""show_type\"",\n      \""type\"": \""STRING\"",\n      \""description\"": \""Type of shows to include in the results. Either `movie`, `series` or `all`. Default is `all`.\""\n    },\n    {\n      \""name\"": \""output_language\"",\n      \""type\"": \""STRING\"",\n      \""description\"": \""2 letter iso code of the output language. Default is `en`. See the about page to see the list of languages supported.\""\n    }\n  ]\n}\n\nQuery: I'm hosting a company movie night and we want to watch a sci-fi movie. Can you suggest a popular sci-fi movie available for streaming in the US? Also, provide the streaming sources for the movie 'Inception'.\n\nOutput JSON:""}, {""role"": ""assistant"", ""content"": ""{""}]","{
  ""tool_name"": ""Streaming Availability"",
  ""parameters"": {
    ""title"": ""Inception"",
    ""country"": ""US"",
    ""show_type"": ""movie"",
    ""output_language"": ""en""
  }
}",False,"2 validation errors for Search By Title (FREE)
title
  Field required [type=missing, input_value={'tool_name': 'Streaming ...output_language': 'en'}}, input_type=dict]
    For further information visit https://errors.pydantic.dev/2.12/v/missing
country
  Field required [type=missing, input_value={'tool_name': 'Streaming ...output_language': 'en'}}, input_type=dict]
    For further information visit https://errors.pydantic.dev/2.12/v/missing","{""extraneous_text_pct"": 0.0, ""cleaned_json_length"": 0, ""original_length"": 167}"
qwen-turbo,toolbench_user_plus_assistant_seed,"[{""role"": ""user"", ""content"": ""Extract the parameters for the following tool based on the query.\n\nSchema:\n{\n  \""tool_name\"": \""Streaming Availability\"",\n  \""description\"": \""Search movies and series by title. Maximum amount of items returned are 20, unless there are more than 20 shows with the exact given title input. In that case all the items have 100% match with the title will be returned.\\n\\nNo pagination is supported.\"",\n  \""required_parameters\"": [\n    {\n      \""name\"": \""title\"",\n      \""type\"": \""STRING\"",\n      \""description\"": \""Title to search for.\""\n    },\n    {\n      \""name\"": \""country\"",\n      \""type\"": \""STRING\"",\n      \""description\"": \""Regardless of this value, the given title is searched across all the platforms and all the countries. This parameter determines according to which country the streamingInfo field will be populated. Thus even if a show is not available in this country, It will be included in the results if it resembles with the given title, but the streaming information will not be available.\""\n    }\n  ],\n  \""optional_parameters\"": [\n    {\n      \""name\"": \""show_type\"",\n      \""type\"": \""STRING\"",\n      \""description\"": \""Type of shows to include in the results. Either `movie`, `series` or `all`. Default is `all`.\""\n    },\n    {\n      \""name\"": \""output_language\"",\n      \""type\"": \""STRING\"",\n      \""description\"": \""2 letter iso code of the output language. Default is `en`. See the about page to see the list of languages supported.\""\n    }\n  ]\n}\n\nQuery: I want to watch a classic movie with my family. Can you suggest a popular classic movie available for streaming in the US? Also, provide the streaming sources for the movie 'Casablanca'.\n\nOutput JSON:""}, {""role"": ""assistant"", ""content"": ""{""}]","{
  ""tool_name"": ""Streaming Availability"",
  ""parameters"": {
    ""title"": ""Casablanca"",
    ""country"": ""US"",
    ""show_type"": ""movie"",
    ""output_language"": ""en""
  }
}",False,"2 validation errors for Search By Title (FREE)
title
  Field required [type=missing, input_value={'tool_name': 'Streaming ...output_language': 'en'}}, input_type=dict]
    For further information visit https://errors.pydantic.dev/2.12/v/missing
country
  Field required [type=missing, input_value={'tool_name': 'Streaming ...output_language': 'en'}}, input_type=dict]
    For further information visit https://errors.pydantic.dev/2.12/v/missing","{""extraneous_text_pct"": 0.0, ""cleaned_json_length"": 0, ""original_length"": 168}"
qwen-turbo,toolbench_user_plus_assistant_seed,"[{""role"": ""user"", ""content"": ""Extract the parameters for the following tool based on the query.\n\nSchema:\n{\n  \""tool_name\"": \""Streaming Availability\"",\n  \""description\"": \""Search movies and series by title. Maximum amount of items returned are 20, unless there are more than 20 shows with the exact given title input. In that case all the items have 100% match with the title will be returned.\\n\\nNo pagination is supported.\"",\n  \""required_parameters\"": [\n    {\n      \""name\"": \""title\"",\n      \""type\"": \""STRING\"",\n      \""description\"": \""Title to search for.\""\n    },\n    {\n      \""name\"": \""country\"",\n      \""type\"": \""STRING\"",\n      \""description\"": \""Regardless of this value, the given title is searched across all the platforms and all the countries. This parameter determines according to which country the streamingInfo field will be populated. Thus even if a show is not available in this country, It will be included in the results if it resembles with the given title, but the streaming information will not be available.\""\n    }\n  ],\n  \""optional_parameters\"": [\n    {\n      \""name\"": \""show_type\"",\n      \""type\"": \""STRING\"",\n      \""description\"": \""Type of shows to include in the results. Either `movie`, `series` or `all`. Default is `all`.\""\n    },\n    {\n      \""name\"": \""output_language\"",\n      \""type\"": \""STRING\"",\n      \""description\"": \""2 letter iso code of the output language. Default is `en`. See the about page to see the list of languages supported.\""\n    }\n  ]\n}\n\nQuery: I want to watch a documentary about nature. Can you suggest a popular nature documentary available for streaming in the US? Also, provide the streaming sources for the documentary 'Planet Earth'.\n\nOutput JSON:""}, {""role"": ""assistant"", ""content"": ""{""}]","{
  ""tool_name"": ""Streaming Availability"",
  ""parameters"": {
    ""title"": ""Planet Earth"",
    ""country"": ""US"",
    ""show_type"": ""movie"",
    ""output_language"": ""en""
  }
}",False,"2 validation errors for Search By Title (FREE)
title
  Field required [type=missing, input_value={'tool_name': 'Streaming ...output_language': 'en'}}, input_type=dict]
    For further information visit https://errors.pydantic.dev/2.12/v/missing
country
  Field required [type=missing, input_value={'tool_name': 'Streaming ...output_language': 'en'}}, input_type=dict]
    For further information visit https://errors.pydantic.dev/2.12/v/missing","{""extraneous_text_pct"": 0.0, ""cleaned_json_length"": 0, ""original_length"": 170}"
qwen-turbo,toolbench_user_plus_assistant_seed,"[{""role"": ""user"", ""content"": ""Extract the parameters for the following tool based on the query.\n\nSchema:\n{\n  \""tool_name\"": \""Watchmode\"",\n  \""description\"": \""Search for titles/and or people by name or a partial name. Useful for building an autocomplete search of titles and/or people. The results include the field result_type to indicate which type of result it is (title or person). For titles, the movie poster will be returned in image_url, for a person a headshot will be returned in image_url.\"",\n  \""required_parameters\"": [\n    {\n      \""name\"": \""search_value\"",\n      \""type\"": \""STRING\"",\n      \""description\"": \""The phrase to search for, can be a full title or person name, or a partial phrase. For example searching for \\\\\\\""The sha\\\\\\\"" will find the movie \\\\\\\""The Shawshank Redemption\\\\\\\"".\""\n    }\n  ],\n  \""optional_parameters\"": [\n    {\n      \""name\"": \""search_type\"",\n      \""type\"": \""NUMBER\"",\n      \""description\"": \""Set this to 1 to include titles and people in results. Set this to 2 to include titles only. Set this to 3 to include movies only. Set this to 4 to include TV only. Set this to 5 to include people only. By default this is set to 1.\""\n    }\n  ]\n}\n\nQuery: I'm planning a weekend getaway with my family and we want to watch some movies during our trip. Can you recommend some popular movies that are available for streaming in Australia? Also, provide us with the streaming sources where we can watch these movies.\n\nOutput JSON:""}, {""role"": ""assistant"", ""content"": ""{""}]","{
  ""tool_name"": ""Watchmode"",
  ""parameters"": {
    ""search_value"": ""popular movies""
  }
}",False,"1 validation error for Autocomplete Search
search_value
  Field required [type=missing, input_value={'tool_name': 'Watchmode'...lue': 'popular movies'}}, input_type=dict]
    For further information visit https://errors.pydantic.dev/2.12/v/missing","{""extraneous_text_pct"": 0.0, ""cleaned_json_length"": 0, ""original_length"": 90}"
qwen-turbo,toolbench_user_plus_assistant_seed,"[{""role"": ""user"", ""content"": ""Extract the parameters for the following tool based on the query.\n\nSchema:\n{\n  \""tool_name\"": \""Watchmode\"",\n  \""description\"": \""Search for titles/and or people by name or a partial name. Useful for building an autocomplete search of titles and/or people. The results include the field result_type to indicate which type of result it is (title or person). For titles, the movie poster will be returned in image_url, for a person a headshot will be returned in image_url.\"",\n  \""required_parameters\"": [\n    {\n      \""name\"": \""search_value\"",\n      \""type\"": \""STRING\"",\n      \""description\"": \""The phrase to search for, can be a full title or person name, or a partial phrase. For example searching for \\\\\\\""The sha\\\\\\\"" will find the movie \\\\\\\""The Shawshank Redemption\\\\\\\"".\""\n    }\n  ],\n  \""optional_parameters\"": [\n    {\n      \""name\"": \""search_type\"",\n      \""type\"": \""NUMBER\"",\n      \""description\"": \""Set this to 1 to include titles and people in results. Set this to 2 to include titles only. Set this to 3 to include movies only. Set this to 4 to include TV only. Set this to 5 to include people only. By default this is set to 1.\""\n    }\n  ]\n}\n\nQuery: I'm organizing a movie night for my company's employees and I need some suggestions for inspirational movies. Can you recommend some popular inspirational movies that are available for streaming in the US? Also, provide me with the streaming sources where I can watch these movies.\n\nOutput JSON:""}, {""role"": ""assistant"", ""content"": ""{""}]","{
  ""tool_name"": ""Watchmode"",
  ""parameters"": {
    ""search_value"": ""inspirational movies"",
    ""search_type"": 3
  }
}",False,"1 validation error for Autocomplete Search
search_value
  Field required [type=missing, input_value={'tool_name': 'Watchmode'...ies', 'search_type': 3}}, input_type=dict]
    For further information visit https://errors.pydantic.dev/2.12/v/missing","{""extraneous_text_pct"": 0.0, ""cleaned_json_length"": 0, ""original_length"": 118}"
qwen-turbo,toolbench_user_plus_assistant_seed,"[{""role"": ""user"", ""content"": ""Extract the parameters for the following tool based on the query.\n\nSchema:\n{\n  \""tool_name\"": \""Watchmode\"",\n  \""description\"": \""Search for titles/and or people by name or a partial name. Useful for building an autocomplete search of titles and/or people. The results include the field result_type to indicate which type of result it is (title or person). For titles, the movie poster will be returned in image_url, for a person a headshot will be returned in image_url.\"",\n  \""required_parameters\"": [\n    {\n      \""name\"": \""search_value\"",\n      \""type\"": \""STRING\"",\n      \""description\"": \""The phrase to search for, can be a full title or person name, or a partial phrase. For example searching for \\\\\\\""The sha\\\\\\\"" will find the movie \\\\\\\""The Shawshank Redemption\\\\\\\"".\""\n    }\n  ],\n  \""optional_parameters\"": [\n    {\n      \""name\"": \""search_type\"",\n      \""type\"": \""NUMBER\"",\n      \""description\"": \""Set this to 1 to include titles and people in results. Set this to 2 to include titles only. Set this to 3 to include movies only. Set this to 4 to include TV only. Set this to 5 to include people only. By default this is set to 1.\""\n    }\n  ]\n}\n\nQuery: I'm hosting a movie-themed party for my friends and I need some ideas for classic movies to watch. Can you recommend some popular classic movies that are available for streaming in the US? Also, provide me with the streaming sources where I can watch these movies.\n\nOutput JSON:""}, {""role"": ""assistant"", ""content"": ""{""}]","{
  ""tool_name"": ""Watchmode"",
  ""parameters"": {
    ""search_value"": ""classic movies"",
    ""search_type"": 3
  }
}",False,"1 validation error for Autocomplete Search
search_value
  Field required [type=missing, input_value={'tool_name': 'Watchmode'...ies', 'search_type': 3}}, input_type=dict]
    For further information visit https://errors.pydantic.dev/2.12/v/missing","{""extraneous_text_pct"": 0.0, ""cleaned_json_length"": 0, ""original_length"": 112}"
qwen-turbo,toolbench_user_plus_assistant_seed,"[{""role"": ""user"", ""content"": ""Extract the parameters for the following tool based on the query.\n\nSchema:\n{\n  \""tool_name\"": \""Vimeo\"",\n  \""description\"": \""Search for videos.\"",\n  \""required_parameters\"": [\n    {\n      \""name\"": \""format\"",\n      \""type\"": \""STRING\"",\n      \""description\"": \""json/xml/php\""\n    },\n    {\n      \""name\"": \""query\"",\n      \""type\"": \""STRING\"",\n      \""description\"": \""The search terms\""\n    }\n  ],\n  \""optional_parameters\"": [\n    {\n      \""name\"": \""user_id\"",\n      \""type\"": \""STRING\"",\n      \""description\"": \""The ID number or username of the user.\""\n    },\n    {\n      \""name\"": \""page\"",\n      \""type\"": \""NUMBER\"",\n      \""description\"": \""The page number to show.\""\n    },\n    {\n      \""name\"": \""per_page\"",\n      \""type\"": \""NUMBER\"",\n      \""description\"": \""Number of items to show on each page. Max 50.\""\n    },\n    {\n      \""name\"": \""summary_response\"",\n      \""type\"": \""BOOLEAN\"",\n      \""description\"": \""Set this parameter to get back more information.\""\n    },\n    {\n      \""name\"": \""full_response\"",\n      \""type\"": \""BOOLEAN\"",\n      \""description\"": \""Set this parameter to get back the full video information.\""\n    },\n    {\n      \""name\"": \""sort\"",\n      \""type\"": \""STRING\"",\n      \""description\"": \""Method to sort by: relevant, newest, oldest, most_played, most_commented, or most_liked.\""\n    }\n  ]\n}\n\nQuery: I'm organizing a virtual conference and I need to find some high-quality videos to include in the presentations. Can you help me search for relevant videos on Vimeo? Once I find the videos, I would like to download them for offline viewing. Please provide me with the download links for these videos. Thank you!\n\nOutput JSON:""}, {""role"": ""assistant"", ""content"": ""{""}]","{
  ""tool_name"": ""Vimeo"",
  ""parameters"": {
    ""format"": ""json"",
    ""query"": ""high-quality videos for virtual conference""
  }
}",False,"2 validation errors for SearchVideos
format
  Field required [type=missing, input_value={'tool_name': 'Vimeo', 'p...or virtual conference'}}, input_type=dict]
    For further information visit https://errors.pydantic.dev/2.12/v/missing
query
  Field required [type=missing, input_value={'tool_name': 'Vimeo', 'p...or virtual conference'}}, input_type=dict]
    For further information visit https://errors.pydantic.dev/2.12/v/missing","{""extraneous_text_pct"": 0.0, ""cleaned_json_length"": 0, ""original_length"": 129}"
qwen-turbo,toolbench_user_plus_assistant_seed,"[{""role"": ""user"", ""content"": ""Extract the parameters for the following tool based on the query.\n\nSchema:\n{\n  \""tool_name\"": \""Vimeo\"",\n  \""description\"": \""Search for videos.\"",\n  \""required_parameters\"": [\n    {\n      \""name\"": \""format\"",\n      \""type\"": \""STRING\"",\n      \""description\"": \""json/xml/php\""\n    },\n    {\n      \""name\"": \""query\"",\n      \""type\"": \""STRING\"",\n      \""description\"": \""The search terms\""\n    }\n  ],\n  \""optional_parameters\"": [\n    {\n      \""name\"": \""user_id\"",\n      \""type\"": \""STRING\"",\n      \""description\"": \""The ID number or username of the user.\""\n    },\n    {\n      \""name\"": \""page\"",\n      \""type\"": \""NUMBER\"",\n      \""description\"": \""The page number to show.\""\n    },\n    {\n      \""name\"": \""per_page\"",\n      \""type\"": \""NUMBER\"",\n      \""description\"": \""Number of items to show on each page. Max 50.\""\n    },\n    {\n      \""name\"": \""summary_response\"",\n      \""type\"": \""BOOLEAN\"",\n      \""description\"": \""Set this parameter to get back more information.\""\n    },\n    {\n      \""name\"": \""full_response\"",\n      \""type\"": \""BOOLEAN\"",\n      \""description\"": \""Set this parameter to get back the full video information.\""\n    },\n    {\n      \""name\"": \""sort\"",\n      \""type\"": \""STRING\"",\n      \""description\"": \""Method to sort by: relevant, newest, oldest, most_played, most_commented, or most_liked.\""\n    }\n  ]\n}\n\nQuery: I'm planning a virtual art exhibition and I need some videos to showcase the artists' works. Can you help me search for videos on Vimeo that feature different art forms like painting, sculpture, and photography? Once I find the videos, I would like to download them for offline viewing. Please provide me with the download links for these videos. Thank you!\n\nOutput JSON:""}, {""role"": ""assistant"", ""content"": ""{""}]","{
  ""tool_name"": ""Vimeo"",
  ""parameters"": {
    ""format"": ""json"",
    ""query"": ""art forms like painting, sculpture, and photography""
  }
}",False,"2 validation errors for SearchVideos
format
  Field required [type=missing, input_value={'tool_name': 'Vimeo', 'p...ture, and photography'}}, input_type=dict]
    For further information visit https://errors.pydantic.dev/2.12/v/missing
query
  Field required [type=missing, input_value={'tool_name': 'Vimeo', 'p...ture, and photography'}}, input_type=dict]
    For further information visit https://errors.pydantic.dev/2.12/v/missing","{""extraneous_text_pct"": 0.0, ""cleaned_json_length"": 0, ""original_length"": 138}"
qwen-turbo,toolbench_user_plus_assistant_seed,"[{""role"": ""user"", ""content"": ""Extract the parameters for the following tool based on the query.\n\nSchema:\n{\n  \""tool_name\"": \""Vimeo\"",\n  \""description\"": \""Search for videos.\"",\n  \""required_parameters\"": [\n    {\n      \""name\"": \""format\"",\n      \""type\"": \""STRING\"",\n      \""description\"": \""json/xml/php\""\n    },\n    {\n      \""name\"": \""query\"",\n      \""type\"": \""STRING\"",\n      \""description\"": \""The search terms\""\n    }\n  ],\n  \""optional_parameters\"": [\n    {\n      \""name\"": \""user_id\"",\n      \""type\"": \""STRING\"",\n      \""description\"": \""The ID number or username of the user.\""\n    },\n    {\n      \""name\"": \""page\"",\n      \""type\"": \""NUMBER\"",\n      \""description\"": \""The page number to show.\""\n    },\n    {\n      \""name\"": \""per_page\"",\n      \""type\"": \""NUMBER\"",\n      \""description\"": \""Number of items to show on each page. Max 50.\""\n    },\n    {\n      \""name\"": \""summary_response\"",\n      \""type\"": \""BOOLEAN\"",\n      \""description\"": \""Set this parameter to get back more information.\""\n    },\n    {\n      \""name\"": \""full_response\"",\n      \""type\"": \""BOOLEAN\"",\n      \""description\"": \""Set this parameter to get back the full video information.\""\n    },\n    {\n      \""name\"": \""sort\"",\n      \""type\"": \""STRING\"",\n      \""description\"": \""Method to sort by: relevant, newest, oldest, most_played, most_commented, or most_liked.\""\n    }\n  ]\n}\n\nQuery: I'm organizing a charity event and I want to create a promotional video to raise awareness. Can you assist me in finding videos from Vimeo that highlight successful charity campaigns? Once I find the videos, I would like to download them for reference. Please provide me with the download links for these videos. Your help is greatly appreciated!\n\nOutput JSON:""}, {""role"": ""assistant"", ""content"": ""{""}]","{
  ""tool_name"": ""Vimeo"",
  ""parameters"": {
    ""format"": ""json"",
    ""query"": ""successful charity campaigns""
  }
}",False,"2 validation errors for SearchVideos
format
  Field required [type=missing, input_value={'tool_name': 'Vimeo', 'p...ful charity campaigns'}}, input_type=dict]
    For further information visit https://errors.pydantic.dev/2.12/v/missing
query
  Field required [type=missing, input_value={'tool_name': 'Vimeo', 'p...ful charity campaigns'}}, input_type=dict]
    For further information visit https://errors.pydantic.dev/2.12/v/missing","{""extraneous_text_pct"": 0.0, ""cleaned_json_length"": 0, ""original_length"": 115}"
qwen-turbo,toolbench_user_plus_assistant_seed,"[{""role"": ""user"", ""content"": ""Extract the parameters for the following tool based on the query.\n\nSchema:\n{\n  \""tool_name\"": \""Vimeo\"",\n  \""description\"": \""Search for videos.\"",\n  \""required_parameters\"": [\n    {\n      \""name\"": \""format\"",\n      \""type\"": \""STRING\"",\n      \""description\"": \""json/xml/php\""\n    },\n    {\n      \""name\"": \""query\"",\n      \""type\"": \""STRING\"",\n      \""description\"": \""The search terms\""\n    }\n  ],\n  \""optional_parameters\"": [\n    {\n      \""name\"": \""user_id\"",\n      \""type\"": \""STRING\"",\n      \""description\"": \""The ID number or username of the user.\""\n    },\n    {\n      \""name\"": \""page\"",\n      \""type\"": \""NUMBER\"",\n      \""description\"": \""The page number to show.\""\n    },\n    {\n      \""name\"": \""per_page\"",\n      \""type\"": \""NUMBER\"",\n      \""description\"": \""Number of items to show on each page. Max 50.\""\n    },\n    {\n      \""name\"": \""summary_response\"",\n      \""type\"": \""BOOLEAN\"",\n      \""description\"": \""Set this parameter to get back more information.\""\n    },\n    {\n      \""name\"": \""full_response\"",\n      \""type\"": \""BOOLEAN\"",\n      \""description\"": \""Set this parameter to get back the full video information.\""\n    },\n    {\n      \""name\"": \""sort\"",\n      \""type\"": \""STRING\"",\n      \""description\"": \""Method to sort by: relevant, newest, oldest, most_played, most_commented, or most_liked.\""\n    }\n  ]\n}\n\nQuery: I'm planning a travel vlog and I need some stunning videos to include in my videos. Can you help me search for travel videos on Vimeo? Once I find the videos, I would like to download them for editing. Please provide me with the download links for these videos. Thank you!\n\nOutput JSON:""}, {""role"": ""assistant"", ""content"": ""{""}]","{
  ""tool_name"": ""Vimeo"",
  ""parameters"": {
    ""format"": ""json"",
    ""query"": ""travel""
  }
}",False,"2 validation errors for SearchVideos
format
  Field required [type=missing, input_value={'tool_name': 'Vimeo', 'p...on', 'query': 'travel'}}, input_type=dict]
    For further information visit https://errors.pydantic.dev/2.12/v/missing
query
  Field required [type=missing, input_value={'tool_name': 'Vimeo', 'p...on', 'query': 'travel'}}, input_type=dict]
    For further information visit https://errors.pydantic.dev/2.12/v/missing","{""extraneous_text_pct"": 0.0, ""cleaned_json_length"": 0, ""original_length"": 93}"
qwen-turbo,toolbench_user_plus_assistant_seed,"[{""role"": ""user"", ""content"": ""Extract the parameters for the following tool based on the query.\n\nSchema:\n{\n  \""tool_name\"": \""OTT details\"",\n  \""description\"": \""This endpoint allows you to search for a movie or tvshow based on the given 'title '.\"",\n  \""required_parameters\"": [\n    {\n      \""name\"": \""title\"",\n      \""type\"": \""STRING\"",\n      \""description\"": \""\""\n    }\n  ],\n  \""optional_parameters\"": [\n    {\n      \""name\"": \""page\"",\n      \""type\"": \""NUMBER\"",\n      \""description\"": \""*Maximum number of pages returned is 10 \""\n    }\n  ]\n}\n\nQuery: I'm trying to find a specific movie or TV show, but I can't remember the exact title. Can you help me search for it based on a keyword? Also, provide me with the list of titles that match my search criteria.\n\nOutput JSON:""}, {""role"": ""assistant"", ""content"": ""{""}]","{
  ""tool_name"": ""OTT details"",
  ""parameters"": {
    ""title"": ""keyword""
  }
}",False,"1 validation error for Search
title
  Field required [type=missing, input_value={'tool_name': 'OTT detail...': {'title': 'keyword'}}, input_type=dict]
    For further information visit https://errors.pydantic.dev/2.12/v/missing","{""extraneous_text_pct"": 0.0, ""cleaned_json_length"": 0, ""original_length"": 78}"
qwen-turbo,toolbench_user_plus_assistant_seed,"[{""role"": ""user"", ""content"": ""Extract the parameters for the following tool based on the query.\n\nSchema:\n{\n  \""tool_name\"": \""Vimeo\"",\n  \""description\"": \""Get a list of all public channels.\"",\n  \""required_parameters\"": [\n    {\n      \""name\"": \""format\"",\n      \""type\"": \""STRING\"",\n      \""description\"": \""json/xml/php\""\n    },\n    {\n      \""name\"": \""per_page\"",\n      \""type\"": \""STRING\"",\n      \""description\"": \""Number of items to show on each page. Max 50.\""\n    }\n  ],\n  \""optional_parameters\"": [\n    {\n      \""name\"": \""sort\"",\n      \""type\"": \""STRING\"",\n      \""description\"": \""Method to sort by: newest, oldest, alphabetical, most_videos, most_subscribed, or most_recently_updated.\""\n    },\n    {\n      \""name\"": \""page\"",\n      \""type\"": \""NUMBER\"",\n      \""description\"": \""The page number to show.\""\n    }\n  ]\n}\n\nQuery: I'm a student working on a research project about contemporary art. Can you help me find channels on Vimeo that feature interviews with renowned artists and showcase their artworks? Additionally, I would like to download and stream a specific video about a famous painting.\n\nOutput JSON:""}, {""role"": ""assistant"", ""content"": ""{""}]","{
  ""tool_name"": ""Vimeo"",
  ""parameters"": {
    ""format"": ""json"",
    ""per_page"": ""50"",
    ""sort"": ""most_recently_updated"",
    ""page"": 1
  }
}",False,"2 validation errors for GetAllChannels
format
  Field required [type=missing, input_value={'tool_name': 'Vimeo', 'p...ly_updated', 'page': 1}}, input_type=dict]
    For further information visit https://errors.pydantic.dev/2.12/v/missing
per_page
  Field required [type=missing, input_value={'tool_name': 'Vimeo', 'p...ly_updated', 'page': 1}}, input_type=dict]
    For further information visit https://errors.pydantic.dev/2.12/v/missing","{""extraneous_text_pct"": 0.0, ""cleaned_json_length"": 0, ""original_length"": 144}"
qwen-turbo,toolbench_user_plus_assistant_seed,"[{""role"": ""user"", ""content"": ""Extract the parameters for the following tool based on the query.\n\nSchema:\n{\n  \""tool_name\"": \""Vimeo\"",\n  \""description\"": \""Get a list of all public channels.\"",\n  \""required_parameters\"": [\n    {\n      \""name\"": \""format\"",\n      \""type\"": \""STRING\"",\n      \""description\"": \""json/xml/php\""\n    },\n    {\n      \""name\"": \""per_page\"",\n      \""type\"": \""STRING\"",\n      \""description\"": \""Number of items to show on each page. Max 50.\""\n    }\n  ],\n  \""optional_parameters\"": [\n    {\n      \""name\"": \""sort\"",\n      \""type\"": \""STRING\"",\n      \""description\"": \""Method to sort by: newest, oldest, alphabetical, most_videos, most_subscribed, or most_recently_updated.\""\n    },\n    {\n      \""name\"": \""page\"",\n      \""type\"": \""NUMBER\"",\n      \""description\"": \""The page number to show.\""\n    }\n  ]\n}\n\nQuery: I'm a food blogger and I want to create engaging content for my audience. Can you provide me with a list of popular channels on Vimeo that focus on cooking and share unique recipes? Additionally, I would like to download and stream a video that showcases a delicious dessert recipe.\n\nOutput JSON:""}, {""role"": ""assistant"", ""content"": ""{""}]","{
  ""tool_name"": ""Vimeo"",
  ""parameters"": {
    ""format"": ""json"",
    ""per_page"": ""50"",
    ""sort"": ""most_videos"",
    ""page"": 1
  }
}",False,"2 validation errors for GetAllChannels
format
  Field required [type=missing, input_value={'tool_name': 'Vimeo', 'p...ost_videos', 'page': 1}}, input_type=dict]
    For further information visit https://errors.pydantic.dev/2.12/v/missing
per_page
  Field required [type=missing, input_value={'tool_name': 'Vimeo', 'p...ost_videos', 'page': 1}}, input_type=dict]
    For further information visit https://errors.pydantic.dev/2.12/v/missing","{""extraneous_text_pct"": 0.0, ""cleaned_json_length"": 0, ""original_length"": 134}"
qwen-turbo,toolbench_user_plus_assistant_seed,"[{""role"": ""user"", ""content"": ""Extract the parameters for the following tool based on the query.\n\nSchema:\n{\n  \""tool_name\"": \""URL Link Shortener\"",\n  \""description\"": \""Create a new link\"",\n  \""required_parameters\"": [\n    {\n      \""name\"": \""destination\"",\n      \""type\"": \""STRING\"",\n      \""description\"": \""The destination URL you want your branded short link to point to\""\n    }\n  ],\n  \""optional_parameters\"": [\n    {\n      \""name\"": \""domain[id]\"",\n      \""type\"": \""STRING\"",\n      \""description\"": \""The unique id of the branded domain. If not specified, rebrand.ly is used\""\n    },\n    {\n      \""name\"": \""slashtag\"",\n      \""type\"": \""STRING\"",\n      \""description\"": \""The keyword portion of your branded short link\""\n    },\n    {\n      \""name\"": \""domain[fullName]\"",\n      \""type\"": \""STRING\"",\n      \""description\"": \""The unique name of the branded domain, to be used in place of domain[id] in special cases. Precedence will be given to domain[id] value.\""\n    }\n  ]\n}\n\nQuery: My company is launching a new product and we need to create custom short links for our marketing materials. Can you assist us in generating short links for our product pages and provide us with a list of available domains for branding? Additionally, we would like to gather some data on the click-through rates of different URL shorteners.\n\nOutput JSON:""}, {""role"": ""assistant"", ""content"": ""{""}]","{
  ""tool_name"": ""URL Link Shortener"",
  ""parameters"": {
    ""destination"": ""https://www.example.com/product-page"",
    ""domain[id]"": ""12345"",
    ""slashtag"": ""productlaunch"",
    ""domain[fullName]"": ""brandexample.com""
  }
}",False,"1 validation error for Create a new link
destination
  Field required [type=missing, input_value={'tool_name': 'URL Link S...]': 'brandexample.com'}}, input_type=dict]
    For further information visit https://errors.pydantic.dev/2.12/v/missing","{""extraneous_text_pct"": 0.0, ""cleaned_json_length"": 0, ""original_length"": 224}"
qwen-turbo,toolbench_user_plus_assistant_seed,"[{""role"": ""user"", ""content"": ""Extract the parameters for the following tool based on the query.\n\nSchema:\n{\n  \""tool_name\"": \""YTStream - Download YouTube Videos\"",\n  \""description\"": \""Stream or download info.\"",\n  \""required_parameters\"": [\n    {\n      \""name\"": \""id\"",\n      \""type\"": \""STRING\"",\n      \""description\"": \""Youtube Video Id.\""\n    }\n  ],\n  \""optional_parameters\"": [\n    {\n      \""name\"": \""cgeo\"",\n      \""type\"": \""STRING\"",\n      \""description\"": \""Country code in ISO 3166 format of the end user.\""\n    }\n  ]\n}\n\nQuery: I want to create a playlist of my favorite music videos from YouTube. Get the related tags for the 'Music' category from Vimeo to enhance the playlist. Also, provide me with information about the 'Music' category from Vimeo.\n\nOutput JSON:""}, {""role"": ""assistant"", ""content"": ""{""}]","{
  ""tool_name"": ""YTStream - Download YouTube Videos"",
  ""parameters"": {}
}",False,"1 validation error for Download/Stream
id
  Field required [type=missing, input_value={'tool_name': 'YTStream -...deos', 'parameters': {}}, input_type=dict]
    For further information visit https://errors.pydantic.dev/2.12/v/missing","{""extraneous_text_pct"": 0.0, ""cleaned_json_length"": 0, ""original_length"": 75}"
qwen-turbo,toolbench_user_plus_assistant_seed,"[{""role"": ""user"", ""content"": ""Extract the parameters for the following tool based on the query.\n\nSchema:\n{\n  \""tool_name\"": \""YTStream - Download YouTube Videos\"",\n  \""description\"": \""Stream or download info.\"",\n  \""required_parameters\"": [\n    {\n      \""name\"": \""id\"",\n      \""type\"": \""STRING\"",\n      \""description\"": \""Youtube Video Id.\""\n    }\n  ],\n  \""optional_parameters\"": [\n    {\n      \""name\"": \""cgeo\"",\n      \""type\"": \""STRING\"",\n      \""description\"": \""Country code in ISO 3166 format of the end user.\""\n    }\n  ]\n}\n\nQuery: I need to download a video from YouTube to include in my presentation. Provide me with the download link and the video's title, length, and description. Also, find the related tags for the 'Education' category from Vimeo to enhance my presentation.\n\nOutput JSON:""}, {""role"": ""assistant"", ""content"": ""{""}]","{
  ""tool_name"": ""YTStream - Download YouTube Videos"",
  ""parameters"": {
    ""id"": ""video_id_placeholder""
  }
}",False,"1 validation error for Download/Stream
id
  Field required [type=missing, input_value={'tool_name': 'YTStream -...'video_id_placeholder'}}, input_type=dict]
    For further information visit https://errors.pydantic.dev/2.12/v/missing","{""extraneous_text_pct"": 0.0, ""cleaned_json_length"": 0, ""original_length"": 111}"
qwen-turbo,toolbench_user_plus_assistant_seed,"[{""role"": ""user"", ""content"": ""Extract the parameters for the following tool based on the query.\n\nSchema:\n{\n  \""tool_name\"": \""Vimeo\"",\n  \""description\"": \""Get a list of the videos in a channel.\"",\n  \""required_parameters\"": [\n    {\n      \""name\"": \""format\"",\n      \""type\"": \""STRING\"",\n      \""description\"": \""json/xml/php\""\n    },\n    {\n      \""name\"": \""channel_id\"",\n      \""type\"": \""STRING\"",\n      \""description\"": \""The numeric id of the channel or its url name.\""\n    },\n    {\n      \""name\"": \""full_response\"",\n      \""type\"": \""BOOLEAN\"",\n      \""description\"": \""Set this parameter to get back the full video information\""\n    }\n  ],\n  \""optional_parameters\"": [\n    {\n      \""name\"": \""user_id\"",\n      \""type\"": \""STRING\"",\n      \""description\"": \""The ID number or username of the user. A token may be used instead.\""\n    },\n    {\n      \""name\"": \""page\"",\n      \""type\"": \""NUMBER\"",\n      \""description\"": \""The page number to show.\""\n    },\n    {\n      \""name\"": \""per_page\"",\n      \""type\"": \""NUMBER\"",\n      \""description\"": \""\""\n    },\n    {\n      \""name\"": \""summary_response\"",\n      \""type\"": \""BOOLEAN\"",\n      \""description\"": \""Set this parameter to get back more information.\""\n    }\n  ]\n}\n\nQuery: My company is organizing a virtual conference and we would like to feature some videos from Vimeo. Can you help us find videos related to a specific category? It would be great if you could provide the full video information and the related people in the industry. Also, is it possible to download or stream these videos using a specific tool? Thank you!\n\nOutput JSON:""}, {""role"": ""assistant"", ""content"": ""{""}]","{
  ""tool_name"": ""Vimeo"",
  ""parameters"": {
    ""format"": ""json"",
    ""channel_id"": ""specific_category"",
    ""full_response"": true,
    ""summary_response"": true
  }
}",False,"3 validation errors for GetChannelVideos
format
  Field required [type=missing, input_value={'tool_name': 'Vimeo', 'p...ummary_response': True}}, input_type=dict]
    For further information visit https://errors.pydantic.dev/2.12/v/missing
channel_id
  Field required [type=missing, input_value={'tool_name': 'Vimeo', 'p...ummary_response': True}}, input_type=dict]
    For further information visit https://errors.pydantic.dev/2.12/v/missing
full_response
  Field required [type=missing, input_value={'tool_name': 'Vimeo', 'p...ummary_response': True}}, input_type=dict]
    For further information visit https://errors.pydantic.dev/2.12/v/missing","{""extraneous_text_pct"": 0.0, ""cleaned_json_length"": 0, ""original_length"": 166}"
qwen-turbo,toolbench_user_plus_assistant_seed,"[{""role"": ""user"", ""content"": ""Extract the parameters for the following tool based on the query.\n\nSchema:\n{\n  \""tool_name\"": \""Vimeo\"",\n  \""description\"": \""Get a list of all public channels.\"",\n  \""required_parameters\"": [\n    {\n      \""name\"": \""format\"",\n      \""type\"": \""STRING\"",\n      \""description\"": \""json/xml/php\""\n    },\n    {\n      \""name\"": \""per_page\"",\n      \""type\"": \""STRING\"",\n      \""description\"": \""Number of items to show on each page. Max 50.\""\n    }\n  ],\n  \""optional_parameters\"": [\n    {\n      \""name\"": \""sort\"",\n      \""type\"": \""STRING\"",\n      \""description\"": \""Method to sort by: newest, oldest, alphabetical, most_videos, most_subscribed, or most_recently_updated.\""\n    },\n    {\n      \""name\"": \""page\"",\n      \""type\"": \""NUMBER\"",\n      \""description\"": \""The page number to show.\""\n    }\n  ]\n}\n\nQuery: I'm interested in exploring the world of filmmaking. Can you recommend some channels on Vimeo that focus on different categories? It would be great if you could provide the full video information and the related people in the industry. Also, is it possible to download or stream these videos using a specific tool? Thank you!\n\nOutput JSON:""}, {""role"": ""assistant"", ""content"": ""{""}]","{
  ""tool_name"": ""Vimeo"",
  ""parameters"": {
    ""format"": ""json"",
    ""per_page"": ""50""
  }
}",False,"2 validation errors for GetAllChannels
format
  Field required [type=missing, input_value={'tool_name': 'Vimeo', 'p...son', 'per_page': '50'}}, input_type=dict]
    For further information visit https://errors.pydantic.dev/2.12/v/missing
per_page
  Field required [type=missing, input_value={'tool_name': 'Vimeo', 'p...son', 'per_page': '50'}}, input_type=dict]
    For further information visit https://errors.pydantic.dev/2.12/v/missing","{""extraneous_text_pct"": 0.0, ""cleaned_json_length"": 0, ""original_length"": 92}"
qwen-turbo,toolbench_user_plus_assistant_seed,"[{""role"": ""user"", ""content"": ""Extract the parameters for the following tool based on the query.\n\nSchema:\n{\n  \""tool_name\"": \""Vimeo\"",\n  \""description\"": \""Get a list of all public channels.\"",\n  \""required_parameters\"": [\n    {\n      \""name\"": \""format\"",\n      \""type\"": \""STRING\"",\n      \""description\"": \""json/xml/php\""\n    },\n    {\n      \""name\"": \""per_page\"",\n      \""type\"": \""STRING\"",\n      \""description\"": \""Number of items to show on each page. Max 50.\""\n    }\n  ],\n  \""optional_parameters\"": [\n    {\n      \""name\"": \""sort\"",\n      \""type\"": \""STRING\"",\n      \""description\"": \""Method to sort by: newest, oldest, alphabetical, most_videos, most_subscribed, or most_recently_updated.\""\n    },\n    {\n      \""name\"": \""page\"",\n      \""type\"": \""NUMBER\"",\n      \""description\"": \""The page number to show.\""\n    }\n  ]\n}\n\nQuery: I'm a film student and I'm looking for some educational resources. Can you recommend some channels on Vimeo that provide tutorials and insights into different categories of filmmaking? It would be great if you could provide the full video information and the related people in the industry. Also, is it possible to download or stream these videos using a specific tool? Thank you!\n\nOutput JSON:""}, {""role"": ""assistant"", ""content"": ""{""}]","{
  ""tool_name"": ""Vimeo"",
  ""parameters"": {
    ""format"": ""json"",
    ""per_page"": ""50"",
    ""sort"": ""most_videos"",
    ""page"": 1
  }
}",False,"2 validation errors for GetAllChannels
format
  Field required [type=missing, input_value={'tool_name': 'Vimeo', 'p...ost_videos', 'page': 1}}, input_type=dict]
    For further information visit https://errors.pydantic.dev/2.12/v/missing
per_page
  Field required [type=missing, input_value={'tool_name': 'Vimeo', 'p...ost_videos', 'page': 1}}, input_type=dict]
    For further information visit https://errors.pydantic.dev/2.12/v/missing","{""extraneous_text_pct"": 0.0, ""cleaned_json_length"": 0, ""original_length"": 134}"
qwen-turbo,toolbench_user_plus_assistant_seed,"[{""role"": ""user"", ""content"": ""Extract the parameters for the following tool based on the query.\n\nSchema:\n{\n  \""tool_name\"": \""Streaming Availability\"",\n  \""description\"": \""Search through the catalog of the given services in the given country. Provides filters such as show language, genre and keyword. Items per page is 25. Output includes all the information about the shows, such as title, IMDb ID, TMDb ID, IMDb rating, link to shows' pages in streaming services (including individual season/episode links), cast, runtime, poster and many more! Apart from the info about the given country-service combinations, output also includes information about availability in the other services for the given country.\"",\n  \""required_parameters\"": [\n    {\n      \""name\"": \""services\"",\n      \""type\"": \""STRING\"",\n      \""description\"": \""A comma separated list of up to 16 services to search in. See `/v2/services` endpoint to get the supported services and their ids/names.\\n\\nSyntax of the values supplied in the list can be as the followings:\\n\\n`<sevice_id>`: Searches in the entire catalog of that service, including (if applicable) rentable, buyable shows or shows available through addons i.e. `netflix`, `prime`, `apple`\\n\\n`<sevice_id>.<offer_type>`: Only returns the shows that are available in that service with the given offer type. Valid offer type values are `subscription`, `free`, `rent`, `buy` and `addon`  i.e. `peacock.free` only returns the shows on Peacock that are free to watch, `prime.subscription` only returns the shows on Prime Video that are available to watch with a Prime subscription. `hulu.addon` only returns the shows on Hulu that are available via an addon,  `prime.rent` only returns the shows on Prime Video that are rentable.\\n\\n`<sevice_id>.addon.<addon_id>`: Only returns the shows that are available in that service with the given addon. Check `/v2/services` endpoint to fetch the available addons for a service. Some sample values are: `hulu.addon.hbo`,  `prime.addon.hbomaxus`.\\n\\nIf a service supports both `free` and `subscription`, then results included under `subscription` will always include the `free` shows as well.\\n\\nWhen multiple values are passed as a comma separated list, any show that satisfies at least one of the values will be included in the result.\\n\\nSome sample list values:\\n\\n`prime.rent,prime.buy,apple.rent,apple.buy`: Returns all the buyable/rentable shows on Amazon Prime Video and Apple TV.\\n\\n`prime.addon,prime.subscription`: Returns all the shows on Amazon Prime Video that are available through either a Prime Video subscription or a Prime Video Channel subscription.\""\n    },\n    {\n      \""name\"": \""country\"",\n      \""type\"": \""STRING\"",\n      \""description\"": \""2 letter ISO 3166-1 alpha-2 country code of the country to search in. See the about page to check the supported countries.\""\n    }\n  ],\n  \""optional_parameters\"": [\n    {\n      \""name\"": \""max_imdb_vote_count\"",\n      \""type\"": \""NUMBER\"",\n      \""description\"": \""\""\n    },\n    {\n      \""name\"": \""order_by\"",\n      \""type\"": \""STRING\"",\n      \""description\"": \""Determines the ordering of the results.\\n\\nPossible values are `original_title`, `imdb_vote_count`, `imdb_rating` and `year`. Default value is `original_title`\""\n    },\n    {\n      \""name\"": \""max_imdb_rating\"",\n      \""type\"": \""NUMBER\"",\n      \""description\"": \""Out of 100\""\n    },\n    {\n      \""name\"": \""min_imdb_rating\"",\n      \""type\"": \""NUMBER\"",\n      \""description\"": \""Out of 100\""\n    },\n    {\n      \""name\"": \""desc\"",\n      \""type\"": \""BOOLEAN\"",\n      \""description\"": \""Use descending order?\\n\\nPossible values are `true` and `false`. Default value is `false`.\""\n    },\n    {\n      \""name\"": \""keyword\"",\n      \""type\"": \""STRING\"",\n      \""description\"": \""A keyword to only search within the shows have that keyword in their overview or title.\""\n    },\n    {\n      \""name\"": \""cursor\"",\n      \""type\"": \""STRING\"",\n      \""description\"": \""Cursor is used for pagination. After each request, the response includes a `hasMore` boolean field to tell if there are more results that did not fit the returned list size. If it is set as true, to get the rest of the result set, send a new request (with the same parameters for other fields such as show_type, services etc.), and set the cursor parameter as the `nextCursor` value of the previous request response. Do not forget to escape the cursor value before putting it into the query as it might contain characters such as `?`, `&`.\\n\\nThe first request naturally does not require a `cursor` parameter.\""\n    },\n    {\n      \""name\"": \""year_max\"",\n      \""type\"": \""NUMBER\"",\n      \""description\"": \""Maximum release/air year of the show.\""\n    },\n    {\n      \""name\"": \""min_imdb_vote_count\"",\n      \""type\"": \""NUMBER\"",\n      \""description\"": \""\""\n    },\n    {\n      \""name\"": \""year_min\"",\n      \""type\"": \""NUMBER\"",\n      \""description\"": \""Minimum release/air year of the show.\""\n    },\n    {\n      \""name\"": \""show_original_language\"",\n      \""type\"": \""STRING\"",\n      \""description\"": \""A 2 letter ISO 639-1 language code to only search within the shows whose original language matches with the provided language.\""\n    },\n    {\n      \""name\"": \""genres_relation\"",\n      \""type\"": \""STRING\"",\n      \""description\"": \""When more than one genre is supplied in `genres` parameter, `genres_relation` chooses the matching style against\\n\\nWhen `or`, the endpoint returns any show that has at least one of the given genres.\\nWhen `and`, it only returns the shows that have all of the given genres.\\n\\nDefault value is `and`.\""\n    },\n    {\n      \""name\"": \""genres\"",\n      \""type\"": \""STRING\"",\n      \""description\"": \""Comma separated list of genre ids to only search within the shows in those genres. See `/v2/genres` endpoint to see available genres and ids.\\n\\nWhen more than one genre supplied, set `genres_relation` parameter to specify between returning shows that have at least one of the given genres or returning shows that have all of the given genres\""\n    },\n    {\n      \""name\"": \""output_language\"",\n      \""type\"": \""STRING\"",\n      \""description\"": \""2 letter iso code of the output language. Default is `en`. See the about page to see the list of languages supported.\""\n    },\n    {\n      \""name\"": \""show_type\"",\n      \""type\"": \""STRING\"",\n      \""description\"": \""Type of shows to search in. Accepted values are `movie`, `series` or `all`. The default value is `all`.\""\n    }\n  ]\n}\n\nQuery: I'm planning a movie night with my friends and we want to watch a comedy film. Can you recommend some popular comedy movies available on streaming platforms in the US? Also, provide the runtime and IMDb ratings for these movies.\n\nOutput JSON:""}, {""role"": ""assistant"", ""content"": ""{""}]","{
  ""tool_name"": ""Streaming Availability"",
  ""parameters"": {
    ""services"": ""netflix,prime,hulu,disneyplus"",
    ""country"": ""US"",
    ""genres"": ""comedy"",
    ""show_type"": ""movie"",
    ""order_by"": ""imdb_rating"",
    ""desc"": true,
    ""output_language"": ""en""
  }
}",False,"2 validation errors for Search Ultra
services
  Field required [type=missing, input_value={'tool_name': 'Streaming ...output_language': 'en'}}, input_type=dict]
    For further information visit https://errors.pydantic.dev/2.12/v/missing
country
  Field required [type=missing, input_value={'tool_name': 'Streaming ...output_language': 'en'}}, input_type=dict]
    For further information visit https://errors.pydantic.dev/2.12/v/missing","{""extraneous_text_pct"": 0.0, ""cleaned_json_length"": 0, ""original_length"": 263}"
qwen-turbo,toolbench_user_plus_assistant_seed,"[{""role"": ""user"", ""content"": ""Extract the parameters for the following tool based on the query.\n\nSchema:\n{\n  \""tool_name\"": \""Streaming Availability\"",\n  \""description\"": \""Search through the catalog of the given services in the given country. Provides filters such as show language, genre and keyword. Items per page is 25. Output includes all the information about the shows, such as title, IMDb ID, TMDb ID, IMDb rating, link to shows' pages in streaming services (including individual season/episode links), cast, runtime, poster and many more! Apart from the info about the given country-service combinations, output also includes information about availability in the other services for the given country.\"",\n  \""required_parameters\"": [\n    {\n      \""name\"": \""services\"",\n      \""type\"": \""STRING\"",\n      \""description\"": \""A comma separated list of up to 16 services to search in. See `/v2/services` endpoint to get the supported services and their ids/names.\\n\\nSyntax of the values supplied in the list can be as the followings:\\n\\n`<sevice_id>`: Searches in the entire catalog of that service, including (if applicable) rentable, buyable shows or shows available through addons i.e. `netflix`, `prime`, `apple`\\n\\n`<sevice_id>.<offer_type>`: Only returns the shows that are available in that service with the given offer type. Valid offer type values are `subscription`, `free`, `rent`, `buy` and `addon`  i.e. `peacock.free` only returns the shows on Peacock that are free to watch, `prime.subscription` only returns the shows on Prime Video that are available to watch with a Prime subscription. `hulu.addon` only returns the shows on Hulu that are available via an addon,  `prime.rent` only returns the shows on Prime Video that are rentable.\\n\\n`<sevice_id>.addon.<addon_id>`: Only returns the shows that are available in that service with the given addon. Check `/v2/services` endpoint to fetch the available addons for a service. Some sample values are: `hulu.addon.hbo`,  `prime.addon.hbomaxus`.\\n\\nIf a service supports both `free` and `subscription`, then results included under `subscription` will always include the `free` shows as well.\\n\\nWhen multiple values are passed as a comma separated list, any show that satisfies at least one of the values will be included in the result.\\n\\nSome sample list values:\\n\\n`prime.rent,prime.buy,apple.rent,apple.buy`: Returns all the buyable/rentable shows on Amazon Prime Video and Apple TV.\\n\\n`prime.addon,prime.subscription`: Returns all the shows on Amazon Prime Video that are available through either a Prime Video subscription or a Prime Video Channel subscription.\""\n    },\n    {\n      \""name\"": \""country\"",\n      \""type\"": \""STRING\"",\n      \""description\"": \""2 letter ISO 3166-1 alpha-2 country code of the country to search in. See the about page to check the supported countries.\""\n    }\n  ],\n  \""optional_parameters\"": [\n    {\n      \""name\"": \""max_imdb_vote_count\"",\n      \""type\"": \""NUMBER\"",\n      \""description\"": \""\""\n    },\n    {\n      \""name\"": \""order_by\"",\n      \""type\"": \""STRING\"",\n      \""description\"": \""Determines the ordering of the results.\\n\\nPossible values are `original_title`, `imdb_vote_count`, `imdb_rating` and `year`. Default value is `original_title`\""\n    },\n    {\n      \""name\"": \""max_imdb_rating\"",\n      \""type\"": \""NUMBER\"",\n      \""description\"": \""Out of 100\""\n    },\n    {\n      \""name\"": \""min_imdb_rating\"",\n      \""type\"": \""NUMBER\"",\n      \""description\"": \""Out of 100\""\n    },\n    {\n      \""name\"": \""desc\"",\n      \""type\"": \""BOOLEAN\"",\n      \""description\"": \""Use descending order?\\n\\nPossible values are `true` and `false`. Default value is `false`.\""\n    },\n    {\n      \""name\"": \""keyword\"",\n      \""type\"": \""STRING\"",\n      \""description\"": \""A keyword to only search within the shows have that keyword in their overview or title.\""\n    },\n    {\n      \""name\"": \""cursor\"",\n      \""type\"": \""STRING\"",\n      \""description\"": \""Cursor is used for pagination. After each request, the response includes a `hasMore` boolean field to tell if there are more results that did not fit the returned list size. If it is set as true, to get the rest of the result set, send a new request (with the same parameters for other fields such as show_type, services etc.), and set the cursor parameter as the `nextCursor` value of the previous request response. Do not forget to escape the cursor value before putting it into the query as it might contain characters such as `?`, `&`.\\n\\nThe first request naturally does not require a `cursor` parameter.\""\n    },\n    {\n      \""name\"": \""year_max\"",\n      \""type\"": \""NUMBER\"",\n      \""description\"": \""Maximum release/air year of the show.\""\n    },\n    {\n      \""name\"": \""min_imdb_vote_count\"",\n      \""type\"": \""NUMBER\"",\n      \""description\"": \""\""\n    },\n    {\n      \""name\"": \""year_min\"",\n      \""type\"": \""NUMBER\"",\n      \""description\"": \""Minimum release/air year of the show.\""\n    },\n    {\n      \""name\"": \""show_original_language\"",\n      \""type\"": \""STRING\"",\n      \""description\"": \""A 2 letter ISO 639-1 language code to only search within the shows whose original language matches with the provided language.\""\n    },\n    {\n      \""name\"": \""genres_relation\"",\n      \""type\"": \""STRING\"",\n      \""description\"": \""When more than one genre is supplied in `genres` parameter, `genres_relation` chooses the matching style against\\n\\nWhen `or`, the endpoint returns any show that has at least one of the given genres.\\nWhen `and`, it only returns the shows that have all of the given genres.\\n\\nDefault value is `and`.\""\n    },\n    {\n      \""name\"": \""genres\"",\n      \""type\"": \""STRING\"",\n      \""description\"": \""Comma separated list of genre ids to only search within the shows in those genres. See `/v2/genres` endpoint to see available genres and ids.\\n\\nWhen more than one genre supplied, set `genres_relation` parameter to specify between returning shows that have at least one of the given genres or returning shows that have all of the given genres\""\n    },\n    {\n      \""name\"": \""output_language\"",\n      \""type\"": \""STRING\"",\n      \""description\"": \""2 letter iso code of the output language. Default is `en`. See the about page to see the list of languages supported.\""\n    },\n    {\n      \""name\"": \""show_type\"",\n      \""type\"": \""STRING\"",\n      \""description\"": \""Type of shows to search in. Accepted values are `movie`, `series` or `all`. The default value is `all`.\""\n    }\n  ]\n}\n\nQuery: I'm a movie enthusiast and I'm interested in watching critically acclaimed films. Can you suggest some award-winning movies with high IMDb ratings? Also, provide the streaming platforms where these movies are available in the US.\n\nOutput JSON:""}, {""role"": ""assistant"", ""content"": ""{""}]","{
  ""tool_name"": ""Streaming Availability"",
  ""parameters"": {
    ""services"": ""netflix,prime,hulu,disneyplus,apple,peacock"",
    ""country"": ""US"",
    ""min_imdb_rating"": 85,
    ""max_imdb_vote_count"": 10000,
    ""order_by"": ""imdb_rating"",
    ""desc"": true,
    ""show_type"": ""movie""
  }
}",False,"2 validation errors for Search Ultra
services
  Field required [type=missing, input_value={'tool_name': 'Streaming ..., 'show_type': 'movie'}}, input_type=dict]
    For further information visit https://errors.pydantic.dev/2.12/v/missing
country
  Field required [type=missing, input_value={'tool_name': 'Streaming ..., 'show_type': 'movie'}}, input_type=dict]
    For further information visit https://errors.pydantic.dev/2.12/v/missing","{""extraneous_text_pct"": 0.0, ""cleaned_json_length"": 0, ""original_length"": 285}"
qwen-turbo,toolbench_user_plus_assistant_seed,"[{""role"": ""user"", ""content"": ""Extract the parameters for the following tool based on the query.\n\nSchema:\n{\n  \""tool_name\"": \""Streaming Availability\"",\n  \""description\"": \""Search through the catalog of the given services in the given country. Provides filters such as show language, genre and keyword. Items per page is 25. Output includes all the information about the shows, such as title, IMDb ID, TMDb ID, IMDb rating, link to shows' pages in streaming services (including individual season/episode links), cast, runtime, poster and many more! Apart from the info about the given country-service combinations, output also includes information about availability in the other services for the given country.\"",\n  \""required_parameters\"": [\n    {\n      \""name\"": \""services\"",\n      \""type\"": \""STRING\"",\n      \""description\"": \""A comma separated list of up to 16 services to search in. See `/v2/services` endpoint to get the supported services and their ids/names.\\n\\nSyntax of the values supplied in the list can be as the followings:\\n\\n`<sevice_id>`: Searches in the entire catalog of that service, including (if applicable) rentable, buyable shows or shows available through addons i.e. `netflix`, `prime`, `apple`\\n\\n`<sevice_id>.<offer_type>`: Only returns the shows that are available in that service with the given offer type. Valid offer type values are `subscription`, `free`, `rent`, `buy` and `addon`  i.e. `peacock.free` only returns the shows on Peacock that are free to watch, `prime.subscription` only returns the shows on Prime Video that are available to watch with a Prime subscription. `hulu.addon` only returns the shows on Hulu that are available via an addon,  `prime.rent` only returns the shows on Prime Video that are rentable.\\n\\n`<sevice_id>.addon.<addon_id>`: Only returns the shows that are available in that service with the given addon. Check `/v2/services` endpoint to fetch the available addons for a service. Some sample values are: `hulu.addon.hbo`,  `prime.addon.hbomaxus`.\\n\\nIf a service supports both `free` and `subscription`, then results included under `subscription` will always include the `free` shows as well.\\n\\nWhen multiple values are passed as a comma separated list, any show that satisfies at least one of the values will be included in the result.\\n\\nSome sample list values:\\n\\n`prime.rent,prime.buy,apple.rent,apple.buy`: Returns all the buyable/rentable shows on Amazon Prime Video and Apple TV.\\n\\n`prime.addon,prime.subscription`: Returns all the shows on Amazon Prime Video that are available through either a Prime Video subscription or a Prime Video Channel subscription.\""\n    },\n    {\n      \""name\"": \""country\"",\n      \""type\"": \""STRING\"",\n      \""description\"": \""2 letter ISO 3166-1 alpha-2 country code of the country to search in. See the about page to check the supported countries.\""\n    }\n  ],\n  \""optional_parameters\"": [\n    {\n      \""name\"": \""max_imdb_vote_count\"",\n      \""type\"": \""NUMBER\"",\n      \""description\"": \""\""\n    },\n    {\n      \""name\"": \""order_by\"",\n      \""type\"": \""STRING\"",\n      \""description\"": \""Determines the ordering of the results.\\n\\nPossible values are `original_title`, `imdb_vote_count`, `imdb_rating` and `year`. Default value is `original_title`\""\n    },\n    {\n      \""name\"": \""max_imdb_rating\"",\n      \""type\"": \""NUMBER\"",\n      \""description\"": \""Out of 100\""\n    },\n    {\n      \""name\"": \""min_imdb_rating\"",\n      \""type\"": \""NUMBER\"",\n      \""description\"": \""Out of 100\""\n    },\n    {\n      \""name\"": \""desc\"",\n      \""type\"": \""BOOLEAN\"",\n      \""description\"": \""Use descending order?\\n\\nPossible values are `true` and `false`. Default value is `false`.\""\n    },\n    {\n      \""name\"": \""keyword\"",\n      \""type\"": \""STRING\"",\n      \""description\"": \""A keyword to only search within the shows have that keyword in their overview or title.\""\n    },\n    {\n      \""name\"": \""cursor\"",\n      \""type\"": \""STRING\"",\n      \""description\"": \""Cursor is used for pagination. After each request, the response includes a `hasMore` boolean field to tell if there are more results that did not fit the returned list size. If it is set as true, to get the rest of the result set, send a new request (with the same parameters for other fields such as show_type, services etc.), and set the cursor parameter as the `nextCursor` value of the previous request response. Do not forget to escape the cursor value before putting it into the query as it might contain characters such as `?`, `&`.\\n\\nThe first request naturally does not require a `cursor` parameter.\""\n    },\n    {\n      \""name\"": \""year_max\"",\n      \""type\"": \""NUMBER\"",\n      \""description\"": \""Maximum release/air year of the show.\""\n    },\n    {\n      \""name\"": \""min_imdb_vote_count\"",\n      \""type\"": \""NUMBER\"",\n      \""description\"": \""\""\n    },\n    {\n      \""name\"": \""year_min\"",\n      \""type\"": \""NUMBER\"",\n      \""description\"": \""Minimum release/air year of the show.\""\n    },\n    {\n      \""name\"": \""show_original_language\"",\n      \""type\"": \""STRING\"",\n      \""description\"": \""A 2 letter ISO 639-1 language code to only search within the shows whose original language matches with the provided language.\""\n    },\n    {\n      \""name\"": \""genres_relation\"",\n      \""type\"": \""STRING\"",\n      \""description\"": \""When more than one genre is supplied in `genres` parameter, `genres_relation` chooses the matching style against\\n\\nWhen `or`, the endpoint returns any show that has at least one of the given genres.\\nWhen `and`, it only returns the shows that have all of the given genres.\\n\\nDefault value is `and`.\""\n    },\n    {\n      \""name\"": \""genres\"",\n      \""type\"": \""STRING\"",\n      \""description\"": \""Comma separated list of genre ids to only search within the shows in those genres. See `/v2/genres` endpoint to see available genres and ids.\\n\\nWhen more than one genre supplied, set `genres_relation` parameter to specify between returning shows that have at least one of the given genres or returning shows that have all of the given genres\""\n    },\n    {\n      \""name\"": \""output_language\"",\n      \""type\"": \""STRING\"",\n      \""description\"": \""2 letter iso code of the output language. Default is `en`. See the about page to see the list of languages supported.\""\n    },\n    {\n      \""name\"": \""show_type\"",\n      \""type\"": \""STRING\"",\n      \""description\"": \""Type of shows to search in. Accepted values are `movie`, `series` or `all`. The default value is `all`.\""\n    }\n  ]\n}\n\nQuery: I'm planning a movie night with my friends and we want to watch a horror film. Can you recommend some popular horror movies available on streaming platforms in the US? Also, provide the runtime and IMDb ratings for these movies.\n\nOutput JSON:""}, {""role"": ""assistant"", ""content"": ""{""}]","{
  ""tool_name"": ""Streaming Availability"",
  ""parameters"": {
    ""services"": ""netflix,prime,hulu,disneyplus,apple"",
    ""country"": ""US"",
    ""genres"": ""27"",
    ""show_type"": ""movie"",
    ""order_by"": ""imdb_rating"",
    ""desc"": ""true"",
    ""output_language"": ""en""
  }
}",False,"2 validation errors for Search Ultra
services
  Field required [type=missing, input_value={'tool_name': 'Streaming ...output_language': 'en'}}, input_type=dict]
    For further information visit https://errors.pydantic.dev/2.12/v/missing
country
  Field required [type=missing, input_value={'tool_name': 'Streaming ...output_language': 'en'}}, input_type=dict]
    For further information visit https://errors.pydantic.dev/2.12/v/missing","{""extraneous_text_pct"": 0.0, ""cleaned_json_length"": 0, ""original_length"": 267}"
qwen-turbo,toolbench_user_plus_assistant_seed,"[{""role"": ""user"", ""content"": ""Extract the parameters for the following tool based on the query.\n\nSchema:\n{\n  \""tool_name\"": \""Streaming Availability\"",\n  \""description\"": \""Search through the catalog of the given services in the given country. Provides filters such as show language, genre and keyword. Items per page is 25. Output includes all the information about the shows, such as title, IMDb ID, TMDb ID, IMDb rating, link to shows' pages in streaming services (including individual season/episode links), cast, runtime, poster and many more! Apart from the info about the given country-service combinations, output also includes information about availability in the other services for the given country.\"",\n  \""required_parameters\"": [\n    {\n      \""name\"": \""services\"",\n      \""type\"": \""STRING\"",\n      \""description\"": \""A comma separated list of up to 16 services to search in. See `/v2/services` endpoint to get the supported services and their ids/names.\\n\\nSyntax of the values supplied in the list can be as the followings:\\n\\n`<sevice_id>`: Searches in the entire catalog of that service, including (if applicable) rentable, buyable shows or shows available through addons i.e. `netflix`, `prime`, `apple`\\n\\n`<sevice_id>.<offer_type>`: Only returns the shows that are available in that service with the given offer type. Valid offer type values are `subscription`, `free`, `rent`, `buy` and `addon`  i.e. `peacock.free` only returns the shows on Peacock that are free to watch, `prime.subscription` only returns the shows on Prime Video that are available to watch with a Prime subscription. `hulu.addon` only returns the shows on Hulu that are available via an addon,  `prime.rent` only returns the shows on Prime Video that are rentable.\\n\\n`<sevice_id>.addon.<addon_id>`: Only returns the shows that are available in that service with the given addon. Check `/v2/services` endpoint to fetch the available addons for a service. Some sample values are: `hulu.addon.hbo`,  `prime.addon.hbomaxus`.\\n\\nIf a service supports both `free` and `subscription`, then results included under `subscription` will always include the `free` shows as well.\\n\\nWhen multiple values are passed as a comma separated list, any show that satisfies at least one of the values will be included in the result.\\n\\nSome sample list values:\\n\\n`prime.rent,prime.buy,apple.rent,apple.buy`: Returns all the buyable/rentable shows on Amazon Prime Video and Apple TV.\\n\\n`prime.addon,prime.subscription`: Returns all the shows on Amazon Prime Video that are available through either a Prime Video subscription or a Prime Video Channel subscription.\""\n    },\n    {\n      \""name\"": \""country\"",\n      \""type\"": \""STRING\"",\n      \""description\"": \""2 letter ISO 3166-1 alpha-2 country code of the country to search in. See the about page to check the supported countries.\""\n    }\n  ],\n  \""optional_parameters\"": [\n    {\n      \""name\"": \""max_imdb_vote_count\"",\n      \""type\"": \""NUMBER\"",\n      \""description\"": \""\""\n    },\n    {\n      \""name\"": \""order_by\"",\n      \""type\"": \""STRING\"",\n      \""description\"": \""Determines the ordering of the results.\\n\\nPossible values are `original_title`, `imdb_vote_count`, `imdb_rating` and `year`. Default value is `original_title`\""\n    },\n    {\n      \""name\"": \""max_imdb_rating\"",\n      \""type\"": \""NUMBER\"",\n      \""description\"": \""Out of 100\""\n    },\n    {\n      \""name\"": \""min_imdb_rating\"",\n      \""type\"": \""NUMBER\"",\n      \""description\"": \""Out of 100\""\n    },\n    {\n      \""name\"": \""desc\"",\n      \""type\"": \""BOOLEAN\"",\n      \""description\"": \""Use descending order?\\n\\nPossible values are `true` and `false`. Default value is `false`.\""\n    },\n    {\n      \""name\"": \""keyword\"",\n      \""type\"": \""STRING\"",\n      \""description\"": \""A keyword to only search within the shows have that keyword in their overview or title.\""\n    },\n    {\n      \""name\"": \""cursor\"",\n      \""type\"": \""STRING\"",\n      \""description\"": \""Cursor is used for pagination. After each request, the response includes a `hasMore` boolean field to tell if there are more results that did not fit the returned list size. If it is set as true, to get the rest of the result set, send a new request (with the same parameters for other fields such as show_type, services etc.), and set the cursor parameter as the `nextCursor` value of the previous request response. Do not forget to escape the cursor value before putting it into the query as it might contain characters such as `?`, `&`.\\n\\nThe first request naturally does not require a `cursor` parameter.\""\n    },\n    {\n      \""name\"": \""year_max\"",\n      \""type\"": \""NUMBER\"",\n      \""description\"": \""Maximum release/air year of the show.\""\n    },\n    {\n      \""name\"": \""min_imdb_vote_count\"",\n      \""type\"": \""NUMBER\"",\n      \""description\"": \""\""\n    },\n    {\n      \""name\"": \""year_min\"",\n      \""type\"": \""NUMBER\"",\n      \""description\"": \""Minimum release/air year of the show.\""\n    },\n    {\n      \""name\"": \""show_original_language\"",\n      \""type\"": \""STRING\"",\n      \""description\"": \""A 2 letter ISO 639-1 language code to only search within the shows whose original language matches with the provided language.\""\n    },\n    {\n      \""name\"": \""genres_relation\"",\n      \""type\"": \""STRING\"",\n      \""description\"": \""When more than one genre is supplied in `genres` parameter, `genres_relation` chooses the matching style against\\n\\nWhen `or`, the endpoint returns any show that has at least one of the given genres.\\nWhen `and`, it only returns the shows that have all of the given genres.\\n\\nDefault value is `and`.\""\n    },\n    {\n      \""name\"": \""genres\"",\n      \""type\"": \""STRING\"",\n      \""description\"": \""Comma separated list of genre ids to only search within the shows in those genres. See `/v2/genres` endpoint to see available genres and ids.\\n\\nWhen more than one genre supplied, set `genres_relation` parameter to specify between returning shows that have at least one of the given genres or returning shows that have all of the given genres\""\n    },\n    {\n      \""name\"": \""output_language\"",\n      \""type\"": \""STRING\"",\n      \""description\"": \""2 letter iso code of the output language. Default is `en`. See the about page to see the list of languages supported.\""\n    },\n    {\n      \""name\"": \""show_type\"",\n      \""type\"": \""STRING\"",\n      \""description\"": \""Type of shows to search in. Accepted values are `movie`, `series` or `all`. The default value is `all`.\""\n    }\n  ]\n}\n\nQuery: I want to watch a romantic comedy movie with my partner. Can you recommend some popular romantic comedy films available on streaming platforms in the US? Also, provide the runtime and IMDb ratings for these movies.\n\nOutput JSON:""}, {""role"": ""assistant"", ""content"": ""{""}]","{
  ""tool_name"": ""Streaming Availability"",
  ""parameters"": {
    ""services"": ""netflix,prime,disney,apple,hulu"",
    ""country"": ""US"",
    ""show_type"": ""movie"",
    ""genres"": ""romantic_comedy"",
    ""order_by"": ""imdb_rating"",
    ""desc"": ""true"",
    ""output_language"": ""en""
  }
}",False,"2 validation errors for Search Ultra
services
  Field required [type=missing, input_value={'tool_name': 'Streaming ...output_language': 'en'}}, input_type=dict]
    For further information visit https://errors.pydantic.dev/2.12/v/missing
country
  Field required [type=missing, input_value={'tool_name': 'Streaming ...output_language': 'en'}}, input_type=dict]
    For further information visit https://errors.pydantic.dev/2.12/v/missing","{""extraneous_text_pct"": 0.0, ""cleaned_json_length"": 0, ""original_length"": 276}"
qwen-turbo,toolbench_user_plus_assistant_seed,"[{""role"": ""user"", ""content"": ""Extract the parameters for the following tool based on the query.\n\nSchema:\n{\n  \""tool_name\"": \""Streaming Availability\"",\n  \""description\"": \""Search through the catalog of the given services in the given country. Provides filters such as show language, genre and keyword. Items per page is 25. Output includes all the information about the shows, such as title, IMDb ID, TMDb ID, IMDb rating, link to shows' pages in streaming services (including individual season/episode links), cast, runtime, poster and many more! Apart from the info about the given country-service combinations, output also includes information about availability in the other services for the given country.\"",\n  \""required_parameters\"": [\n    {\n      \""name\"": \""services\"",\n      \""type\"": \""STRING\"",\n      \""description\"": \""A comma separated list of up to 16 services to search in. See `/v2/services` endpoint to get the supported services and their ids/names.\\n\\nSyntax of the values supplied in the list can be as the followings:\\n\\n`<sevice_id>`: Searches in the entire catalog of that service, including (if applicable) rentable, buyable shows or shows available through addons i.e. `netflix`, `prime`, `apple`\\n\\n`<sevice_id>.<offer_type>`: Only returns the shows that are available in that service with the given offer type. Valid offer type values are `subscription`, `free`, `rent`, `buy` and `addon`  i.e. `peacock.free` only returns the shows on Peacock that are free to watch, `prime.subscription` only returns the shows on Prime Video that are available to watch with a Prime subscription. `hulu.addon` only returns the shows on Hulu that are available via an addon,  `prime.rent` only returns the shows on Prime Video that are rentable.\\n\\n`<sevice_id>.addon.<addon_id>`: Only returns the shows that are available in that service with the given addon. Check `/v2/services` endpoint to fetch the available addons for a service. Some sample values are: `hulu.addon.hbo`,  `prime.addon.hbomaxus`.\\n\\nIf a service supports both `free` and `subscription`, then results included under `subscription` will always include the `free` shows as well.\\n\\nWhen multiple values are passed as a comma separated list, any show that satisfies at least one of the values will be included in the result.\\n\\nSome sample list values:\\n\\n`prime.rent,prime.buy,apple.rent,apple.buy`: Returns all the buyable/rentable shows on Amazon Prime Video and Apple TV.\\n\\n`prime.addon,prime.subscription`: Returns all the shows on Amazon Prime Video that are available through either a Prime Video subscription or a Prime Video Channel subscription.\""\n    },\n    {\n      \""name\"": \""country\"",\n      \""type\"": \""STRING\"",\n      \""description\"": \""2 letter ISO 3166-1 alpha-2 country code of the country to search in. See the about page to check the supported countries.\""\n    }\n  ],\n  \""optional_parameters\"": [\n    {\n      \""name\"": \""max_imdb_vote_count\"",\n      \""type\"": \""NUMBER\"",\n      \""description\"": \""\""\n    },\n    {\n      \""name\"": \""order_by\"",\n      \""type\"": \""STRING\"",\n      \""description\"": \""Determines the ordering of the results.\\n\\nPossible values are `original_title`, `imdb_vote_count`, `imdb_rating` and `year`. Default value is `original_title`\""\n    },\n    {\n      \""name\"": \""max_imdb_rating\"",\n      \""type\"": \""NUMBER\"",\n      \""description\"": \""Out of 100\""\n    },\n    {\n      \""name\"": \""min_imdb_rating\"",\n      \""type\"": \""NUMBER\"",\n      \""description\"": \""Out of 100\""\n    },\n    {\n      \""name\"": \""desc\"",\n      \""type\"": \""BOOLEAN\"",\n      \""description\"": \""Use descending order?\\n\\nPossible values are `true` and `false`. Default value is `false`.\""\n    },\n    {\n      \""name\"": \""keyword\"",\n      \""type\"": \""STRING\"",\n      \""description\"": \""A keyword to only search within the shows have that keyword in their overview or title.\""\n    },\n    {\n      \""name\"": \""cursor\"",\n      \""type\"": \""STRING\"",\n      \""description\"": \""Cursor is used for pagination. After each request, the response includes a `hasMore` boolean field to tell if there are more results that did not fit the returned list size. If it is set as true, to get the rest of the result set, send a new request (with the same parameters for other fields such as show_type, services etc.), and set the cursor parameter as the `nextCursor` value of the previous request response. Do not forget to escape the cursor value before putting it into the query as it might contain characters such as `?`, `&`.\\n\\nThe first request naturally does not require a `cursor` parameter.\""\n    },\n    {\n      \""name\"": \""year_max\"",\n      \""type\"": \""NUMBER\"",\n      \""description\"": \""Maximum release/air year of the show.\""\n    },\n    {\n      \""name\"": \""min_imdb_vote_count\"",\n      \""type\"": \""NUMBER\"",\n      \""description\"": \""\""\n    },\n    {\n      \""name\"": \""year_min\"",\n      \""type\"": \""NUMBER\"",\n      \""description\"": \""Minimum release/air year of the show.\""\n    },\n    {\n      \""name\"": \""show_original_language\"",\n      \""type\"": \""STRING\"",\n      \""description\"": \""A 2 letter ISO 639-1 language code to only search within the shows whose original language matches with the provided language.\""\n    },\n    {\n      \""name\"": \""genres_relation\"",\n      \""type\"": \""STRING\"",\n      \""description\"": \""When more than one genre is supplied in `genres` parameter, `genres_relation` chooses the matching style against\\n\\nWhen `or`, the endpoint returns any show that has at least one of the given genres.\\nWhen `and`, it only returns the shows that have all of the given genres.\\n\\nDefault value is `and`.\""\n    },\n    {\n      \""name\"": \""genres\"",\n      \""type\"": \""STRING\"",\n      \""description\"": \""Comma separated list of genre ids to only search within the shows in those genres. See `/v2/genres` endpoint to see available genres and ids.\\n\\nWhen more than one genre supplied, set `genres_relation` parameter to specify between returning shows that have at least one of the given genres or returning shows that have all of the given genres\""\n    },\n    {\n      \""name\"": \""output_language\"",\n      \""type\"": \""STRING\"",\n      \""description\"": \""2 letter iso code of the output language. Default is `en`. See the about page to see the list of languages supported.\""\n    },\n    {\n      \""name\"": \""show_type\"",\n      \""type\"": \""STRING\"",\n      \""description\"": \""Type of shows to search in. Accepted values are `movie`, `series` or `all`. The default value is `all`.\""\n    }\n  ]\n}\n\nQuery: I'm a history buff and I'm interested in watching historical films. Can you recommend some acclaimed historical movies available on streaming platforms in the US? Also, provide the runtime and IMDb ratings for these movies.\n\nOutput JSON:""}, {""role"": ""assistant"", ""content"": ""{""}]","{
  ""tool_name"": ""Streaming Availability"",
  ""parameters"": {
    ""services"": ""netflix,prime,disney,amazon,hbo"",
    ""country"": ""US"",
    ""genres"": ""15"",
    ""show_type"": ""movie"",
    ""order_by"": ""imdb_rating"",
    ""desc"": ""true"",
    ""output_language"": ""en"",
    ""min_imdb_rating"": 80,
    ""max_imdb_vote_count"": 10000
  }
}",False,"2 validation errors for Search Ultra
services
  Field required [type=missing, input_value={'tool_name': 'Streaming ...mdb_vote_count': 10000}}, input_type=dict]
    For further information visit https://errors.pydantic.dev/2.12/v/missing
country
  Field required [type=missing, input_value={'tool_name': 'Streaming ...mdb_vote_count': 10000}}, input_type=dict]
    For further information visit https://errors.pydantic.dev/2.12/v/missing","{""extraneous_text_pct"": 0.0, ""cleaned_json_length"": 0, ""original_length"": 324}"
qwen-turbo,toolbench_user_plus_assistant_seed,"[{""role"": ""user"", ""content"": ""Extract the parameters for the following tool based on the query.\n\nSchema:\n{\n  \""tool_name\"": \""Streaming Availability\"",\n  \""description\"": \""Search through the catalog of the given services in the given country. Provides filters such as show language, genre and keyword. Items per page is 25. Output includes all the information about the shows, such as title, IMDb ID, TMDb ID, IMDb rating, link to shows' pages in streaming services (including individual season/episode links), cast, runtime, poster and many more! Apart from the info about the given country-service combinations, output also includes information about availability in the other services for the given country.\"",\n  \""required_parameters\"": [\n    {\n      \""name\"": \""services\"",\n      \""type\"": \""STRING\"",\n      \""description\"": \""A comma separated list of up to 16 services to search in. See `/v2/services` endpoint to get the supported services and their ids/names.\\n\\nSyntax of the values supplied in the list can be as the followings:\\n\\n`<sevice_id>`: Searches in the entire catalog of that service, including (if applicable) rentable, buyable shows or shows available through addons i.e. `netflix`, `prime`, `apple`\\n\\n`<sevice_id>.<offer_type>`: Only returns the shows that are available in that service with the given offer type. Valid offer type values are `subscription`, `free`, `rent`, `buy` and `addon`  i.e. `peacock.free` only returns the shows on Peacock that are free to watch, `prime.subscription` only returns the shows on Prime Video that are available to watch with a Prime subscription. `hulu.addon` only returns the shows on Hulu that are available via an addon,  `prime.rent` only returns the shows on Prime Video that are rentable.\\n\\n`<sevice_id>.addon.<addon_id>`: Only returns the shows that are available in that service with the given addon. Check `/v2/services` endpoint to fetch the available addons for a service. Some sample values are: `hulu.addon.hbo`,  `prime.addon.hbomaxus`.\\n\\nIf a service supports both `free` and `subscription`, then results included under `subscription` will always include the `free` shows as well.\\n\\nWhen multiple values are passed as a comma separated list, any show that satisfies at least one of the values will be included in the result.\\n\\nSome sample list values:\\n\\n`prime.rent,prime.buy,apple.rent,apple.buy`: Returns all the buyable/rentable shows on Amazon Prime Video and Apple TV.\\n\\n`prime.addon,prime.subscription`: Returns all the shows on Amazon Prime Video that are available through either a Prime Video subscription or a Prime Video Channel subscription.\""\n    },\n    {\n      \""name\"": \""country\"",\n      \""type\"": \""STRING\"",\n      \""description\"": \""2 letter ISO 3166-1 alpha-2 country code of the country to search in. See the about page to check the supported countries.\""\n    }\n  ],\n  \""optional_parameters\"": [\n    {\n      \""name\"": \""max_imdb_vote_count\"",\n      \""type\"": \""NUMBER\"",\n      \""description\"": \""\""\n    },\n    {\n      \""name\"": \""order_by\"",\n      \""type\"": \""STRING\"",\n      \""description\"": \""Determines the ordering of the results.\\n\\nPossible values are `original_title`, `imdb_vote_count`, `imdb_rating` and `year`. Default value is `original_title`\""\n    },\n    {\n      \""name\"": \""max_imdb_rating\"",\n      \""type\"": \""NUMBER\"",\n      \""description\"": \""Out of 100\""\n    },\n    {\n      \""name\"": \""min_imdb_rating\"",\n      \""type\"": \""NUMBER\"",\n      \""description\"": \""Out of 100\""\n    },\n    {\n      \""name\"": \""desc\"",\n      \""type\"": \""BOOLEAN\"",\n      \""description\"": \""Use descending order?\\n\\nPossible values are `true` and `false`. Default value is `false`.\""\n    },\n    {\n      \""name\"": \""keyword\"",\n      \""type\"": \""STRING\"",\n      \""description\"": \""A keyword to only search within the shows have that keyword in their overview or title.\""\n    },\n    {\n      \""name\"": \""cursor\"",\n      \""type\"": \""STRING\"",\n      \""description\"": \""Cursor is used for pagination. After each request, the response includes a `hasMore` boolean field to tell if there are more results that did not fit the returned list size. If it is set as true, to get the rest of the result set, send a new request (with the same parameters for other fields such as show_type, services etc.), and set the cursor parameter as the `nextCursor` value of the previous request response. Do not forget to escape the cursor value before putting it into the query as it might contain characters such as `?`, `&`.\\n\\nThe first request naturally does not require a `cursor` parameter.\""\n    },\n    {\n      \""name\"": \""year_max\"",\n      \""type\"": \""NUMBER\"",\n      \""description\"": \""Maximum release/air year of the show.\""\n    },\n    {\n      \""name\"": \""min_imdb_vote_count\"",\n      \""type\"": \""NUMBER\"",\n      \""description\"": \""\""\n    },\n    {\n      \""name\"": \""year_min\"",\n      \""type\"": \""NUMBER\"",\n      \""description\"": \""Minimum release/air year of the show.\""\n    },\n    {\n      \""name\"": \""show_original_language\"",\n      \""type\"": \""STRING\"",\n      \""description\"": \""A 2 letter ISO 639-1 language code to only search within the shows whose original language matches with the provided language.\""\n    },\n    {\n      \""name\"": \""genres_relation\"",\n      \""type\"": \""STRING\"",\n      \""description\"": \""When more than one genre is supplied in `genres` parameter, `genres_relation` chooses the matching style against\\n\\nWhen `or`, the endpoint returns any show that has at least one of the given genres.\\nWhen `and`, it only returns the shows that have all of the given genres.\\n\\nDefault value is `and`.\""\n    },\n    {\n      \""name\"": \""genres\"",\n      \""type\"": \""STRING\"",\n      \""description\"": \""Comma separated list of genre ids to only search within the shows in those genres. See `/v2/genres` endpoint to see available genres and ids.\\n\\nWhen more than one genre supplied, set `genres_relation` parameter to specify between returning shows that have at least one of the given genres or returning shows that have all of the given genres\""\n    },\n    {\n      \""name\"": \""output_language\"",\n      \""type\"": \""STRING\"",\n      \""description\"": \""2 letter iso code of the output language. Default is `en`. See the about page to see the list of languages supported.\""\n    },\n    {\n      \""name\"": \""show_type\"",\n      \""type\"": \""STRING\"",\n      \""description\"": \""Type of shows to search in. Accepted values are `movie`, `series` or `all`. The default value is `all`.\""\n    }\n  ]\n}\n\nQuery: I'm organizing a movie night for my company's team-building event. Can you suggest some motivational movies with positive messages? Also, provide the streaming platforms where these movies are available in the US.\n\nOutput JSON:""}, {""role"": ""assistant"", ""content"": ""{""}]","{
  ""tool_name"": ""Streaming Availability"",
  ""parameters"": {
    ""services"": ""netflix,prime,hulu,disneyplus,apple"",
    ""country"": ""US"",
    ""keyword"": ""motivational"",
    ""genres"": ""12"",
    ""genres_relation"": ""and"",
    ""show_type"": ""movie"",
    ""output_language"": ""en""
  }
}",False,"2 validation errors for Search Ultra
services
  Field required [type=missing, input_value={'tool_name': 'Streaming ...output_language': 'en'}}, input_type=dict]
    For further information visit https://errors.pydantic.dev/2.12/v/missing
country
  Field required [type=missing, input_value={'tool_name': 'Streaming ...output_language': 'en'}}, input_type=dict]
    For further information visit https://errors.pydantic.dev/2.12/v/missing","{""extraneous_text_pct"": 0.0, ""cleaned_json_length"": 0, ""original_length"": 277}"
qwen-turbo,toolbench_user_plus_assistant_seed,"[{""role"": ""user"", ""content"": ""Extract the parameters for the following tool based on the query.\n\nSchema:\n{\n  \""tool_name\"": \""Watchmode\"",\n  \""description\"": \""Search for titles/and or people by name or a partial name. Useful for building an autocomplete search of titles and/or people. The results include the field result_type to indicate which type of result it is (title or person). For titles, the movie poster will be returned in image_url, for a person a headshot will be returned in image_url.\"",\n  \""required_parameters\"": [\n    {\n      \""name\"": \""search_value\"",\n      \""type\"": \""STRING\"",\n      \""description\"": \""The phrase to search for, can be a full title or person name, or a partial phrase. For example searching for \\\\\\\""The sha\\\\\\\"" will find the movie \\\\\\\""The Shawshank Redemption\\\\\\\"".\""\n    }\n  ],\n  \""optional_parameters\"": [\n    {\n      \""name\"": \""search_type\"",\n      \""type\"": \""NUMBER\"",\n      \""description\"": \""Set this to 1 to include titles and people in results. Set this to 2 to include titles only. Set this to 3 to include movies only. Set this to 4 to include TV only. Set this to 5 to include people only. By default this is set to 1.\""\n    }\n  ]\n}\n\nQuery: I'm a film enthusiast and I want to explore movies from different regions. Can you recommend some movies from India and the United States? Additionally, I would like to search for movies and TV shows related to 'The Godfather' using the 'search' endpoint.\n\nOutput JSON:""}, {""role"": ""assistant"", ""content"": ""{""}]","{
  ""tool_name"": ""Watchmode"",
  ""parameters"": {
    ""search_value"": ""The Godfather""
  }
}",False,"1 validation error for Autocomplete Search
search_value
  Field required [type=missing, input_value={'tool_name': 'Watchmode'...alue': 'The Godfather'}}, input_type=dict]
    For further information visit https://errors.pydantic.dev/2.12/v/missing","{""extraneous_text_pct"": 0.0, ""cleaned_json_length"": 0, ""original_length"": 89}"
qwen-turbo,toolbench_user_plus_assistant_seed,"[{""role"": ""user"", ""content"": ""Extract the parameters for the following tool based on the query.\n\nSchema:\n{\n  \""tool_name\"": \""OTT details\"",\n  \""description\"": \""This endpoint allows you to search for a movie or tvshow based on the given 'title '.\"",\n  \""required_parameters\"": [\n    {\n      \""name\"": \""title\"",\n      \""type\"": \""STRING\"",\n      \""description\"": \""\""\n    }\n  ],\n  \""optional_parameters\"": [\n    {\n      \""name\"": \""page\"",\n      \""type\"": \""NUMBER\"",\n      \""description\"": \""*Maximum number of pages returned is 10 \""\n    }\n  ]\n}\n\nQuery: My family and I are planning a movie marathon and we need some movie recommendations. Could you search for movies based on the genre 'action' and language 'Spanish'? Also, provide us with the streaming sources available in the US and Canada where we can watch these movies.\n\nOutput JSON:""}, {""role"": ""assistant"", ""content"": ""{""}]","{
  ""tool_name"": ""OTT details"",
  ""parameters"": {
    ""title"": ""action Spanish""
  }
}",False,"1 validation error for Search
title
  Field required [type=missing, input_value={'tool_name': 'OTT detail...tle': 'action Spanish'}}, input_type=dict]
    For further information visit https://errors.pydantic.dev/2.12/v/missing","{""extraneous_text_pct"": 0.0, ""cleaned_json_length"": 0, ""original_length"": 85}"
qwen-turbo,toolbench_user_plus_assistant_seed,"[{""role"": ""user"", ""content"": ""Extract the parameters for the following tool based on the query.\n\nSchema:\n{\n  \""tool_name\"": \""OTT details\"",\n  \""description\"": \""This endpoint allows you to search for a movie or tvshow based on the given 'title '.\"",\n  \""required_parameters\"": [\n    {\n      \""name\"": \""title\"",\n      \""type\"": \""STRING\"",\n      \""description\"": \""\""\n    }\n  ],\n  \""optional_parameters\"": [\n    {\n      \""name\"": \""page\"",\n      \""type\"": \""NUMBER\"",\n      \""description\"": \""*Maximum number of pages returned is 10 \""\n    }\n  ]\n}\n\nQuery: I'm planning a movie-themed birthday party for my niece and I need some suggestions for movies suitable for kids. Can you search for movies based on the genre 'animation' and language 'English'? Also, provide the streaming sources available in the US and Canada where we can watch these movies.\n\nOutput JSON:""}, {""role"": ""assistant"", ""content"": ""{""}]","{
  ""tool_name"": ""OTT details"",
  ""parameters"": {
    ""title"": ""animation"",
    ""page"": 1
  }
}",False,"1 validation error for Search
title
  Field required [type=missing, input_value={'tool_name': 'OTT detail...'animation', 'page': 1}}, input_type=dict]
    For further information visit https://errors.pydantic.dev/2.12/v/missing","{""extraneous_text_pct"": 0.0, ""cleaned_json_length"": 0, ""original_length"": 95}"
qwen-turbo,toolbench_user_plus_assistant_seed,"[{""role"": ""user"", ""content"": ""Extract the parameters for the following tool based on the query.\n\nSchema:\n{\n  \""tool_name\"": \""OTT details\"",\n  \""description\"": \""This endpoint allows you to search for a movie or tvshow based on the given 'title '.\"",\n  \""required_parameters\"": [\n    {\n      \""name\"": \""title\"",\n      \""type\"": \""STRING\"",\n      \""description\"": \""\""\n    }\n  ],\n  \""optional_parameters\"": [\n    {\n      \""name\"": \""page\"",\n      \""type\"": \""NUMBER\"",\n      \""description\"": \""*Maximum number of pages returned is 10 \""\n    }\n  ]\n}\n\nQuery: I'm planning a movie night with my family and we want to watch some horror movies. Can you search for movies based on the genre 'horror' and language 'English'? Also, provide the streaming sources available in the US and Canada where we can watch these movies.\n\nOutput JSON:""}, {""role"": ""assistant"", ""content"": ""{""}]","{
  ""tool_name"": ""OTT details"",
  ""parameters"": {
    ""title"": ""horror"",
    ""page"": 1
  }
}",False,"1 validation error for Search
title
  Field required [type=missing, input_value={'tool_name': 'OTT detail...': 'horror', 'page': 1}}, input_type=dict]
    For further information visit https://errors.pydantic.dev/2.12/v/missing","{""extraneous_text_pct"": 0.0, ""cleaned_json_length"": 0, ""original_length"": 92}"
qwen-turbo,toolbench_user_plus_assistant_seed,"[{""role"": ""user"", ""content"": ""Extract the parameters for the following tool based on the query.\n\nSchema:\n{\n  \""tool_name\"": \""Streaming Availability\"",\n  \""description\"": \""Search through the catalog of the given services in the given country. Provides filters such as show language, genre and keyword. Items per page is 8. Output includes all the information about the shows, such as title, IMDb ID, TMDb ID, IMDb rating, link to shows' pages in streaming services (including individual season/episode links), cast, runtime, poster and many more! Apart from the info about the given country-service combinations, output also includes information about availability in the other services for the given country.\"",\n  \""required_parameters\"": [\n    {\n      \""name\"": \""services\"",\n      \""type\"": \""STRING\"",\n      \""description\"": \""A comma separated list of up to 4 services to search in. See `/v2/services` endpoint to get the supported services and their ids/names.\\n\\nSyntax of the values supplied in the list can be as the followings:\\n\\n`<sevice_id>`: Searches in the entire catalog of that service, including (if applicable) rentable, buyable shows or shows available through addons i.e. `netflix`, `prime`, `apple`\\n\\n`<sevice_id>.<offer_type>`: Only returns the shows that are available in that service with the given offer type. Valid offer type values are `subscription`, `free`, `rent`, `buy` and `addon`  i.e. `peacock.free` only returns the shows on Peacock that are free to watch, `prime.subscription` only returns the shows on Prime Video that are available to watch with a Prime subscription. `hulu.addon` only returns the shows on Hulu that are available via an addon,  `prime.rent` only returns the shows on Prime Video that are rentable.\\n\\n`<sevice_id>.addon.<addon_id>`: Only returns the shows that are available in that service with the given addon. Check `/v2/services` endpoint to fetch the available addons for a service. Some sample values are: `hulu.addon.hbo`,  `prime.addon.hbomaxus`.\\n\\nIf a service supports both `free` and `subscription`, then results included under `subscription` will always include the `free` shows as well.\\n\\nWhen multiple values are passed as a comma separated list, any show that satisfies at least one of the values will be included in the result.\\n\\nSome sample list values:\\n\\n`prime.rent,prime.buy,apple.rent,apple.buy`: Returns all the buyable/rentable shows on Amazon Prime Video and Apple TV.\\n\\n`prime.addon,prime.subscription`: Returns all the shows on Amazon Prime Video that are available through either a Prime Video subscription or a Prime Video Channel subscription.\""\n    },\n    {\n      \""name\"": \""country\"",\n      \""type\"": \""STRING\"",\n      \""description\"": \""2 letter ISO 3166-1 alpha-2 country code of the country to search in. See the about page to check the supported countries.\""\n    }\n  ],\n  \""optional_parameters\"": [\n    {\n      \""name\"": \""cursor\"",\n      \""type\"": \""STRING\"",\n      \""description\"": \""Cursor is used for pagination. After each request, the response includes a `hasMore` boolean field to tell if there are more results that did not fit the returned list size. If it is set as true, to get the rest of the result set, send a new request (with the same parameters for other fields such as show_type, services etc.), and set the cursor parameter as the `nextCursor` value of the previous request response. Do not forget to escape the cursor value before putting it into the query as it might contain characters such as `?`, `&`.\\n\\nThe first request naturally does not require a `cursor` parameter.\""\n    },\n    {\n      \""name\"": \""show_original_language\"",\n      \""type\"": \""STRING\"",\n      \""description\"": \""A 2 letter ISO 639-1 language code to only search within the shows whose original language matches with the provided language.\""\n    },\n    {\n      \""name\"": \""genre\"",\n      \""type\"": \""STRING\"",\n      \""description\"": \""A genre id to only search within the shows in that genre. See `/v2/genres` endpoint to see available genres and ids.\""\n    },\n    {\n      \""name\"": \""keyword\"",\n      \""type\"": \""STRING\"",\n      \""description\"": \""A keyword to only search within the shows have that keyword in their overview or title.\""\n    },\n    {\n      \""name\"": \""output_language\"",\n      \""type\"": \""STRING\"",\n      \""description\"": \""2 letter iso code of the output language. Default is `en`. See the about page to see the list of languages supported.\""\n    },\n    {\n      \""name\"": \""show_type\"",\n      \""type\"": \""STRING\"",\n      \""description\"": \""Type of shows to search in. Accepted values are `movie`, `series` or `all`. The default value is `all`.\""\n    }\n  ]\n}\n\nQuery: I'm trying to find a new series to watch. Can you recommend some popular TV shows that are currently streaming on platforms like Netflix, Prime Video, and Hulu? Additionally, provide me with the seasons of the TV show 'Friends'.\n\nOutput JSON:""}, {""role"": ""assistant"", ""content"": ""{""}]","{
  ""tool_name"": ""Streaming Availability"",
  ""parameters"": {
    ""services"": ""netflix,prime,hulu"",
    ""country"": ""US"",
    ""show_type"": ""series"",
    ""keyword"": ""Friends""
  }
}",False,"2 validation errors for Search Basic (FREE)
services
  Field required [type=missing, input_value={'tool_name': 'Streaming ..., 'keyword': 'Friends'}}, input_type=dict]
    For further information visit https://errors.pydantic.dev/2.12/v/missing
country
  Field required [type=missing, input_value={'tool_name': 'Streaming ..., 'keyword': 'Friends'}}, input_type=dict]
    For further information visit https://errors.pydantic.dev/2.12/v/missing","{""extraneous_text_pct"": 0.0, ""cleaned_json_length"": 0, ""original_length"": 177}"
qwen-turbo,toolbench_user_plus_assistant_seed,"[{""role"": ""user"", ""content"": ""Extract the parameters for the following tool based on the query.\n\nSchema:\n{\n  \""tool_name\"": \""Watchmode\"",\n  \""description\"": \""Search for titles or people using an external ID (IMDB, TheMovieDB.org), or by name. Returns an array of results objects, that can either be a title or a person. Useful for getting the Watchmode IDs for titles and people. For example, you can set the parameters to search_value=Breaking%20Bad and search_field=name to get all of the titles named \\\""Breaking bad\\\"", and then use the IDs returned in other endpoints such as /v1/title/\"",\n  \""required_parameters\"": [\n    {\n      \""name\"": \""search_field\"",\n      \""type\"": \""STRING\"",\n      \""description\"": \""The field for us to search in, either a 3rd party ID or \\\\\\\\\\\\\\\""name\\\\\\\\\\\\\\\"" which will search for a movie/show title or a person's name depending on the type(s) set. Must be one of the following options:\\nimdb_id, tmdb_person_id, tmdb_movie_id, tmdb_tv_id, name.\""\n    },\n    {\n      \""name\"": \""search_value\"",\n      \""type\"": \""STRING\"",\n      \""description\"": \""The value we should search for. For example, if you set search_field to imdb_id, this would be the IMDB title/person ID, eg. tt0944947.\""\n    }\n  ],\n  \""optional_parameters\"": [\n    {\n      \""name\"": \""types\"",\n      \""type\"": \""STRING\"",\n      \""description\"": \""Pass one of the following values, or multiple comma separated values to only return certain types:\\ntv, movie, person.\""\n    }\n  ]\n}\n\nQuery: I'm planning a movie night with my friends this weekend. Can you suggest some popular movies released in the last year? Also, provide the streaming availability for these movies on different platforms like Netflix, Prime Video, and Hulu.\n\nOutput JSON:""}, {""role"": ""assistant"", ""content"": ""{""}]","{
  ""tool_name"": ""Watchmode"",
  ""parameters"": {
    ""search_field"": ""name"",
    ""search_value"": ""popular movies released in the last year"",
    ""types"": ""movie""
  }
}",False,"2 validation errors for Search
search_field
  Field required [type=missing, input_value={'tool_name': 'Watchmode'...ear', 'types': 'movie'}}, input_type=dict]
    For further information visit https://errors.pydantic.dev/2.12/v/missing
search_value
  Field required [type=missing, input_value={'tool_name': 'Watchmode'...ear', 'types': 'movie'}}, input_type=dict]
    For further information visit https://errors.pydantic.dev/2.12/v/missing","{""extraneous_text_pct"": 0.0, ""cleaned_json_length"": 0, ""original_length"": 166}"
qwen-turbo,toolbench_user_plus_assistant_seed,"[{""role"": ""user"", ""content"": ""Extract the parameters for the following tool based on the query.\n\nSchema:\n{\n  \""tool_name\"": \""Watchmode\"",\n  \""description\"": \""Search for titles or people using an external ID (IMDB, TheMovieDB.org), or by name. Returns an array of results objects, that can either be a title or a person. Useful for getting the Watchmode IDs for titles and people. For example, you can set the parameters to search_value=Breaking%20Bad and search_field=name to get all of the titles named \\\""Breaking bad\\\"", and then use the IDs returned in other endpoints such as /v1/title/\"",\n  \""required_parameters\"": [\n    {\n      \""name\"": \""search_field\"",\n      \""type\"": \""STRING\"",\n      \""description\"": \""The field for us to search in, either a 3rd party ID or \\\\\\\\\\\\\\\""name\\\\\\\\\\\\\\\"" which will search for a movie/show title or a person's name depending on the type(s) set. Must be one of the following options:\\nimdb_id, tmdb_person_id, tmdb_movie_id, tmdb_tv_id, name.\""\n    },\n    {\n      \""name\"": \""search_value\"",\n      \""type\"": \""STRING\"",\n      \""description\"": \""The value we should search for. For example, if you set search_field to imdb_id, this would be the IMDB title/person ID, eg. tt0944947.\""\n    }\n  ],\n  \""optional_parameters\"": [\n    {\n      \""name\"": \""types\"",\n      \""type\"": \""STRING\"",\n      \""description\"": \""Pass one of the following values, or multiple comma separated values to only return certain types:\\ntv, movie, person.\""\n    }\n  ]\n}\n\nQuery: I'm planning a vacation with my family and we want to watch some movies during the trip. Can you recommend some family-friendly movies and provide the streaming availability on platforms like Disney+ and Netflix? Also, suggest some snacks that go well with movie nights.\n\nOutput JSON:""}, {""role"": ""assistant"", ""content"": ""{""}]","{
  ""tool_name"": ""Watchmode"",
  ""parameters"": {
    ""search_field"": ""name"",
    ""search_value"": ""family-friendly movies"",
    ""types"": ""movie""
  }
}",False,"2 validation errors for Search
search_field
  Field required [type=missing, input_value={'tool_name': 'Watchmode'...ies', 'types': 'movie'}}, input_type=dict]
    For further information visit https://errors.pydantic.dev/2.12/v/missing
search_value
  Field required [type=missing, input_value={'tool_name': 'Watchmode'...ies', 'types': 'movie'}}, input_type=dict]
    For further information visit https://errors.pydantic.dev/2.12/v/missing","{""extraneous_text_pct"": 0.0, ""cleaned_json_length"": 0, ""original_length"": 148}"
qwen-turbo,toolbench_user_plus_assistant_seed,"[{""role"": ""user"", ""content"": ""Extract the parameters for the following tool based on the query.\n\nSchema:\n{\n  \""tool_name\"": \""Watchmode\"",\n  \""description\"": \""Search for titles or people using an external ID (IMDB, TheMovieDB.org), or by name. Returns an array of results objects, that can either be a title or a person. Useful for getting the Watchmode IDs for titles and people. For example, you can set the parameters to search_value=Breaking%20Bad and search_field=name to get all of the titles named \\\""Breaking bad\\\"", and then use the IDs returned in other endpoints such as /v1/title/\"",\n  \""required_parameters\"": [\n    {\n      \""name\"": \""search_field\"",\n      \""type\"": \""STRING\"",\n      \""description\"": \""The field for us to search in, either a 3rd party ID or \\\\\\\\\\\\\\\""name\\\\\\\\\\\\\\\"" which will search for a movie/show title or a person's name depending on the type(s) set. Must be one of the following options:\\nimdb_id, tmdb_person_id, tmdb_movie_id, tmdb_tv_id, name.\""\n    },\n    {\n      \""name\"": \""search_value\"",\n      \""type\"": \""STRING\"",\n      \""description\"": \""The value we should search for. For example, if you set search_field to imdb_id, this would be the IMDB title/person ID, eg. tt0944947.\""\n    }\n  ],\n  \""optional_parameters\"": [\n    {\n      \""name\"": \""types\"",\n      \""type\"": \""STRING\"",\n      \""description\"": \""Pass one of the following values, or multiple comma separated values to only return certain types:\\ntv, movie, person.\""\n    }\n  ]\n}\n\nQuery: I'm planning a romantic date night with my partner and I want to watch a romantic movie. Can you suggest some romantic movies and provide the streaming availability on platforms like Netflix and Prime Video? Also, suggest some romantic dinner recipes.\n\nOutput JSON:""}, {""role"": ""assistant"", ""content"": ""{""}]","{
  ""tool_name"": ""Watchmode"",
  ""parameters"": {
    ""search_field"": ""name"",
    ""search_value"": ""romantic movie""
  }
}",False,"2 validation errors for Search
search_field
  Field required [type=missing, input_value={'tool_name': 'Watchmode'...lue': 'romantic movie'}}, input_type=dict]
    For further information visit https://errors.pydantic.dev/2.12/v/missing
search_value
  Field required [type=missing, input_value={'tool_name': 'Watchmode'...lue': 'romantic movie'}}, input_type=dict]
    For further information visit https://errors.pydantic.dev/2.12/v/missing","{""extraneous_text_pct"": 0.0, ""cleaned_json_length"": 0, ""original_length"": 118}"
qwen-turbo,toolbench_user_plus_assistant_seed,"[{""role"": ""user"", ""content"": ""Extract the parameters for the following tool based on the query.\n\nSchema:\n{\n  \""tool_name\"": \""Watchmode\"",\n  \""description\"": \""Search for titles or people using an external ID (IMDB, TheMovieDB.org), or by name. Returns an array of results objects, that can either be a title or a person. Useful for getting the Watchmode IDs for titles and people. For example, you can set the parameters to search_value=Breaking%20Bad and search_field=name to get all of the titles named \\\""Breaking bad\\\"", and then use the IDs returned in other endpoints such as /v1/title/\"",\n  \""required_parameters\"": [\n    {\n      \""name\"": \""search_field\"",\n      \""type\"": \""STRING\"",\n      \""description\"": \""The field for us to search in, either a 3rd party ID or \\\\\\\\\\\\\\\""name\\\\\\\\\\\\\\\"" which will search for a movie/show title or a person's name depending on the type(s) set. Must be one of the following options:\\nimdb_id, tmdb_person_id, tmdb_movie_id, tmdb_tv_id, name.\""\n    },\n    {\n      \""name\"": \""search_value\"",\n      \""type\"": \""STRING\"",\n      \""description\"": \""The value we should search for. For example, if you set search_field to imdb_id, this would be the IMDB title/person ID, eg. tt0944947.\""\n    }\n  ],\n  \""optional_parameters\"": [\n    {\n      \""name\"": \""types\"",\n      \""type\"": \""STRING\"",\n      \""description\"": \""Pass one of the following values, or multiple comma separated values to only return certain types:\\ntv, movie, person.\""\n    }\n  ]\n}\n\nQuery: I'm planning a road trip with my family and we want to listen to some great music along the way. Can you recommend some popular songs and provide the streaming availability on platforms like Spotify and Apple Music? Also, suggest some snacks for the road trip.\n\nOutput JSON:""}, {""role"": ""assistant"", ""content"": ""{""}]","{
  ""tool_name"": ""Watchmode"",
  ""parameters"": {
    ""search_field"": ""name"",
    ""search_value"": ""popular songs""
  }
}",False,"2 validation errors for Search
search_field
  Field required [type=missing, input_value={'tool_name': 'Watchmode'...alue': 'popular songs'}}, input_type=dict]
    For further information visit https://errors.pydantic.dev/2.12/v/missing
search_value
  Field required [type=missing, input_value={'tool_name': 'Watchmode'...alue': 'popular songs'}}, input_type=dict]
    For further information visit https://errors.pydantic.dev/2.12/v/missing","{""extraneous_text_pct"": 0.0, ""cleaned_json_length"": 0, ""original_length"": 117}"
qwen-turbo,toolbench_user_plus_assistant_seed,"[{""role"": ""user"", ""content"": ""Extract the parameters for the following tool based on the query.\n\nSchema:\n{\n  \""tool_name\"": \""Watchmode\"",\n  \""description\"": \""Search for titles or people using an external ID (IMDB, TheMovieDB.org), or by name. Returns an array of results objects, that can either be a title or a person. Useful for getting the Watchmode IDs for titles and people. For example, you can set the parameters to search_value=Breaking%20Bad and search_field=name to get all of the titles named \\\""Breaking bad\\\"", and then use the IDs returned in other endpoints such as /v1/title/\"",\n  \""required_parameters\"": [\n    {\n      \""name\"": \""search_field\"",\n      \""type\"": \""STRING\"",\n      \""description\"": \""The field for us to search in, either a 3rd party ID or \\\\\\\\\\\\\\\""name\\\\\\\\\\\\\\\"" which will search for a movie/show title or a person's name depending on the type(s) set. Must be one of the following options:\\nimdb_id, tmdb_person_id, tmdb_movie_id, tmdb_tv_id, name.\""\n    },\n    {\n      \""name\"": \""search_value\"",\n      \""type\"": \""STRING\"",\n      \""description\"": \""The value we should search for. For example, if you set search_field to imdb_id, this would be the IMDB title/person ID, eg. tt0944947.\""\n    }\n  ],\n  \""optional_parameters\"": [\n    {\n      \""name\"": \""types\"",\n      \""type\"": \""STRING\"",\n      \""description\"": \""Pass one of the following values, or multiple comma separated values to only return certain types:\\ntv, movie, person.\""\n    }\n  ]\n}\n\nQuery: I'm planning a hiking trip with my friends and we want to listen to some inspiring podcasts during the journey. Can you recommend some motivational podcasts and provide the streaming availability on platforms like Spotify and Apple Podcasts? Also, suggest some healthy snacks for the hike.\n\nOutput JSON:""}, {""role"": ""assistant"", ""content"": ""{""}]","{
  ""tool_name"": ""Watchmode"",
  ""parameters"": {
    ""search_field"": ""name"",
    ""search_value"": ""inspiring podcasts""
  }
}",False,"2 validation errors for Search
search_field
  Field required [type=missing, input_value={'tool_name': 'Watchmode'...: 'inspiring podcasts'}}, input_type=dict]
    For further information visit https://errors.pydantic.dev/2.12/v/missing
search_value
  Field required [type=missing, input_value={'tool_name': 'Watchmode'...: 'inspiring podcasts'}}, input_type=dict]
    For further information visit https://errors.pydantic.dev/2.12/v/missing","{""extraneous_text_pct"": 0.0, ""cleaned_json_length"": 0, ""original_length"": 122}"
