model,builder,input,output,valid,reason,metadata
qwen-turbo,toolbench_user_only,"[{""role"": ""user"", ""content"": ""I need to find a tutorial on how to draw landscapes. Please provide me with the details of the most viewed landscape drawing tutorial video. Additionally, I would like to know the details of the channel that uploaded the video.\nYour output must be valid JSON:\n{\n  \""required_parameters\"": [\n    {\n      \""name\"": \""query\"",\n      \""type\"": \""STRING\"",\n      \""description\"": \""\"",\n      \""default\"": \""never+gonna+give+you+up\""\n    }\n  ],\n  \""optional_parameters\"": [\n    {\n      \""name\"": \""type\"",\n      \""type\"": \""ENUM\"",\n      \""description\"": \""\"",\n      \""default\"": \""\""\n    },\n    {\n      \""name\"": \""safesearch\"",\n      \""type\"": \""BOOLEAN\"",\n      \""description\"": \""\"",\n      \""default\"": \""false\""\n    }\n  ]\n}\nInput: Search\nOnly return JSON.""}]","{
  ""required_parameters"": {
    ""query"": ""how+to+draw+landscapes""
  },
  ""optional_parameters"": {
    ""type"": ""video"",
    ""safesearch"": false
  }
}",False,"2 validation errors for SimpleYouTubeSearch_Search_Model
required_parameters
  Input should be a valid list [type=list_type, input_value={'query': 'how+to+draw+landscapes'}, input_type=dict]
    For further information visit https://errors.pydantic.dev/2.12/v/list_type
optional_parameters
  Input should be a valid list [type=list_type, input_value={'type': 'video', 'safesearch': False}, input_type=dict]
    For further information visit https://errors.pydantic.dev/2.12/v/list_type","{""extraneous_text_pct"": 0.0, ""cleaned_json_length"": 0, ""original_length"": 149}"
qwen-turbo,toolbench_user_only,"[{""role"": ""user"", ""content"": ""I'm a blogger and I want to write a detailed review of a specific product with SKU W003247135. Can you provide me with all the information about this product, including images, pricing, and customer reviews?\nYour output must be valid JSON:\n{\n  \""required_parameters\"": [\n    {\n      \""name\"": \""sku\"",\n      \""type\"": \""STRING\"",\n      \""description\"": \""The value of sku fields returned in .../products/list or .../products/search endpoint.\"",\n      \""default\"": \""W003247135\""\n    }\n  ],\n  \""optional_parameters\"": [\n    {\n      \""name\"": \""wfProductOptions\"",\n      \""type\"": \""STRING\"",\n      \""description\"": \""The value of id fields under relevantAttributes JSON object returned right in this endpoint, pass this parameter multiple time for multiple options. Ex : ...&wfProductOptions=1234567890&wfProductOptions=special_offers&...\"",\n      \""default\"": \""\""\n    }\n  ]\n}\nInput: products/detail\nOnly return JSON.""}]","{
  ""required_parameters"": [
    {
      ""name"": ""sku"",
      ""type"": ""STRING"",
      ""description"": ""The value of sku fields returned in .../products/list or .../products/search endpoint."",
      ""default"": ""W003247135""
    }
  ],
  ""optional_parameters"": [
    {
      ""name"": ""wfProductOptions"",
      ""type"": ""STRING"",
      ""description"": ""The value of id fields under relevantAttributes JSON object returned right in this endpoint, pass this parameter multiple time for multiple options. Ex : ...&wfProductOptions=1234567890&wfProductOptions=special_offers&..."",
      ""default"": """"
    }
  ]
}",True,"","{""extraneous_text_pct"": 0.0, ""cleaned_json_length"": 600, ""original_length"": 600}"
qwen-turbo,toolbench_user_only,"[{""role"": ""user"", ""content"": ""I'm planning a weekend getaway and need to find a nearby hotel. Can you recommend a hotel with good ratings, provide its name, address, phone number, and distance from my location?\nYour output must be valid JSON:\n{\n  \""required_parameters\"": [\n    {\n      \""name\"": \""lat\"",\n      \""type\"": \""NUMBER\"",\n      \""description\"": \""Latitude\"",\n      \""default\"": \""49.283030\""\n    },\n    {\n      \""name\"": \""lng\"",\n      \""type\"": \""NUMBER\"",\n      \""description\"": \""Longitude\"",\n      \""default\"": \""-123.118990\""\n    }\n  ],\n  \""optional_parameters\"": [\n    {\n      \""name\"": \""type\"",\n      \""type\"": \""STRING\"",\n      \""description\"": \""Default is **cafe**.\"",\n      \""default\"": \""cafe\""\n    },\n    {\n      \""name\"": \""radius\"",\n      \""type\"": \""NUMBER\"",\n      \""description\"": \""**Meters**\\nDefault: 200\\nMax: 50000\"",\n      \""default\"": \""200\""\n    }\n  ]\n}\nInput: Nearby - (Google)\nOnly return JSON.""}]","{
  ""required_parameters"": {
    ""lat"": 49.283030,
    ""lng"": -123.118990
  },
  ""optional_parameters"": {
    ""type"": ""cafe"",
    ""radius"": 200
  }
}",False,"2 validation errors for NearbyPlaces_NearbyGoogle_Model
required_parameters
  Input should be a valid list [type=list_type, input_value={'lat': 49.28303, 'lng': -123.11899}, input_type=dict]
    For further information visit https://errors.pydantic.dev/2.12/v/list_type
optional_parameters
  Input should be a valid list [type=list_type, input_value={'type': 'cafe', 'radius': 200}, input_type=dict]
    For further information visit https://errors.pydantic.dev/2.12/v/list_type","{""extraneous_text_pct"": 0.0, ""cleaned_json_length"": 0, ""original_length"": 149}"
qwen-turbo,toolbench_user_only,"[{""role"": ""user"", ""content"": ""I need to get the list of files in the folder '/diagrams' and also check the storage usage. Can you provide me with the file names, sizes, and modified dates? Additionally, retrieve the storage disk usage.\nYour output must be valid JSON:\n{\n  \""required_parameters\"": [\n    {\n      \""name\"": \""path\"",\n      \""type\"": \""STRING\"",\n      \""description\"": \""Folder path e.g. '/folder'\"",\n      \""default\"": \""\""\n    }\n  ],\n  \""optional_parameters\"": [\n    {\n      \""name\"": \""storageName\"",\n      \""type\"": \""STRING\"",\n      \""description\"": \""Storage name\"",\n      \""default\"": \""\""\n    }\n  ]\n}\nInput: GetFilesList\nOnly return JSON.""}]","{
  ""required_parameters"": [
    {
      ""name"": ""path"",
      ""type"": ""STRING"",
      ""description"": ""Folder path e.g. '/folder'"",
      ""default"": ""/diagrams""
    }
  ],
  ""optional_parameters"": [
    {
      ""name"": ""storageName"",
      ""type"": ""STRING"",
      ""description"": ""Storage name"",
      ""default"": """"
    }
  ]
}",True,"","{""extraneous_text_pct"": 0.0, ""cleaned_json_length"": 326, ""original_length"": 326}"
qwen-turbo,toolbench_user_only,"[{""role"": ""user"", ""content"": ""I want to start a new business in Los Angeles and I need information on the local market, competitors, and potential customers. Can you provide me with data on the current market trends, top competitors, and target customer demographics in Los Angeles?\nYour output must be valid JSON:\n{\n  \""required_parameters\"": [\n    {\n      \""name\"": \""search_type\"",\n      \""type\"": \""STRING\"",\n      \""description\"": \""\"",\n      \""default\"": \""place_details\""\n    },\n    {\n      \""name\"": \""data_cid\"",\n      \""type\"": \""STRING\"",\n      \""description\"": \""The `data_cid` (a standard Google Place identifier) of the Place to retrieve place details for. `data_cid` values are returned in [Places requests](https://www.valueserp.com/docs/search-api/searches/google/places).\\n\\nNote that either a `data_id` or `data_cid` identifier must be supplied.\"",\n      \""default\"": \""\""\n    },\n    {\n      \""name\"": \""data_id\"",\n      \""type\"": \""STRING\"",\n      \""description\"": \""The `data_id` of the Place to retrieve place details for. `data_id` values are returned in [Places requests](https://www.valueserp.com/docs/search-api/searches/google/places).\\n\\nNote that either a `data_id` or `data_cid` identifier must be supplied.\"",\n      \""default\"": \""\""\n    }\n  ],\n  \""optional_parameters\"": [\n    {\n      \""name\"": \""hl\"",\n      \""type\"": \""STRING\"",\n      \""description\"": \""The `hl` parameter determines the Google UI language to return results. View the full list of supported `hl` values [here](https://www.valueserp.com/docs/search-api/reference/google-languages). Defaults to `en`.\\n\"",\n      \""default\"": \""\""\n    }\n  ]\n}\nInput: Google Place Details\nOnly return JSON.""}]","{
  ""required_parameters"": {
    ""search_type"": ""place_details"",
    ""data_cid"": """",
    ""data_id"": """"
  },
  ""optional_parameters"": {
    ""hl"": """"
  }
}",False,"2 validation errors for VALUESERP_GooglePlaceDetails_Model
required_parameters
  Input should be a valid list [type=list_type, input_value={'search_type': 'place_de...cid': '', 'data_id': ''}, input_type=dict]
    For further information visit https://errors.pydantic.dev/2.12/v/list_type
optional_parameters
  Input should be a valid list [type=list_type, input_value={'hl': ''}, input_type=dict]
    For further information visit https://errors.pydantic.dev/2.12/v/list_type","{""extraneous_text_pct"": 0.0, ""cleaned_json_length"": 0, ""original_length"": 153}"
qwen-turbo,toolbench_user_only,"[{""role"": ""user"", ""content"": ""I'm planning a road trip with my friends and we need some upbeat music to keep us energized. Can you fetch a playlist from Simple YouTube Search that includes lively and catchy songs? It would be great if the playlist covers various genres like pop, rock, and hip-hop.\nYour output must be valid JSON:\n{\n  \""required_parameters\"": [\n    {\n      \""name\"": \""query\"",\n      \""type\"": \""STRING\"",\n      \""description\"": \""\"",\n      \""default\"": \""never+gonna+give+you+up\""\n    }\n  ],\n  \""optional_parameters\"": [\n    {\n      \""name\"": \""type\"",\n      \""type\"": \""ENUM\"",\n      \""description\"": \""\"",\n      \""default\"": \""\""\n    },\n    {\n      \""name\"": \""safesearch\"",\n      \""type\"": \""BOOLEAN\"",\n      \""description\"": \""\"",\n      \""default\"": \""false\""\n    }\n  ]\n}\nInput: Search\nOnly return JSON.""}]","{
  ""required_parameters"": {
    ""query"": ""upbeat road trip music pop rock hip-hop""
  },
  ""optional_parameters"": {
    ""type"": """",
    ""safesearch"": false
  }
}",False,"2 validation errors for SimpleYouTubeSearch_Search_Model
required_parameters
  Input should be a valid list [type=list_type, input_value={'query': 'upbeat road tr...music pop rock hip-hop'}, input_type=dict]
    For further information visit https://errors.pydantic.dev/2.12/v/list_type
optional_parameters
  Input should be a valid list [type=list_type, input_value={'type': '', 'safesearch': False}, input_type=dict]
    For further information visit https://errors.pydantic.dev/2.12/v/list_type","{""extraneous_text_pct"": 0.0, ""cleaned_json_length"": 0, ""original_length"": 161}"
qwen-turbo,toolbench_user_only,"[{""role"": ""user"", ""content"": ""Please help me convert 2000 JPY to USD, EUR, and INR using the Currency Converter_v3 tool.\nYour output must be valid JSON:\n{\n  \""required_parameters\"": [\n    {\n      \""name\"": \""target\"",\n      \""type\"": \""STRING\"",\n      \""description\"": \""This parameter specifies the currency code of the currency that you want to convert to. It is a mandatory parameter and should be a valid three-letter currency code. If there are multiple target currencies, they should be separated by a comma (',') .\"",\n      \""default\"": \""EUR,INR,JPY\""\n    },\n    {\n      \""name\"": \""source\"",\n      \""type\"": \""STRING\"",\n      \""description\"": \""This parameter represents the currency from which you want to convert. It is a mandatory parameter and should be a valid three-letter currency code, such as USD (United States Dollar) or EUR (Euro) or many others.\"",\n      \""default\"": \""USD\""\n    }\n  ],\n  \""optional_parameters\"": [\n    {\n      \""name\"": \""amount\"",\n      \""type\"": \""NUMBER\"",\n      \""description\"": \""This parameter represents the amount that you want to convert from the source currency to the target currency. It is an optional parameter, and if not provided, the default value will be set to 1\"",\n      \""default\"": \""1\""\n    }\n  ]\n}\nInput: converter\nOnly return JSON.""}]","{
  ""required_parameters"": {
    ""target"": ""USD,EUR,INR"",
    ""source"": ""JPY""
  },
  ""optional_parameters"": {
    ""amount"": 2000
  }
}",False,"2 validation errors for CurrencyConverter_v3_converter_Model
required_parameters
  Input should be a valid list [type=list_type, input_value={'target': 'USD,EUR,INR', 'source': 'JPY'}, input_type=dict]
    For further information visit https://errors.pydantic.dev/2.12/v/list_type
optional_parameters
  Input should be a valid list [type=list_type, input_value={'amount': 2000}, input_type=dict]
    For further information visit https://errors.pydantic.dev/2.12/v/list_type","{""extraneous_text_pct"": 0.0, ""cleaned_json_length"": 0, ""original_length"": 134}"
qwen-turbo,toolbench_user_only,"[{""role"": ""user"", ""content"": ""I'm a food blogger and I'm planning to create a recipe using Target products. Can you suggest some ingredients and provide me with the product details, including prices and availability? Additionally, I would like to know if there are any nearby stores where I can purchase these ingredients.\nYour output must be valid JSON:\n{\n  \""required_parameters\"": [\n    {\n      \""name\"": \""store_id\"",\n      \""type\"": \""STRING\"",\n      \""description\"": \""\"",\n      \""default\"": \""1122\""\n    },\n    {\n      \""name\"": \""keyword\"",\n      \""type\"": \""STRING\"",\n      \""description\"": \""\"",\n      \""default\"": \""womens shoes\""\n    }\n  ],\n  \""optional_parameters\"": [\n    {\n      \""name\"": \""offset\"",\n      \""type\"": \""STRING\"",\n      \""description\"": \""\"",\n      \""default\"": \""0\""\n    },\n    {\n      \""name\"": \""count\"",\n      \""type\"": \""STRING\"",\n      \""description\"": \""maximum 25\"",\n      \""default\"": \""25\""\n    }\n  ]\n}\nInput: product_search\nOnly return JSON.""}]","{
  ""required_parameters"": [
    {
      ""name"": ""store_id"",
      ""type"": ""STRING"",
      ""description"": """",
      ""default"": ""1122""
    },
    {
      ""name"": ""keyword"",
      ""type"": ""STRING"",
      ""description"": """",
      ""default"": ""womens shoes""
    }
  ],
  ""optional_parameters"": [
    {
      ""name"": ""offset"",
      ""type"": ""STRING"",
      ""description"": """",
      ""default"": ""0""
    },
    {
      ""name"": ""count"",
      ""type"": ""STRING"",
      ""description"": ""maximum 25"",
      ""default"": ""25""
    }
  ]
}",True,"","{""extraneous_text_pct"": 0.0, ""cleaned_json_length"": 519, ""original_length"": 519}"
qwen-turbo,toolbench_user_only,"[{""role"": ""user"", ""content"": ""I am planning a road trip from San Francisco to Los Angeles. Can you provide me with a list of suggested addresses along the route? Additionally, suggest some popular attractions and landmarks that we can visit on the way.\nYour output must be valid JSON:\n{\n  \""required_parameters\"": [\n    {\n      \""name\"": \""addresses\"",\n      \""type\"": \""STRING\"",\n      \""description\"": \""A record set representing the addresses to be geocoded. Each record must include an OBJECTID attribute with a unique value as well as values for the address fields supported by the service.\"",\n      \""default\"": \""%7B%20%22records%22%3A%20%5B%20%7B%20%22attributes%22%3A%20%7B%20%22OBJECTID%22%3A%201%2C%20%22Address%22%3A%20%22380%20New%20York%20St%22%2C%20%22Neighborhood%22%3A%20%22%22%2C%20%22City%22%3A%20%22Redlands%22%2C%20%22Subregion%22%3A%20%22%22%2C%20%22Region%22%3A%20%22CA%22%20%7D%20%7D%2C%20%7B%20%22attributes%22%3A%20%7B%20%22OBJECTID%22%3A%202%2C%20%22Address%22%3A%20%221%20World%20Way%22%2C%20%22Neighborhood%22%3A%20%22%22%2C%20%22City%22%3A%20%22Los%20Angeles%22%2C%20%22Subregion%22%3A%20%22%22%2C%20%22Region%22%3A%20%22CA%22%20%7D%20%7D%20%5D%20%7D\""\n    },\n    {\n      \""name\"": \""f\"",\n      \""type\"": \""STRING\"",\n      \""description\"": \""(Required) Format of the response: json, pjson, html, ...\"",\n      \""default\"": \""pjson\""\n    },\n    {\n      \""name\"": \""token\"",\n      \""type\"": \""STRING\"",\n      \""description\"": \""(Required) How to create an API key: https://youtu.be/Q1x4NZPK8Ws\"",\n      \""default\"": \""{{API key}}\""\n    }\n  ],\n  \""optional_parameters\"": [\n    {\n      \""name\"": \""matchOutOfRange\"",\n      \""type\"": \""STRING\"",\n      \""description\"": \""A Boolean which specifies if StreetAddress matches should be returned even when the input house number is outside of the house number range defined for the input street. Out-of-range matches have Addr_type=StreetAddressExt. The geometry of such matches is a point corresponding to the end of the street segment where the range value is closest to the input house number. If matchOutOfRange is not specified in a request, its value is set to true by default.\"",\n      \""default\"": \""false\""\n    },\n    {\n      \""name\"": \""preferredLabelValues\"",\n      \""type\"": \""STRING\"",\n      \""description\"": \""Allows simple configuration of output fields returned in a response from the ArcGIS World Geocoding Service by specifying which address component values should be included in output fields. Supports a single value as input. If the parameter is blank or excluded from a request then default address label formats will be used.\"",\n      \""default\"": \""localCity\""\n    },\n    {\n      \""name\"": \""outFields\"",\n      \""type\"": \""STRING\"",\n      \""description\"": \""The list of fields to be returned within the attributes object of the geocodeAddresses response. Descriptions for each of these fields are available in the Service output topic.\"",\n      \""default\"": \""AddNum,StAddr,City\""\n    },\n    {\n      \""name\"": \""category\"",\n      \""type\"": \""STRING\"",\n      \""description\"": \""A place or address type that can be used to filter geocodeAddresses results. The parameter supports input of single category values or multiple comma-separated values. See Category filtering for complete details about the category parameter.\"",\n      \""default\"": \""Address\""\n    },\n    {\n      \""name\"": \""locationType\"",\n      \""type\"": \""STRING\"",\n      \""description\"": \""Specifies if the output geometry of PointAddress and Subaddress matches should be the rooftop point or street entrance location. Valid values are rooftop and street. The default value is rooftop.\"",\n      \""default\"": \""street\""\n    },\n    {\n      \""name\"": \""searchExtent\"",\n      \""type\"": \""STRING\"",\n      \""description\"": \""A set of bounding box coordinates that limit the search area to a specific region. This is especially useful for applications in which a user will search for places and addresses within the current map extent. Helper to get search extent with https://arcgis-js-api-extent-helper.gavinr.com/\"",\n      \""default\"": \""-104,35.6,-94.32,41\""\n    },\n    {\n      \""name\"": \""sourceCountry\"",\n      \""type\"": \""STRING\"",\n      \""description\"": \""A value representing the country. When a value is passed for this parameter, all of the addresses in the input table are sent to the specified country to be geocoded. For example, if sourceCountry=USA is passed with a batch request, it is assumed that all of the addresses in the table are in the United States, so only matching addresses in USA are returned. Using this parameter can increase batch geocoding performance when all addresses are within a single country.\"",\n      \""default\"": \""USA\""\n    },\n    {\n      \""name\"": \""outSR\"",\n      \""type\"": \""NUMBER\"",\n      \""description\"": \""The spatial reference of the x/y coordinates returned by a geocode request. This is useful for applications using a map with a spatial reference different than that of the geocode service.\"",\n      \""default\"": 102100\n    },\n    {\n      \""name\"": \""langCode\"",\n      \""type\"": \""STRING\"",\n      \""description\"": \""Sets the language in which reverse-geocoded addresses are returned. Addresses in many countries are available in more than one language; in these cases the langCode parameter can be used to specify which language should be used for addresses returned by the reverseGeocode operation. This is useful for ensuring that addresses are returned in the expected language. For example, a web application could be designed to get the browser language and pass it as the langCode parameter value in a reverseGeocode request.\"",\n      \""default\"": \""fr\""\n    }\n  ]\n}\nInput: Bulk geocoding\nOnly return JSON.""}]","{
  ""required_parameters"": {
    ""addresses"": ""{\""records\"": [{\""attributes\"": {\""OBJECTID\"": 1, \""Address\"": \""380 New York St\"", \""Neighborhood\"": \""\"", \""City\"": \""Redlands\"", \""Subregion\"": \""\"", \""Region\"": \""CA\""}}, {\""attributes\"": {\""OBJECTID\"": 2, \""Address\"": \""1 World Way\"", \""Neighborhood\"": \""\"", \""City\"": \""Los Angeles\"", \""Subregion\"": \""\"", \""Region\"": \""CA\""}}]}"",
    ""f"": ""pjson"",
    ""token"": ""{{API key}}""
  },
  ""optional_parameters"": {
    ""matchOutOfRange"": ""false"",
    ""preferredLabelValues"": ""localCity"",
    ""outFields"": ""AddNum,StAddr,City"",
    ""category"": ""Address"",
    ""locationType"": ""street"",
    ""searchExtent"": ""-104,35.6,-94.32,41"",
    ""sourceCountry"": ""USA"",
    ""outSR"": 102100,
    ""langCode"": ""fr""
  }
}",False,"2 validation errors for ArcGISPlatformGeocoding_Bulkgeocoding_Model
required_parameters
  Input should be a valid list [type=list_type, input_value={'addresses': '{""records""... 'token': '{{API key}}'}, input_type=dict]
    For further information visit https://errors.pydantic.dev/2.12/v/list_type
optional_parameters
  Input should be a valid list [type=list_type, input_value={'matchOutOfRange': 'fals...02100, 'langCode': 'fr'}, input_type=dict]
    For further information visit https://errors.pydantic.dev/2.12/v/list_type","{""extraneous_text_pct"": 0.0, ""cleaned_json_length"": 0, ""original_length"": 748}"
qwen-turbo,toolbench_user_only,"[{""role"": ""user"", ""content"": ""My family is considering relocating to a different country and we are interested in finding job opportunities. Can you assist us in finding companies in the B2BHint database that are hiring? We are specifically looking for companies in the technology sector located in Canada. Please provide us with a list of matching companies and their basic company data using the Search company by Name API. Additionally, we would like to retrieve the full company data for a selected company using the Get company [Full data] API.\nYour output must be valid JSON:\n{\n  \""required_parameters\"": [\n    {\n      \""name\"": \""q\"",\n      \""type\"": \""STRING\"",\n      \""description\"": \""Company name or number or other identifiers\"",\n      \""default\"": \""Tesla\""\n    }\n  ],\n  \""optional_parameters\"": [\n    {\n      \""name\"": \""countryCode\"",\n      \""type\"": \""STRING\"",\n      \""description\"": \""ISO2 country code\"",\n      \""default\"": \""be\""\n    }\n  ]\n}\nInput: Search company by Name\nOnly return JSON.""}]","{
  ""required_parameters"": [
    {
      ""name"": ""q"",
      ""type"": ""STRING"",
      ""description"": ""Company name or number or other identifiers"",
      ""default"": ""Tesla""
    }
  ],
  ""optional_parameters"": [
    {
      ""name"": ""countryCode"",
      ""type"": ""STRING"",
      ""description"": ""ISO2 country code"",
      ""default"": ""ca""
    }
  ]
}",True,"","{""extraneous_text_pct"": 0.0, ""cleaned_json_length"": 343, ""original_length"": 343}"
qwen-turbo,toolbench_user_only,"[{""role"": ""user"", ""content"": ""As a marketing consultant, I need to analyze the leads generated from various campaigns. Can you retrieve the leads from different websites and provide me with the lead information, including the lead's name, email, country, and city? Also, I would like to gather all the leads from a specific campaign ID. Please fetch the leads for campaign ID '67890'.\nYour output must be valid JSON:\n{\n  \""required_parameters\"": [\n    {\n      \""name\"": \""id\"",\n      \""type\"": \""STRING\"",\n      \""description\"": \""\"",\n      \""default\"": \""Lead\""\n    }\n  ],\n  \""optional_parameters\"": [\n    {\n      \""name\"": \""url\"",\n      \""type\"": \""STRING\"",\n      \""description\"": \""\"",\n      \""default\"": \""gogofodo.com\""\n    }\n  ]\n}\nInput: Get Campaign From URL\nOnly return JSON.""}]","{
  ""required_parameters"": [
    {
      ""name"": ""id"",
      ""type"": ""STRING"",
      ""description"": """",
      ""default"": ""67890""
    }
  ],
  ""optional_parameters"": [
    {
      ""name"": ""url"",
      ""type"": ""STRING"",
      ""description"": """",
      ""default"": ""gogofodo.com""
    }
  ]
}",True,"","{""extraneous_text_pct"": 0.0, ""cleaned_json_length"": 286, ""original_length"": 286}"
qwen-turbo,toolbench_user_only,"[{""role"": ""user"", ""content"": ""I'm organizing a company team-building event and we need to find nearby places to engage in outdoor activities. Please fetch a list of parks, sports complexes, and adventure centers within a 1-kilometer radius of our office. It would be great if you could include their names, addresses, and distance from our location.\nYour output must be valid JSON:\n{\n  \""required_parameters\"": [\n    {\n      \""name\"": \""lng\"",\n      \""type\"": \""NUMBER\"",\n      \""description\"": \""Longitude\"",\n      \""default\"": \""-123.0413988\""\n    },\n    {\n      \""name\"": \""lat\"",\n      \""type\"": \""NUMBER\"",\n      \""description\"": \""Latitude\"",\n      \""default\"": \""49.2803703\""\n    }\n  ],\n  \""optional_parameters\"": [\n    {\n      \""name\"": \""radius\"",\n      \""type\"": \""NUMBER\"",\n      \""description\"": \""**Meters**\\nDefault: 200\\nMaximum: 50000\"",\n      \""default\"": \""500\""\n    },\n    {\n      \""name\"": \""type\"",\n      \""type\"": \""STRING\"",\n      \""description\"": \""Default: 'coffee shop'\"",\n      \""default\"": \""coffee shop\""\n    }\n  ]\n}\nInput: Nearby - (ArcGIS)\nOnly return JSON.""}]","{
  ""required_parameters"": {
    ""lng"": -123.0413988,
    ""lat"": 49.2803703
  },
  ""optional_parameters"": {
    ""radius"": 1000,
    ""type"": ""park""
  }
}",False,"2 validation errors for NearbyPlaces_NearbyArcGIS_Model
required_parameters
  Input should be a valid list [type=list_type, input_value={'lng': -123.0413988, 'lat': 49.2803703}, input_type=dict]
    For further information visit https://errors.pydantic.dev/2.12/v/list_type
optional_parameters
  Input should be a valid list [type=list_type, input_value={'radius': 1000, 'type': 'park'}, input_type=dict]
    For further information visit https://errors.pydantic.dev/2.12/v/list_type","{""extraneous_text_pct"": 0.0, ""cleaned_json_length"": 0, ""original_length"": 152}"
qwen-turbo,toolbench_user_only,"[{""role"": ""user"", ""content"": ""Please provide information about the existence of the diagram stored at '/documents/diagrams/flowchart.vdx'. Additionally, download the file.\nYour output must be valid JSON:\n{\n  \""required_parameters\"": [\n    {\n      \""name\"": \""path\"",\n      \""type\"": \""STRING\"",\n      \""description\"": \""File or folder path e.g. '/file.ext' or '/folder'\"",\n      \""default\"": \""\""\n    }\n  ],\n  \""optional_parameters\"": [\n    {\n      \""name\"": \""versionId\"",\n      \""type\"": \""STRING\"",\n      \""description\"": \""File version ID\"",\n      \""default\"": \""\""\n    },\n    {\n      \""name\"": \""storageName\"",\n      \""type\"": \""STRING\"",\n      \""description\"": \""Storage name\"",\n      \""default\"": \""\""\n    }\n  ]\n}\nInput: ObjectExists\nOnly return JSON.""}]","{
  ""required_parameters"": {
    ""path"": ""/documents/diagrams/flowchart.vdx""
  },
  ""optional_parameters"": {}
}",False,"2 validation errors for AsposeDiagramCloud_ObjectExists_Model
required_parameters
  Input should be a valid list [type=list_type, input_value={'path': '/documents/diagrams/flowchart.vdx'}, input_type=dict]
    For further information visit https://errors.pydantic.dev/2.12/v/list_type
optional_parameters
  Input should be a valid list [type=list_type, input_value={}, input_type=dict]
    For further information visit https://errors.pydantic.dev/2.12/v/list_type","{""extraneous_text_pct"": 0.0, ""cleaned_json_length"": 0, ""original_length"": 111}"
qwen-turbo,toolbench_user_only,"[{""role"": ""user"", ""content"": ""I'm a cryptocurrency enthusiast and I want to stay updated on the latest news. Can you provide me with expert analysis opinions for a specific cryptocurrency? Please paginate the results and give me the second page. Additionally, I would like to see the full-size chart for this cryptocurrency.\nYour output must be valid JSON:\n{\n  \""required_parameters\"": [\n    {\n      \""name\"": \""pair_ID\"",\n      \""type\"": \""NUMBER\"",\n      \""description\"": \""Value of pair&#95;id field returned in coins/list, coins/search, coins/list-pairs, etc...\"",\n      \""default\"": \""1057391\""\n    }\n  ],\n  \""optional_parameters\"": [\n    {\n      \""name\"": \""time_utc_offset\"",\n      \""type\"": \""NUMBER\"",\n      \""description\"": \""UTC value in seconds, for example : utc+8 -> 8 * 60 * 60 = 28800\"",\n      \""default\"": \""28800\""\n    },\n    {\n      \""name\"": \""lang_ID\"",\n      \""type\"": \""NUMBER\"",\n      \""description\"": \""The value of all&#95;langs/lang&#95;ID returned in .../get-meta-data endpoint\"",\n      \""default\"": \""1\""\n    },\n    {\n      \""name\"": \""page\"",\n      \""type\"": \""NUMBER\"",\n      \""description\"": \""For paging purpose\"",\n      \""default\"": \""1\""\n    }\n  ]\n}\nInput: coins/get-analysis\nOnly return JSON.""}]","{
  ""required_parameters"": {
    ""pair_ID"": 1057391
  },
  ""optional_parameters"": {
    ""time_utc_offset"": 28800,
    ""lang_ID"": 1,
    ""page"": 2
  }
}",False,"2 validation errors for InvestingCryptocurrencyMarkets_coinsgetanalysis_Model
required_parameters
  Input should be a valid list [type=list_type, input_value={'pair_ID': 1057391}, input_type=dict]
    For further information visit https://errors.pydantic.dev/2.12/v/list_type
optional_parameters
  Input should be a valid list [type=list_type, input_value={'time_utc_offset': 28800...'lang_ID': 1, 'page': 2}, input_type=dict]
    For further information visit https://errors.pydantic.dev/2.12/v/list_type","{""extraneous_text_pct"": 0.0, ""cleaned_json_length"": 0, ""original_length"": 151}"
qwen-turbo,toolbench_user_only,"[{""role"": ""user"", ""content"": ""I'm a travel blogger and I want to provide my readers with the most accurate weather information for their upcoming trips. Can you help me find the 14-day weather forecast for a specific city? The city's name is Paris and its zip code is 75000.\nYour output must be valid JSON:\n{\n  \""required_parameters\"": [\n    {\n      \""name\"": \""LAT\"",\n      \""type\"": \""NUMBER\"",\n      \""description\"": \""Latitude\"",\n      \""default\"": \""51.5\""\n    },\n    {\n      \""name\"": \""LON\"",\n      \""type\"": \""NUMBER\"",\n      \""description\"": \""Longitude\"",\n      \""default\"": \""-0.6\""\n    }\n  ],\n  \""optional_parameters\"": [\n    {\n      \""name\"": \""LANG\"",\n      \""type\"": \""STRING\"",\n      \""description\"": \""Language [en,de,nl,fr,pl,gr,it,cn,ru,cz,pt,es]\"",\n      \""default\"": \""en\""\n    }\n  ]\n}\nInput: Get forecastdata by lat/lon\nOnly return JSON.""}]","{
  ""required_parameters"": [
    {
      ""name"": ""LAT"",
      ""type"": ""NUMBER"",
      ""description"": ""Latitude"",
      ""default"": ""48.8566""
    },
    {
      ""name"": ""LON"",
      ""type"": ""NUMBER"",
      ""description"": ""Longitude"",
      ""default"": ""2.3522""
    }
  ],
  ""optional_parameters"": [
    {
      ""name"": ""LANG"",
      ""type"": ""STRING"",
      ""description"": ""Language [en,de,nl,fr,pl,gr,it,cn,ru,cz,pt,es]"",
      ""default"": ""en""
    }
  ]
}",True,"","{""extraneous_text_pct"": 0.0, ""cleaned_json_length"": 452, ""original_length"": 452}"
qwen-turbo,toolbench_user_only,"[{""role"": ""user"", ""content"": ""My company is organizing a networking event and we need to invite industry experts as guest speakers. Can you search for individuals in the technology sector who have experience speaking at similar events using the 'Search person by name' API? Once you have the list, provide their contact details and any previous speaking engagements using the 'Search company by Name' and 'Get company [Basic data]' APIs.\nYour output must be valid JSON:\n{\n  \""required_parameters\"": [\n    {\n      \""name\"": \""q\"",\n      \""type\"": \""STRING\"",\n      \""description\"": \""\"",\n      \""default\"": \""Elon Musk\""\n    }\n  ],\n  \""optional_parameters\"": [\n    {\n      \""name\"": \""countryCode\"",\n      \""type\"": \""STRING\"",\n      \""description\"": \""\"",\n      \""default\"": \""us\""\n    }\n  ]\n}\nInput: Search person by name\nOnly return JSON.""}]","{
  ""required_parameters"": [
    {
      ""name"": ""q"",
      ""type"": ""STRING"",
      ""description"": """",
      ""default"": ""Elon Musk""
    }
  ],
  ""optional_parameters"": [
    {
      ""name"": ""countryCode"",
      ""type"": ""STRING"",
      ""description"": """",
      ""default"": ""us""
    }
  ]
}",True,"","{""extraneous_text_pct"": 0.0, ""cleaned_json_length"": 287, ""original_length"": 287}"
qwen-turbo,toolbench_user_only,"[{""role"": ""user"", ""content"": ""My friend is interested in leaving a review for a business unit but is unsure how to do it. Can you provide instructions on how to write and submit a review? It would be helpful to include web links to the review submission page and images displaying the star rating.\nYour output must be valid JSON:\n{\n  \""required_parameters\"": [\n    {\n      \""name\"": \""id\"",\n      \""type\"": \""STRING\"",\n      \""description\"": \""The value of id field returned in .../business-units/search or .../business-units/search-by-domain endpoint\"",\n      \""default\"": \""46a7e93b000064000500918b\""\n    }\n  ],\n  \""optional_parameters\"": [\n    {\n      \""name\"": \""locale\"",\n      \""type\"": \""STRING\"",\n      \""description\"": \""The locale code\"",\n      \""default\"": \""en-US\""\n    }\n  ]\n}\nInput: business-units/get-web-links\nOnly return JSON.""}]","{
  ""required_parameters"": {
    ""id"": ""46a7e93b000064000500918b""
  },
  ""optional_parameters"": {
    ""locale"": ""en-US""
  }
}",False,"2 validation errors for UnofficialTrustPilot_businessunitsgetweblinks_Model
required_parameters
  Input should be a valid list [type=list_type, input_value={'id': '46a7e93b000064000500918b'}, input_type=dict]
    For further information visit https://errors.pydantic.dev/2.12/v/list_type
optional_parameters
  Input should be a valid list [type=list_type, input_value={'locale': 'en-US'}, input_type=dict]
    For further information visit https://errors.pydantic.dev/2.12/v/list_type","{""extraneous_text_pct"": 0.0, ""cleaned_json_length"": 0, ""original_length"": 125}"
qwen-turbo,toolbench_user_only,"[{""role"": ""user"", ""content"": ""My friends and I are planning a hiking trip to Yosemite National Park. Can you provide us with the weather forecast for the park for the next 3 days? We would like to know the temperature, precipitation probability, and wind speed. Additionally, we are interested in finding hiking trails in the park. Could you suggest some popular trails and provide information on their difficulty level and scenic views?\nYour output must be valid JSON:\n{\n  \""required_parameters\"": [\n    {\n      \""name\"": \""q\"",\n      \""type\"": \""STRING\"",\n      \""description\"": \""The keyword you want to use to perform the search.\"",\n      \""default\"": \""tacos\""\n    }\n  ],\n  \""optional_parameters\"": [\n    {\n      \""name\"": \""include_answer_box\"",\n      \""type\"": \""BOOLEAN\"",\n      \""description\"": \""Determines whether to include the answer box (sometimes called the \\\\\\\\\\\\\\\\\\\\\\\\\\\\\\\\\\\\\\\\\\\\\\\\\\\\\\\\\\\\\\\""featured snippet\\\\\\\\\\\\\\\\\\\\\\\\\\\\\\\\\\\\\\\\\\\\\\\\\\\\\\\\\\\\\\\"") in the `organic_results` array and treat it as the first result. This may be desirable if you treat the result Bing displayed in the `answer_box` as the first organic result.\\n\"",\n      \""default\"": \""\""\n    },\n    {\n      \""name\"": \""page\"",\n      \""type\"": \""NUMBER\"",\n      \""description\"": \""Determines the page of results to return, defaults to `1`. Use in combination with the num parameter to implement pagination.\"",\n      \""default\"": \""\""\n    },\n    {\n      \""name\"": \""flatten_results\"",\n      \""type\"": \""BOOLEAN\"",\n      \""description\"": \""Can be set to `true` or `false`. Determines whether VALUE SERP flattens the `inline_videos`, `inline_images`, `inline_tweets`, `top_stories` and `local_results` and shows them inline with the `organic_results`. This is useful if you want a simplified list of all of the results shown for an organic web search, irrespective of the type of result. When `flatten_results=true `then a new property type is added to each item in the `organic_results` array indicating the type of result (i.e. \\\\\\\\\\\\\\\\\\\\\\\\\\\\\\\\\\\\\\\\\\\\\\\\\\\\\\\\\\\\\\\""ad\\\\\\\\\\\\\\\\\\\\\\\\\\\\\\\\\\\\\\\\\\\\\\\\\\\\\\\\\\\\\\\"", \\\\\\\\\\\\\\\\\\\\\\\\\\\\\\\\\\\\\\\\\\\\\\\\\\\\\\\\\\\\\\\""inline_tweets\\\\\\\\\\\\\\\\\\\\\\\\\\\\\\\\\\\\\\\\\\\\\\\\\\\\\\\\\\\\\\\"" etc).\\n\"",\n      \""default\"": \""\""\n    },\n    {\n      \""name\"": \""nfpr\"",\n      \""type\"": \""NUMBER\"",\n      \""description\"": \""Determines whether to exclude results from auto-corrected queries that were spelt wrong. Can be set to `1` to exclude auto-corrected results, or `0 `(default) to include them.\\n\"",\n      \""default\"": \""\""\n    },\n    {\n      \""name\"": \""tbs\"",\n      \""type\"": \""STRING\"",\n      \""description\"": \""Sets a specific string to be added to the Google `tbs` parameter in the underlying Google query. The `tbs` parameter is normally generated automatically by the API, but it can be set explicitly also.\\n\"",\n      \""default\"": \""\""\n    },\n    {\n      \""name\"": \""num\"",\n      \""type\"": \""NUMBER\"",\n      \""description\"": \""Determines the number of results to show per page. Use in combination with the `page` parameter to implement pagination. \\n\"",\n      \""default\"": \""\""\n    },\n    {\n      \""name\"": \""time_period_max\"",\n      \""type\"": \""STRING\"",\n      \""description\"": \""Determines the maximum (i.e. 'to') time to use when `time_period` is set to `custom`. Should be in the form `MM/DD/YYYY`, I.e. for 31st December 2018 `time_period_max` would be `12/31/2018`.\\n\"",\n      \""default\"": \""\""\n    },\n    {\n      \""name\"": \""safe\"",\n      \""type\"": \""STRING\"",\n      \""description\"": \""Determines whether `Safe Search` is enabled for the results. Can be set to `active` to enable Safe Search, or `off` to disable Safe Search.\\n\"",\n      \""default\"": \""\""\n    },\n    {\n      \""name\"": \""knowledge_graph_id\"",\n      \""type\"": \""STRING\"",\n      \""description\"": \""The `knowledge_graph_id` request parameter sets the `kgmid` Google parameter. You can use this to prompt a specific knowledge graph to show in the results, an example would be `knowledge_graph_id=/m/0jg24`\\n\"",\n      \""default\"": \""\""\n    },\n    {\n      \""name\"": \""uule\"",\n      \""type\"": \""STRING\"",\n      \""description\"": \""The Google UULE parameter - use to pass through a custom `uule` parameter to Google. VALUE SERP automatically generates the `uule` when you use the `location` parameter but we allow you to overwrite it directly by specifying a `uule` directly.\\n\"",\n      \""default\"": \""\""\n    },\n    {\n      \""name\"": \""lr\"",\n      \""type\"": \""STRING\"",\n      \""description\"": \""The `lr` parameter limits the results to websites containing the specified language. View the full list of supported `lr` values [here](https://www.valueserp.com/docs/search-api/reference/google-lr-languages).\\n\"",\n      \""default\"": \""\""\n    },\n    {\n      \""name\"": \""cr\"",\n      \""type\"": \""STRING\"",\n      \""description\"": \""The `cr` parameter instructs Google to limit the results to websites in the specified country. View the full list of supported `cr` values [here](https://www.valueserp.com/docs/search-api/reference/google-cr-countries).\\n\"",\n      \""default\"": \""\""\n    },\n    {\n      \""name\"": \""filter\"",\n      \""type\"": \""NUMBER\"",\n      \""description\"": \""Determines if the filters for` Similar Results` and `Omitted Results` are on or off. Can be set to `1` (default) to enable these filters, or `0` to disable these filters.\\n\"",\n      \""default\"": \""\""\n    },\n    {\n      \""name\"": \""time_period_min\"",\n      \""type\"": \""STRING\"",\n      \""description\"": \""Determines the minimum (i.e. 'from') time to use when `time_period` is set to `custom`. Should be in the form `MM/DD/YYYY`, I.e. for 31st December 2018 `time_period_min` would be `12/31/2018`.\\n\"",\n      \""default\"": \""\""\n    },\n    {\n      \""name\"": \""google_domain\"",\n      \""type\"": \""STRING\"",\n      \""description\"": \""The Google domain to use to run the search query. View the full list of supported `google_domain` values [here](https://www.valueserp.com/docs/search-api/reference/google-domains). Defaults to `google.com`.\"",\n      \""default\"": \""\""\n    },\n    {\n      \""name\"": \""time_period\"",\n      \""type\"": \""STRING\"",\n      \""description\"": \""Determines the time period of the results shown. It can be set to `last_hour`, `last_day` (for the last 24 hours), `last_week` (for the last 7 days), `last_month`, `last_year` or `custom`. When using `custom` you must also specify one or both of the `time_period_min` or `time_period_max` parameters to define the custom time period.\\n\"",\n      \""default\"": \""\""\n    },\n    {\n      \""name\"": \""location\"",\n      \""type\"": \""STRING\"",\n      \""description\"": \""Determines the geographic location in which the query is executed. You can enter any location as free-text, but if you choose one of the VALUE SERP[ built-in locations](https://www.valueserp.com/docs/locations-api) then the `google_domain`, `gl` and `hl` parameters are automatically updated to the domain, country and language that match the built-in location (note that this behaviour can be disabled via the `location_auto` parameter).\"",\n      \""default\"": \""\""\n    },\n    {\n      \""name\"": \""hl\"",\n      \""type\"": \""STRING\"",\n      \""description\"": \""The `hl` parameter determines the Google UI language to return results. View the full list of supported `hl` values [here](https://www.valueserp.com/docs/search-api/reference/google-languages). Defaults to `en`.\\n\"",\n      \""default\"": \""\""\n    },\n    {\n      \""name\"": \""location_auto\"",\n      \""type\"": \""BOOLEAN\"",\n      \""description\"": \""If the `location` field is set to a VALUE SERP [built-in location](https://www.valueserp.com/docs/locations-api) from the [Locations API](https://www.valueserp.com/docs/locations-api), and `location_auto` is set to `true` (default) then the `google_domain`, `gl` and `hl` parameters are automatically updated to the domain, country and language that match the built-in location. Valid values are `true` (default) to enable this behaviour or `false` to disable.\"",\n      \""default\"": \""\""\n    },\n    {\n      \""name\"": \""gl\"",\n      \""type\"": \""STRING\"",\n      \""description\"": \""The `gl` parameter determines the Google country to use for the query. View the full list of supported `gl` values [here](https://www.valueserp.com/docs/search-api/reference/google-countries). Defaults to `us`.\\n\"",\n      \""default\"": \""\""\n    }\n  ]\n}\nInput: Google Search\nOnly return JSON.""}]","{
  ""required_parameters"": [
    {
      ""name"": ""q"",
      ""type"": ""STRING"",
      ""description"": ""The keyword you want to use to perform the search."",
      ""default"": ""tacos""
    }
  ],
  ""optional_parameters"": [
    {
      ""name"": ""include_answer_box"",
      ""type"": ""BOOLEAN"",
      ""description"": ""Determines whether to include the answer box (sometimes called the \""featured snippet\"") in the `organic_results` array and treat it as the first result. This may be desirable if you treat the result Bing displayed in the `answer_box` as the first organic result."",
      ""default"": """"
    },
    {
      ""name"": ""page"",
      ""type"": ""NUMBER"",
      ""description"": ""Determines the page of results to return, defaults to `1`. Use in combination with the num parameter to implement pagination."",
      ""default"": """"
    },
    {
      ""name"": ""flatten_results"",
      ""type"": ""BOOLEAN"",
      ""description"": ""Can be set to `true` or `false`. Determines whether VALUE SERP flattens the `inline_videos`, `inline_images`, `inline_tweets`, `top_stories` and `local_results` and shows them inline with the `organic_results`. This is useful if you want a simplified list of all of the results shown for an organic web search, irrespective of the type of result. When `flatten_results=true `then a new property type is added to each item in the `organic_results` array indicating the type of result (i.e. \""ad\"", \""inline_tweets\"" etc)."",
      ""default"": """"
    },
    {
      ""name"": ""nfpr"",
      ""type"": ""NUMBER"",
      ""description"": ""Determines whether to exclude results from auto-corrected queries that were spelt wrong. Can be set to `1` to exclude auto-corrected results, or `0 `(default) to include them."",
      ""default"": """"
    },
    {
      ""name"": ""tbs"",
      ""type"": ""STRING"",
      ""description"": ""Sets a specific string to be added to the Google `tbs` parameter in the underlying Google query. The `tbs` parameter is normally generated automatically by the API, but it can be set explicitly also."",
      ""default"": """"
    },
    {
      ""name"": ""num"",
      ""type"": ""NUMBER"",
      ""description"": ""Determines the number of results to show per page. Use in combination with the `page` parameter to implement pagination. "",
      ""default"": """"
    },
    {
      ""name"": ""time_period_max"",
      ""type"": ""STRING"",
      ""description"": ""Determines the maximum (i.e. 'to') time to use when `time_period` is set to `custom`. Should be in the form `MM/DD/YYYY`, I.e. for 31st December 2018 `time_period_max` would be `12/31/2018`."",
      ""default"": """"
    },
    {
      ""name"": ""safe"",
      ""type"": ""STRING"",
      ""description"": ""Determines whether `Safe Search` is enabled for the results. Can be set to `active` to enable Safe Search, or `off` to disable Safe Search."",
      ""default"": """"
    },
    {
      ""name"": ""knowledge_graph_id"",
      ""type"": ""STRING"",
      ""description"": ""The `knowledge_graph_id` request parameter sets the `kgmid` Google parameter. You can use this to prompt a specific knowledge graph to show in the results, an example would be `knowledge_graph_id=/m/0jg24`"",
      ""default"": """"
    },
    {
      ""name"": ""uule"",
      ""type"": ""STRING"",
      ""description"": ""The Google UULE parameter - use to pass through a custom `uule` parameter to Google. VALUE SERP automatically generates the `uule` when you use the `location` parameter but we allow you to overwrite it directly by specifying a `uule` directly."",
      ""default"": """"
    },
    {
      ""name"": ""lr"",
      ""type"": ""STRING"",
      ""description"": ""The `lr` parameter limits the results to websites containing the specified language. View the full list of supported `lr` values [here](https://www.valueserp.com/docs/search-api/reference/google-lr-languages)."",
      ""default"": """"
    },
    {
      ""name"": ""cr"",
      ""type"": ""STRING"",
      ""description"": ""The `cr` parameter instructs Google to limit the results to websites in the specified country. View the full list of supported `cr` values [here](https://www.valueserp.com/docs/search-api/reference/google-cr-countries)."",
      ""default"": """"
    },
    {
      ""name"": ""filter"",
      ""type"": ""NUMBER"",
      ""description"": ""Determines if the filters for` Similar Results` and `Omitted Results` are on or off. Can be set to `1` (default) to enable these filters, or `0` to disable these filters."",
      ""default"": """"
    },
    {
      ""name"": ""time_period_min"",
      ""type"": ""STRING"",
      ""description"": ""Determines the minimum (i.e. 'from') time to use when `time_period` is set to `custom`. Should be in the form `MM/DD/YYYY`, I.e. for 31st December 2018 `time_period_min` would be `12/31/2018`."",
      ""default"": """"
    },
    {
      ""name"": ""google_domain"",
      ""type"": ""STRING"",
      ""description"": ""The Google domain to use to run the search query. View the full list of supported `google_domain` values [here](https://www.valueserp.com/docs/search-api/reference/google-domains). Defaults to `google.com`."",
      ""default"": """"
    },
    {
      ""name"": ""time_period"",
      ""type"": ""STRING"",
      ""description"": ""Determines the time period of the results shown. It can be set to `last_hour`, `last_day` (for the last 24 hours), `last_week` (for the last 7 days), `last_month`, `last_year` or `custom`. When using `custom` you must also specify one or both of the `time_period_min` or `time_period_max` parameters to define the custom time period."",
      ""default"": """"
    },
    {
      ""name"": ""location"",
      ""type"": ""STRING"",
      ""description"": ""Determines the geographic location in which the query is executed. You can enter any location as free-text, but if you choose one of the VALUE SERP[ built-in locations](https://www.valueserp.com/docs/locations-api) then the `google_domain`, `gl` and `hl` parameters are automatically updated to the domain, country and language that match the built-in location (note that this behaviour can be disabled via the `location_auto` parameter)."",
      ""default"": """"
    },
    {
      ""name"": ""hl"",
      ""type"": ""STRING"",
      ""description"": ""The `hl` parameter determines the Google UI language to return results. View the full list of supported `hl` values [here](https://www.valueserp.com/docs/search-api/reference/google-languages). Defaults to `en`."",
      ""default"": """"
    },
    {
      ""name"": ""location_auto"",
      ""type"": ""BOOLEAN"",
      ""description"": ""If the `location` field is set to a VALUE SERP [built-in location](https://www.valueserp.com/docs/locations-api) from the [Locations API](https://www.valueserp.com/docs/locations-api), and `location_auto` is set to `true` (default) then the `google_domain`, `gl` and `hl` parameters are automatically updated to the domain, country and language that match the built-in location. Valid values are `true` (default) to enable this behaviour or `false` to disable."",
      ""default"": """"
    },
    {
      ""name"": ""gl"",
      ""type"": ""STRING"",
      ""description"": ""The `gl` parameter determines the Google country to use for the query. View the full list of supported `gl` values [here](https://www.valueserp.com/docs/search-api/reference/google-countries). Defaults to `us`."",
      ""default"": """"
    }
  ]
}",True,"","{""extraneous_text_pct"": 0.0, ""cleaned_json_length"": 7213, ""original_length"": 7213}"
qwen-turbo,toolbench_user_only,"[{""role"": ""user"", ""content"": ""I'm planning a road trip and want to create a playlist of travel vlogs on YouTube. Can you help me find vlogs related to road trips and travel destinations? Please include the video titles, thumbnails, and durations in the playlist.\nYour output must be valid JSON:\n{\n  \""required_parameters\"": [\n    {\n      \""name\"": \""query\"",\n      \""type\"": \""STRING\"",\n      \""description\"": \""\"",\n      \""default\"": \""never+gonna+give+you+up\""\n    }\n  ],\n  \""optional_parameters\"": [\n    {\n      \""name\"": \""type\"",\n      \""type\"": \""ENUM\"",\n      \""description\"": \""\"",\n      \""default\"": \""\""\n    },\n    {\n      \""name\"": \""safesearch\"",\n      \""type\"": \""BOOLEAN\"",\n      \""description\"": \""\"",\n      \""default\"": \""false\""\n    }\n  ]\n}\nInput: Search\nOnly return JSON.""}]","{
  ""required_parameters"": {
    ""query"": ""road trip travel vlogs""
  },
  ""optional_parameters"": {
    ""type"": """",
    ""safesearch"": false
  }
}",False,"2 validation errors for SimpleYouTubeSearch_Search_Model
required_parameters
  Input should be a valid list [type=list_type, input_value={'query': 'road trip travel vlogs'}, input_type=dict]
    For further information visit https://errors.pydantic.dev/2.12/v/list_type
optional_parameters
  Input should be a valid list [type=list_type, input_value={'type': '', 'safesearch': False}, input_type=dict]
    For further information visit https://errors.pydantic.dev/2.12/v/list_type","{""extraneous_text_pct"": 0.0, ""cleaned_json_length"": 0, ""original_length"": 144}"
qwen-turbo,toolbench_user_only,"[{""role"": ""user"", ""content"": ""Could you fetch the key-value pairs from my KVStore collection? I would like to get the items ordered by creation time in descending order, with a limit of 50. Additionally, provide me with the storage status and information.\nYour output must be valid JSON:\n{\n  \""required_parameters\"": [\n    {\n      \""name\"": \""collection\"",\n      \""type\"": \""STRING\"",\n      \""description\"": \""\"",\n      \""default\"": \""\""\n    }\n  ],\n  \""optional_parameters\"": [\n    {\n      \""name\"": \""limit\"",\n      \""type\"": \""NUMBER\"",\n      \""description\"": \""The number of items to be returned (max. 100)\"",\n      \""default\"": \""10\""\n    },\n    {\n      \""name\"": \""sort\"",\n      \""type\"": \""STRING\"",\n      \""description\"": \""the sort type (asc = ascending, desc = descending)\"",\n      \""default\"": \""asc\""\n    },\n    {\n      \""name\"": \""offset\"",\n      \""type\"": \""NUMBER\"",\n      \""description\"": \""This parameter is used to skip items from the result. An item is returned if created_at < offset (descending order) or created_at > offset (ascending order)\"",\n      \""default\"": \""\""\n    }\n  ]\n}\nInput: Get items\nOnly return JSON.""}]","{
  ""required_parameters"": [
    {
      ""name"": ""collection"",
      ""type"": ""STRING"",
      ""description"": """",
      ""default"": """"
    }
  ],
  ""optional_parameters"": [
    {
      ""name"": ""limit"",
      ""type"": ""NUMBER"",
      ""description"": ""The number of items to be returned (max. 100)"",
      ""default"": ""10""
    },
    {
      ""name"": ""sort"",
      ""type"": ""STRING"",
      ""description"": ""the sort type (asc = ascending, desc = descending)"",
      ""default"": ""asc""
    },
    {
      ""name"": ""offset"",
      ""type"": ""NUMBER"",
      ""description"": ""This parameter is used to skip items from the result. An item is returned if created_at < offset (descending order) or created_at > offset (ascending order)"",
      ""default"": """"
    }
  ]
}",True,"","{""extraneous_text_pct"": 0.0, ""cleaned_json_length"": 745, ""original_length"": 745}"
qwen-turbo,toolbench_user_only,"[{""role"": ""user"", ""content"": ""I'm planning a trip with my family to Germany and we want to explore different cities. Can you suggest some popular tourist attractions and train routes between these cities? We will be traveling on 23.05.2022, starting from Berlin and ending in Munich. Also, can you provide the departure and arrival times for each train?\nYour output must be valid JSON:\n{\n  \""required_parameters\"": [\n    {\n      \""name\"": \""date\"",\n      \""type\"": \""STRING\"",\n      \""description\"": \""Travel date in format DD.MM.YYYY\"",\n      \""default\"": \""16.02.2022\""\n    },\n    {\n      \""name\"": \""from_id\"",\n      \""type\"": \""STRING\"",\n      \""description\"": \""Departure id\"",\n      \""default\"": \""008011201\""\n    },\n    {\n      \""name\"": \""passenger0_age\"",\n      \""type\"": \""NUMBER\"",\n      \""description\"": \""Age of the first passenger\"",\n      \""default\"": \""45\""\n    },\n    {\n      \""name\"": \""time\"",\n      \""type\"": \""TIME (24-hour HH:MM)\"",\n      \""description\"": \""Travel time\"",\n      \""default\"": \""09:00\""\n    },\n    {\n      \""name\"": \""to_id\"",\n      \""type\"": \""STRING\"",\n      \""description\"": \""Arrival id\"",\n      \""default\"": \""008011155\""\n    }\n  ],\n  \""optional_parameters\"": [\n    {\n      \""name\"": \""passenger3_age\"",\n      \""type\"": \""NUMBER\"",\n      \""description\"": \""Age of the fourth passenger\"",\n      \""default\"": \""\""\n    },\n    {\n      \""name\"": \""passenger2_discount\"",\n      \""type\"": \""ENUM\"",\n      \""description\"": \""Discount of the third passenger\"",\n      \""default\"": \""\""\n    },\n    {\n      \""name\"": \""passenger4_discount\"",\n      \""type\"": \""ENUM\"",\n      \""description\"": \""Discount of the fifth passenger\"",\n      \""default\"": \""\""\n    },\n    {\n      \""name\"": \""passenger1_discount\"",\n      \""type\"": \""ENUM\"",\n      \""description\"": \""Discount of the second passenger\"",\n      \""default\"": \""\""\n    },\n    {\n      \""name\"": \""passenger3_discount\"",\n      \""type\"": \""ENUM\"",\n      \""description\"": \""Discount of the fourth passenger\"",\n      \""default\"": \""\""\n    },\n    {\n      \""name\"": \""passenger2_age\"",\n      \""type\"": \""NUMBER\"",\n      \""description\"": \""Age of the third passenger\"",\n      \""default\"": \""\""\n    },\n    {\n      \""name\"": \""passenger0_discount\"",\n      \""type\"": \""ENUM\"",\n      \""description\"": \""Discount of the first passenger\"",\n      \""default\"": \""\""\n    },\n    {\n      \""name\"": \""passenger4_age\"",\n      \""type\"": \""NUMBER\"",\n      \""description\"": \""Age of the fifth passenger\"",\n      \""default\"": \""\""\n    },\n    {\n      \""name\"": \""passenger1_age\"",\n      \""type\"": \""NUMBER\"",\n      \""description\"": \""Age of the second passenger\"",\n      \""default\"": \""\""\n    }\n  ]\n}\nInput: Search trips\nOnly return JSON.""}]","{
  ""required_parameters"": {
    ""date"": ""23.05.2022"",
    ""from_id"": ""008011201"",
    ""passenger0_age"": 45,
    ""time"": ""09:00"",
    ""to_id"": ""008011155""
  },
  ""optional_parameters"": {
    ""passenger3_age"": """",
    ""passenger2_discount"": """",
    ""passenger4_discount"": """",
    ""passenger1_discount"": """",
    ""passenger3_discount"": """",
    ""passenger2_age"": """",
    ""passenger0_discount"": """",
    ""passenger4_age"": """",
    ""passenger1_age"": """"
  }
}",False,"2 validation errors for DeutscheBahn_Searchtrips_Model
required_parameters
  Input should be a valid list [type=list_type, input_value={'date': '23.05.2022', 'f...', 'to_id': '008011155'}, input_type=dict]
    For further information visit https://errors.pydantic.dev/2.12/v/list_type
optional_parameters
  Input should be a valid list [type=list_type, input_value={'passenger3_age': '', 'p...', 'passenger1_age': ''}, input_type=dict]
    For further information visit https://errors.pydantic.dev/2.12/v/list_type","{""extraneous_text_pct"": 0.0, ""cleaned_json_length"": 0, ""original_length"": 450}"
qwen-turbo,toolbench_user_only,"[{""role"": ""user"", ""content"": ""I am planning to invest in the real estate market and I need to gather information about property developers. Can you search for companies in the construction industry in my country? Additionally, provide me with their basic company data and the person associated with each company.\nYour output must be valid JSON:\n{\n  \""required_parameters\"": [\n    {\n      \""name\"": \""q\"",\n      \""type\"": \""STRING\"",\n      \""description\"": \""Company name or number or other identifiers\"",\n      \""default\"": \""Tesla\""\n    }\n  ],\n  \""optional_parameters\"": [\n    {\n      \""name\"": \""countryCode\"",\n      \""type\"": \""STRING\"",\n      \""description\"": \""ISO2 country code\"",\n      \""default\"": \""be\""\n    }\n  ]\n}\nInput: Search company by Name\nOnly return JSON.""}]","{
  ""required_parameters"": {
    ""q"": ""Search company by Name""
  },
  ""optional_parameters"": {
    ""countryCode"": ""be""
  }
}",False,"2 validation errors for B2BHint_SearchcompanybyName_Model
required_parameters
  Input should be a valid list [type=list_type, input_value={'q': 'Search company by Name'}, input_type=dict]
    For further information visit https://errors.pydantic.dev/2.12/v/list_type
optional_parameters
  Input should be a valid list [type=list_type, input_value={'countryCode': 'be'}, input_type=dict]
    For further information visit https://errors.pydantic.dev/2.12/v/list_type","{""extraneous_text_pct"": 0.0, ""cleaned_json_length"": 0, ""original_length"": 124}"
qwen-turbo,toolbench_user_only,"[{""role"": ""user"", ""content"": ""My company is conducting a research project on the price movements of various cryptocurrencies. Can you generate candlestick charts for the trading pairs BTCUSDT, ETHUSDT, and DOGEUSDT on Binance with 100 candles and a time interval of 1 day? Additionally, I would like to know the health status of the Candlestick Chart API.\nYour output must be valid JSON:\n{\n  \""required_parameters\"": [\n    {\n      \""name\"": \""symbol\"",\n      \""type\"": \""STRING\"",\n      \""description\"": \""Symbol for the traiding pair\\n\\nYou can see every traiding pair available [here](https://coinmarketcap.com/en/exchanges/binance)\"",\n      \""default\"": \""BTCUSDT\""\n    }\n  ],\n  \""optional_parameters\"": [\n    {\n      \""name\"": \""limit\"",\n      \""type\"": \""NUMBER\"",\n      \""description\"": \""Amount of candles in the chart\\n\\n- Default: 16\\n- Type: Integer. Maximum 1000\"",\n      \""default\"": \""16\""\n    },\n    {\n      \""name\"": \""interval\"",\n      \""type\"": \""STRING\"",\n      \""description\"": \""Time interval for each candle.\\n\\n- Default: 1m\\n\\n## Time intervals\\n- m: Minutes\\n- h: Hours\\n- d: Days\\n- w: Weeks\\n- M: Months\\n\\nList of intervals:\\n- 1m\\n- 3m\\n- 5m\\n- 15m\\n- 30m\\n- 1h\\n- 2h\\n- 4h\\n- 6h\\n- 8h\\n- 12h\\n- 1d\\n- 3d\\n- 1w\\n- 1M\"",\n      \""default\"": \""1m\""\n    },\n    {\n      \""name\"": \""lastPrice\"",\n      \""type\"": \""NUMBER\"",\n      \""description\"": \""The last price that the chart must have. This could be useful if there is some delay between your analysis and the call to this API, and that delay could make a difference between the numbers and the chart. If not given, the chart will be created with Binance last price\\n\\n- Type: Number\"",\n      \""default\"": \""57500\""\n    }\n  ]\n}\nInput: Binance charts\nOnly return JSON.""}]","{
  ""required_parameters"": [
    {
      ""name"": ""symbol"",
      ""type"": ""STRING"",
      ""description"": ""Symbol for the traiding pair\n\nYou can see every traiding pair available [here](https://coinmarketcap.com/en/exchanges/binance)"",
      ""default"": ""BTCUSDT""
    }
  ],
  ""optional_parameters"": [
    {
      ""name"": ""limit"",
      ""type"": ""NUMBER"",
      ""description"": ""Amount of candles in the chart\n\n- Default: 16\n- Type: Integer. Maximum 1000"",
      ""default"": ""16""
    },
    {
      ""name"": ""interval"",
      ""type"": ""STRING"",
      ""description"": ""Time interval for each candle.\n\n- Default: 1m\n\n## Time intervals\n- m: Minutes\n- h: Hours\n- d: Days\n- w: Weeks\n- M: Months\n\nList of intervals:\n- 1m\n- 3m\n- 5m\n- 15m\n- 30m\n- 1h\n- 2h\n- 4h\n- 6h\n- 8h\n- 12h\n- 1d\n- 3d\n- 1w\n- 1M"",
      ""default"": ""1m""
    },
    {
      ""name"": ""lastPrice"",
      ""type"": ""NUMBER"",
      ""description"": ""The last price that the chart must have. This could be useful if there is some delay between your analysis and the call to this API, and that delay could make a difference between the numbers and the chart. If not given, the chart will be created with Binance last price\n\n- Type: Number"",
      ""default"": ""57500""
    }
  ]
}",True,"","{""extraneous_text_pct"": 0.0, ""cleaned_json_length"": 1247, ""original_length"": 1247}"
qwen-turbo,toolbench_user_only,"[{""role"": ""user"", ""content"": ""As a travel blogger, I'm always looking for new destinations to write about. Can you suggest some offbeat places based on my preferences? I prefer secluded beaches and remote hiking trails. Please provide the addresses and coordinates of these hidden gems.\nYour output must be valid JSON:\n{\n  \""required_parameters\"": [\n    {\n      \""name\"": \""text\"",\n      \""type\"": \""STRING\"",\n      \""description\"": \""(Required) The input text entered by a user, which is used by the suggest operation to generate a list of possible matches.\"",\n      \""default\"": \""starbu\""\n    },\n    {\n      \""name\"": \""f\"",\n      \""type\"": \""STRING\"",\n      \""description\"": \""(Required) Format of the response: json or pjson\"",\n      \""default\"": \""pjson\""\n    }\n  ],\n  \""optional_parameters\"": [\n    {\n      \""name\"": \""searchExtent\"",\n      \""type\"": \""STRING\"",\n      \""description\"": \""A set of bounding box coordinates that limit the search area for suggestions to a specific region. This is especially useful for applications in which a user will search for places and addresses within the current map extent. Helper to get search extent with https://arcgis-js-api-extent-helper.gavinr.com/\"",\n      \""default\"": \""-104,35.6,-94.32,41\""\n    },\n    {\n      \""name\"": \""category\"",\n      \""type\"": \""STRING\"",\n      \""description\"": \""A place or address type that can be used to filter suggest results. The parameter supports input of single category values or multiple comma-separated values. The category parameter must be passed in a request with the text parameter. See Category filtering for complete details about the category parameter.\"",\n      \""default\"": \""Address,Postal\""\n    },\n    {\n      \""name\"": \""countryCode\"",\n      \""type\"": \""STRING\"",\n      \""description\"": \""Limits the returned suggestions to values in a particular country. Valid 2- and 3-character country code values for each country are available in Geocode coverage.\"",\n      \""default\"": \""USA\""\n    },\n    {\n      \""name\"": \""preferredLabelValues\"",\n      \""type\"": \""STRING\"",\n      \""description\"": \""Allows simple configuration of suggestion labels returned in a response from the ArcGIS World Geocoding Service by specifying which address component values should be included in the label. If the parameter is blank or excluded from a request then default address formats are used.\"",\n      \""default\"": \""postalCity\""\n    },\n    {\n      \""name\"": \""maxSuggestions\"",\n      \""type\"": \""NUMBER\"",\n      \""description\"": \""The maximum number of suggestions returned by a suggest response, up to the maximum number allowed by the service. Currently, the ArcGIS World Geocoding Service allows up to 15 suggestions to be returned. If maxSuggestions is not included in the suggest request, the default value is 5.\\n\\n\"",\n      \""default\"": 10\n    },\n    {\n      \""name\"": \""location\"",\n      \""type\"": \""STRING\"",\n      \""description\"": \""Defines an origin point that is used to prefer or boost geocoding candidates based on their proximity to the location. Candidates near the location are prioritized relative to those further away. This is useful in mobile applications where a user wants to search for places in the vicinity of their current GPS location, or in mapping applications where users want to search for places near the center of the map.\"",\n      \""default\"": \""-117.196,34.056\""\n    }\n  ]\n}\nInput: Autocomplete suggestions\nOnly return JSON.""}]","{
  ""required_parameters"": {
    ""text"": ""Autocomplete suggestions"",
    ""f"": ""pjson""
  },
  ""optional_parameters"": {
    ""searchExtent"": ""-104,35.6,-94.32,41"",
    ""category"": ""Address,Postal"",
    ""countryCode"": ""USA"",
    ""preferredLabelValues"": ""postalCity"",
    ""maxSuggestions"": 10,
    ""location"": ""-117.196,34.056""
  }
}",False,"2 validation errors for ArcGISPlatformGeocoding_Autocompletesuggestions_Model
required_parameters
  Input should be a valid list [type=list_type, input_value={'text': 'Autocomplete suggestions', 'f': 'pjson'}, input_type=dict]
    For further information visit https://errors.pydantic.dev/2.12/v/list_type
optional_parameters
  Input should be a valid list [type=list_type, input_value={'searchExtent': '-104,35...ion': '-117.196,34.056'}, input_type=dict]
    For further information visit https://errors.pydantic.dev/2.12/v/list_type","{""extraneous_text_pct"": 0.0, ""cleaned_json_length"": 0, ""original_length"": 328}"
qwen-turbo,toolbench_user_only,"[{""role"": ""user"", ""content"": ""I am planning a family trip to Senegal and I need to find the distance and duration between two locations. Please provide me with the directions from Dakar to Saly Portudal. Also, I would like to know the facilities available in the region of Mbour. Can you give me a list of hospitals and colleges in that area?\nYour output must be valid JSON:\n{\n  \""required_parameters\"": [\n    {\n      \""name\"": \""start_lon\"",\n      \""type\"": \""NUMBER\"",\n      \""description\"": \""Longitude of the starting point (required)\"",\n      \""default\"": \""-16.0755888102153\""\n    },\n    {\n      \""name\"": \""end_lon\"",\n      \""type\"": \""NUMBER\"",\n      \""description\"": \""Longitude of the ending point (required)\"",\n      \""default\"": \""-17.447938\""\n    },\n    {\n      \""name\"": \""end_lat\"",\n      \""type\"": \""NUMBER\"",\n      \""description\"": \""Latitude of the ending point (required)\"",\n      \""default\"": \""14.693425\""\n    },\n    {\n      \""name\"": \""start_lat\"",\n      \""type\"": \""NUMBER\"",\n      \""description\"": \""Latitude of the starting point (required)\"",\n      \""default\"": \""14.14129815\""\n    }\n  ],\n  \""optional_parameters\"": [\n    {\n      \""name\"": \""distance_unit\"",\n      \""type\"": \""STRING\"",\n      \""description\"": \""Unit of distance measurement, valid options are **km** (default), and **mi**.\"",\n      \""default\"": \""km\""\n    }\n  ]\n}\nInput: Directions Between 2 Locations\nOnly return JSON.""}]","{
  ""required_parameters"": {
    ""start_lon"": -16.0755888102153,
    ""end_lon"": -17.447938,
    ""end_lat"": 14.693425,
    ""start_lat"": 14.14129815
  },
  ""optional_parameters"": {
    ""distance_unit"": ""km""
  }
}",False,"2 validation errors for SenegalAPI_DirectionsBetween2Locations_Model
required_parameters
  Input should be a valid list [type=list_type, input_value={'start_lon': -16.0755888...start_lat': 14.14129815}, input_type=dict]
    For further information visit https://errors.pydantic.dev/2.12/v/list_type
optional_parameters
  Input should be a valid list [type=list_type, input_value={'distance_unit': 'km'}, input_type=dict]
    For further information visit https://errors.pydantic.dev/2.12/v/list_type","{""extraneous_text_pct"": 0.0, ""cleaned_json_length"": 0, ""original_length"": 210}"
qwen-turbo,toolbench_user_only,"[{""role"": ""user"", ""content"": ""I am organizing a business event in Senegal and I need to calculate the distance between two locations. Please provide me with the distance and duration from Dakar to Thies. Additionally, I would like to know the facilities available in Dakar. Can you give me a list of restaurants and banks in the city?\nYour output must be valid JSON:\n{\n  \""required_parameters\"": [\n    {\n      \""name\"": \""lon2\"",\n      \""type\"": \""NUMBER\"",\n      \""description\"": \""Longitude of the second location (required)\"",\n      \""default\"": \""-17.447938\""\n    },\n    {\n      \""name\"": \""lat2\"",\n      \""type\"": \""NUMBER\"",\n      \""description\"": \""Latitude of the second location (required)\"",\n      \""default\"": \""14.693425\""\n    },\n    {\n      \""name\"": \""lon1\"",\n      \""type\"": \""NUMBER\"",\n      \""description\"": \""Longitude of the first location (required)\"",\n      \""default\"": \""-16.0755888102153\""\n    },\n    {\n      \""name\"": \""lat1\"",\n      \""type\"": \""NUMBER\"",\n      \""description\"": \""Latitude of the first location (required)\"",\n      \""default\"": \""14.14129815\""\n    }\n  ],\n  \""optional_parameters\"": [\n    {\n      \""name\"": \""unit\"",\n      \""type\"": \""STRING\"",\n      \""description\"": \""Unit of distance measurement, valid options are **km** (default), **mi**, **ft**, and **yd**.\\n\"",\n      \""default\"": \""km\""\n    }\n  ]\n}\nInput: Measure Distance\nOnly return JSON.""}]","{
  ""required_parameters"": [
    {
      ""name"": ""lon2"",
      ""type"": ""NUMBER"",
      ""description"": ""Longitude of the second location (required)"",
      ""default"": ""-17.447938""
    },
    {
      ""name"": ""lat2"",
      ""type"": ""NUMBER"",
      ""description"": ""Latitude of the second location (required)"",
      ""default"": ""14.693425""
    },
    {
      ""name"": ""lon1"",
      ""type"": ""NUMBER"",
      ""description"": ""Longitude of the first location (required)"",
      ""default"": ""-16.0755888102153""
    },
    {
      ""name"": ""lat1"",
      ""type"": ""NUMBER"",
      ""description"": ""Latitude of the first location (required)"",
      ""default"": ""14.14129815""
    }
  ],
  ""optional_parameters"": [
    {
      ""name"": ""unit"",
      ""type"": ""STRING"",
      ""description"": ""Unit of distance measurement, valid options are **km** (default), **mi**, **ft**, and **yd**.\n"",
      ""default"": ""km""
    }
  ]
}",True,"","{""extraneous_text_pct"": 0.0, ""cleaned_json_length"": 896, ""original_length"": 896}"
qwen-turbo,toolbench_user_only,"[{""role"": ""user"", ""content"": ""I'm interested in buying a property in New York City. Please show me the transactions for the zipcode 10011, starting from page 1. Also, provide me with the summary of property records for the address 321 Oak Lane, including the last sales date and amount.\nYour output must be valid JSON:\n{\n  \""required_parameters\"": [\n    {\n      \""name\"": \""zipcode\"",\n      \""type\"": \""STRING\"",\n      \""description\"": \""\"",\n      \""default\"": \""10019\""\n    }\n  ],\n  \""optional_parameters\"": [\n    {\n      \""name\"": \""page\"",\n      \""type\"": \""STRING\"",\n      \""description\"": \""\"",\n      \""default\"": \""1\""\n    }\n  ]\n}\nInput: transactions\nOnly return JSON.""}]","{
  ""required_parameters"": [
    {
      ""name"": ""zipcode"",
      ""type"": ""STRING"",
      ""description"": """",
      ""default"": ""10011""
    }
  ],
  ""optional_parameters"": [
    {
      ""name"": ""page"",
      ""type"": ""STRING"",
      ""description"": """",
      ""default"": ""1""
    }
  ]
}",True,"","{""extraneous_text_pct"": 0.0, ""cleaned_json_length"": 281, ""original_length"": 281}"
qwen-turbo,toolbench_user_only,"[{""role"": ""user"", ""content"": ""I want to learn about the history of art through YouTube videos. Can you provide me with a curated playlist of videos that cover different art movements, famous artists, and their iconic works?\nYour output must be valid JSON:\n{\n  \""required_parameters\"": [\n    {\n      \""name\"": \""query\"",\n      \""type\"": \""STRING\"",\n      \""description\"": \""\"",\n      \""default\"": \""never+gonna+give+you+up\""\n    }\n  ],\n  \""optional_parameters\"": [\n    {\n      \""name\"": \""type\"",\n      \""type\"": \""ENUM\"",\n      \""description\"": \""\"",\n      \""default\"": \""\""\n    },\n    {\n      \""name\"": \""safesearch\"",\n      \""type\"": \""BOOLEAN\"",\n      \""description\"": \""\"",\n      \""default\"": \""false\""\n    }\n  ]\n}\nInput: Search\nOnly return JSON.""}]","{
  ""required_parameters"": {
    ""query"": ""history+of+art+playlist""
  },
  ""optional_parameters"": {
    ""type"": """",
    ""safesearch"": false
  }
}",False,"2 validation errors for SimpleYouTubeSearch_Search_Model
required_parameters
  Input should be a valid list [type=list_type, input_value={'query': 'history+of+art+playlist'}, input_type=dict]
    For further information visit https://errors.pydantic.dev/2.12/v/list_type
optional_parameters
  Input should be a valid list [type=list_type, input_value={'type': '', 'safesearch': False}, input_type=dict]
    For further information visit https://errors.pydantic.dev/2.12/v/list_type","{""extraneous_text_pct"": 0.0, ""cleaned_json_length"": 0, ""original_length"": 145}"
qwen-turbo,toolbench_user_only,"[{""role"": ""user"", ""content"": ""I'm currently at home in zip code 94611 and looking for nearby Target stores. Can you fetch a list of stores near me and provide details like store name, address, and operating hours? Additionally, I'd like to see the product fulfillment information for a specific product with the TCIN '51952757'.\nYour output must be valid JSON:\n{\n  \""required_parameters\"": [\n    {\n      \""name\"": \""place\"",\n      \""type\"": \""STRING\"",\n      \""description\"": \""\"",\n      \""default\"": \""10010\""\n    }\n  ],\n  \""optional_parameters\"": [\n    {\n      \""name\"": \""within\"",\n      \""type\"": \""STRING\"",\n      \""description\"": \""Radius of searching distance in miles\"",\n      \""default\"": \""100\""\n    },\n    {\n      \""name\"": \""limit\"",\n      \""type\"": \""STRING\"",\n      \""description\"": \""\"",\n      \""default\"": \""20\""\n    }\n  ]\n}\nInput: nearby_stores\nOnly return JSON.""}]","{
  ""required_parameters"": {
    ""place"": ""94611""
  },
  ""optional_parameters"": {
    ""within"": ""100"",
    ""limit"": ""20""
  }
}",False,"2 validation errors for TargetcomShoppingAPI_nearby_stores_Model
required_parameters
  Input should be a valid list [type=list_type, input_value={'place': '94611'}, input_type=dict]
    For further information visit https://errors.pydantic.dev/2.12/v/list_type
optional_parameters
  Input should be a valid list [type=list_type, input_value={'within': '100', 'limit': '20'}, input_type=dict]
    For further information visit https://errors.pydantic.dev/2.12/v/list_type","{""extraneous_text_pct"": 0.0, ""cleaned_json_length"": 0, ""original_length"": 126}"
qwen-turbo,toolbench_user_only,"[{""role"": ""user"", ""content"": ""My family and I are considering investing in Amazon. Can you provide us with the financial cash statement data for the past five years? We need to analyze the net income/loss, total depreciation and amortization, other non-cash items, change in accounts receivable, change in inventories, change in accounts payable, change in assets/liabilities, total change in assets/liabilities, cash flow from operating activities, net change in property, plant, and equipment, net change in intangible assets, net acquisitions/divestitures, and net change in short-term investments.\nYour output must be valid JSON:\n{\n  \""required_parameters\"": [\n    {\n      \""name\"": \""symbol\"",\n      \""type\"": \""STRING\"",\n      \""description\"": \""\"",\n      \""default\"": \""AMZN\""\n    }\n  ],\n  \""optional_parameters\"": [\n    {\n      \""name\"": \""formstyle\"",\n      \""type\"": \""STRING\"",\n      \""description\"": \""\"",\n      \""default\"": \""dataframe\""\n    },\n    {\n      \""name\"": \""freq\"",\n      \""type\"": \""STRING\"",\n      \""description\"": \""\"",\n      \""default\"": \""Q\""\n    }\n  ]\n}\nInput: Financial Cash Statement\nOnly return JSON.""}]","{
  ""required_parameters"": {
    ""symbol"": ""AMZN""
  },
  ""optional_parameters"": {
    ""formstyle"": ""dataframe"",
    ""freq"": ""Q""
  }
}",False,"2 validation errors for MacroTrendsFinance_FinancialCashStatement_Model
required_parameters
  Input should be a valid list [type=list_type, input_value={'symbol': 'AMZN'}, input_type=dict]
    For further information visit https://errors.pydantic.dev/2.12/v/list_type
optional_parameters
  Input should be a valid list [type=list_type, input_value={'formstyle': 'dataframe', 'freq': 'Q'}, input_type=dict]
    For further information visit https://errors.pydantic.dev/2.12/v/list_type","{""extraneous_text_pct"": 0.0, ""cleaned_json_length"": 0, ""original_length"": 133}"
qwen-turbo,toolbench_user_only,"[{""role"": ""user"", ""content"": ""Could you please provide me with the weather forecast for the next 14 days in London, United Kingdom? I would like to know the temperature, humidity, wind speed, and chance of rain for each day.\nYour output must be valid JSON:\n{\n  \""required_parameters\"": [\n    {\n      \""name\"": \""LAT\"",\n      \""type\"": \""NUMBER\"",\n      \""description\"": \""Latitude\"",\n      \""default\"": \""51.5\""\n    },\n    {\n      \""name\"": \""LON\"",\n      \""type\"": \""NUMBER\"",\n      \""description\"": \""Longitude\"",\n      \""default\"": \""-0.6\""\n    }\n  ],\n  \""optional_parameters\"": [\n    {\n      \""name\"": \""LANG\"",\n      \""type\"": \""STRING\"",\n      \""description\"": \""Language [en,de,nl,fr,pl,gr,it,cn,ru,cz,pt,es]\"",\n      \""default\"": \""en\""\n    }\n  ]\n}\nInput: Get forecastdata by lat/lon\nOnly return JSON.""}]","{
  ""required_parameters"": [
    {
      ""name"": ""LAT"",
      ""type"": ""NUMBER"",
      ""description"": ""Latitude"",
      ""default"": ""51.5""
    },
    {
      ""name"": ""LON"",
      ""type"": ""NUMBER"",
      ""description"": ""Longitude"",
      ""default"": ""-0.6""
    }
  ],
  ""optional_parameters"": [
    {
      ""name"": ""LANG"",
      ""type"": ""STRING"",
      ""description"": ""Language [en,de,nl,fr,pl,gr,it,cn,ru,cz,pt,es]"",
      ""default"": ""en""
    }
  ]
}",True,"","{""extraneous_text_pct"": 0.0, ""cleaned_json_length"": 447, ""original_length"": 447}"
qwen-turbo,toolbench_user_only,"[{""role"": ""user"", ""content"": ""My friend is a designer and needs to download a diagram file named 'design.vsdx' stored in the 'designs' folder. Can you assist with providing the download link?\nYour output must be valid JSON:\n{\n  \""required_parameters\"": [\n    {\n      \""name\"": \""path\"",\n      \""type\"": \""STRING\"",\n      \""description\"": \""File path e.g. '/folder/file.ext'\"",\n      \""default\"": \""\""\n    }\n  ],\n  \""optional_parameters\"": [\n    {\n      \""name\"": \""storageName\"",\n      \""type\"": \""STRING\"",\n      \""description\"": \""Storage name\"",\n      \""default\"": \""\""\n    },\n    {\n      \""name\"": \""versionId\"",\n      \""type\"": \""STRING\"",\n      \""description\"": \""File version ID to download\"",\n      \""default\"": \""\""\n    }\n  ]\n}\nInput: DownloadFile\nOnly return JSON.""}]","{
  ""required_parameters"": [
    {
      ""name"": ""path"",
      ""type"": ""STRING"",
      ""description"": ""File path e.g. '/folder/file.ext'"",
      ""default"": ""/designs/design.vsdx""
    }
  ],
  ""optional_parameters"": [
    {
      ""name"": ""storageName"",
      ""type"": ""STRING"",
      ""description"": ""Storage name"",
      ""default"": """"
    },
    {
      ""name"": ""versionId"",
      ""type"": ""STRING"",
      ""description"": ""File version ID to download"",
      ""default"": """"
    }
  ]
}",True,"","{""extraneous_text_pct"": 0.0, ""cleaned_json_length"": 480, ""original_length"": 480}"
qwen-turbo,toolbench_user_only,"[{""role"": ""user"", ""content"": ""I am a filmmaker and I want to analyze the popularity of different movie trailers on YouTube. Can you provide a list of trailers for recent movies and their details and ratings? Additionally, I would like to search for trailers using the query 'sci-fi' and include the results in the analysis.\nYour output must be valid JSON:\n{\n  \""required_parameters\"": [\n    {\n      \""name\"": \""query\"",\n      \""type\"": \""STRING\"",\n      \""description\"": \""\"",\n      \""default\"": \""never+gonna+give+you+up\""\n    }\n  ],\n  \""optional_parameters\"": [\n    {\n      \""name\"": \""type\"",\n      \""type\"": \""ENUM\"",\n      \""description\"": \""\"",\n      \""default\"": \""\""\n    },\n    {\n      \""name\"": \""safesearch\"",\n      \""type\"": \""BOOLEAN\"",\n      \""description\"": \""\"",\n      \""default\"": \""false\""\n    }\n  ]\n}\nInput: Search\nOnly return JSON.""}]","{
  ""required_parameters"": {
    ""query"": ""sci-fi""
  },
  ""optional_parameters"": {
    ""type"": """",
    ""safesearch"": false
  }
}",False,"2 validation errors for SimpleYouTubeSearch_Search_Model
required_parameters
  Input should be a valid list [type=list_type, input_value={'query': 'sci-fi'}, input_type=dict]
    For further information visit https://errors.pydantic.dev/2.12/v/list_type
optional_parameters
  Input should be a valid list [type=list_type, input_value={'type': '', 'safesearch': False}, input_type=dict]
    For further information visit https://errors.pydantic.dev/2.12/v/list_type","{""extraneous_text_pct"": 0.0, ""cleaned_json_length"": 0, ""original_length"": 128}"
qwen-turbo,toolbench_user_only,"[{""role"": ""user"", ""content"": ""I am planning a family vacation to New York City. Can you provide me with a list of nearby stores in the 10010 ZIP code? Additionally, I would like to search for women's shoes and get detailed product information, including images, prices, and reviews.\nYour output must be valid JSON:\n{\n  \""required_parameters\"": [\n    {\n      \""name\"": \""place\"",\n      \""type\"": \""STRING\"",\n      \""description\"": \""\"",\n      \""default\"": \""10010\""\n    }\n  ],\n  \""optional_parameters\"": [\n    {\n      \""name\"": \""within\"",\n      \""type\"": \""STRING\"",\n      \""description\"": \""Radius of searching distance in miles\"",\n      \""default\"": \""100\""\n    },\n    {\n      \""name\"": \""limit\"",\n      \""type\"": \""STRING\"",\n      \""description\"": \""\"",\n      \""default\"": \""20\""\n    }\n  ]\n}\nInput: nearby_stores\nOnly return JSON.""}]","{
  ""required_parameters"": [
    {
      ""name"": ""place"",
      ""type"": ""STRING"",
      ""description"": """",
      ""default"": ""10010""
    }
  ],
  ""optional_parameters"": [
    {
      ""name"": ""within"",
      ""type"": ""STRING"",
      ""description"": ""Radius of searching distance in miles"",
      ""default"": ""100""
    },
    {
      ""name"": ""limit"",
      ""type"": ""STRING"",
      ""description"": """",
      ""default"": ""20""
    }
  ]
}",True,"","{""extraneous_text_pct"": 0.0, ""cleaned_json_length"": 427, ""original_length"": 427}"
qwen-turbo,toolbench_user_only,"[{""role"": ""user"", ""content"": ""My company is organizing a team building event and we want to travel from Frankfurt to Hamburg on 16.02.2022 at 09:00. Please find the trips and fare data for all the team members. Additionally, autocomplete the station names for Frankfurt and Hamburg.\nYour output must be valid JSON:\n{\n  \""required_parameters\"": [\n    {\n      \""name\"": \""date\"",\n      \""type\"": \""STRING\"",\n      \""description\"": \""Travel date in format DD.MM.YYYY\"",\n      \""default\"": \""16.02.2022\""\n    },\n    {\n      \""name\"": \""from_id\"",\n      \""type\"": \""STRING\"",\n      \""description\"": \""Departure id\"",\n      \""default\"": \""008011201\""\n    },\n    {\n      \""name\"": \""passenger0_age\"",\n      \""type\"": \""NUMBER\"",\n      \""description\"": \""Age of the first passenger\"",\n      \""default\"": \""45\""\n    },\n    {\n      \""name\"": \""time\"",\n      \""type\"": \""TIME (24-hour HH:MM)\"",\n      \""description\"": \""Travel time\"",\n      \""default\"": \""09:00\""\n    },\n    {\n      \""name\"": \""to_id\"",\n      \""type\"": \""STRING\"",\n      \""description\"": \""Arrival id\"",\n      \""default\"": \""008011155\""\n    }\n  ],\n  \""optional_parameters\"": [\n    {\n      \""name\"": \""passenger3_age\"",\n      \""type\"": \""NUMBER\"",\n      \""description\"": \""Age of the fourth passenger\"",\n      \""default\"": \""\""\n    },\n    {\n      \""name\"": \""passenger2_discount\"",\n      \""type\"": \""ENUM\"",\n      \""description\"": \""Discount of the third passenger\"",\n      \""default\"": \""\""\n    },\n    {\n      \""name\"": \""passenger4_discount\"",\n      \""type\"": \""ENUM\"",\n      \""description\"": \""Discount of the fifth passenger\"",\n      \""default\"": \""\""\n    },\n    {\n      \""name\"": \""passenger1_discount\"",\n      \""type\"": \""ENUM\"",\n      \""description\"": \""Discount of the second passenger\"",\n      \""default\"": \""\""\n    },\n    {\n      \""name\"": \""passenger3_discount\"",\n      \""type\"": \""ENUM\"",\n      \""description\"": \""Discount of the fourth passenger\"",\n      \""default\"": \""\""\n    },\n    {\n      \""name\"": \""passenger2_age\"",\n      \""type\"": \""NUMBER\"",\n      \""description\"": \""Age of the third passenger\"",\n      \""default\"": \""\""\n    },\n    {\n      \""name\"": \""passenger0_discount\"",\n      \""type\"": \""ENUM\"",\n      \""description\"": \""Discount of the first passenger\"",\n      \""default\"": \""\""\n    },\n    {\n      \""name\"": \""passenger4_age\"",\n      \""type\"": \""NUMBER\"",\n      \""description\"": \""Age of the fifth passenger\"",\n      \""default\"": \""\""\n    },\n    {\n      \""name\"": \""passenger1_age\"",\n      \""type\"": \""NUMBER\"",\n      \""description\"": \""Age of the second passenger\"",\n      \""default\"": \""\""\n    }\n  ]\n}\nInput: Search trips\nOnly return JSON.""}]","{
  ""required_parameters"": [
    {
      ""name"": ""date"",
      ""type"": ""STRING"",
      ""description"": ""Travel date in format DD.MM.YYYY"",
      ""default"": ""16.02.2022""
    },
    {
      ""name"": ""from_id"",
      ""type"": ""STRING"",
      ""description"": ""Departure id"",
      ""default"": ""008011201""
    },
    {
      ""name"": ""passenger0_age"",
      ""type"": ""NUMBER"",
      ""description"": ""Age of the first passenger"",
      ""default"": ""45""
    },
    {
      ""name"": ""time"",
      ""type"": ""TIME (24-hour HH:MM)"",
      ""description"": ""Travel time"",
      ""default"": ""09:00""
    },
    {
      ""name"": ""to_id"",
      ""type"": ""STRING"",
      ""description"": ""Arrival id"",
      ""default"": ""008011155""
    }
  ],
  ""optional_parameters"": [
    {
      ""name"": ""passenger3_age"",
      ""type"": ""NUMBER"",
      ""description"": ""Age of the fourth passenger"",
      ""default"": """"
    },
    {
      ""name"": ""passenger2_discount"",
      ""type"": ""ENUM"",
      ""description"": ""Discount of the third passenger"",
      ""default"": """"
    },
    {
      ""name"": ""passenger4_discount"",
      ""type"": ""ENUM"",
      ""description"": ""Discount of the fifth passenger"",
      ""default"": """"
    },
    {
      ""name"": ""passenger1_discount"",
      ""type"": ""ENUM"",
      ""description"": ""Discount of the second passenger"",
      ""default"": """"
    },
    {
      ""name"": ""passenger3_discount"",
      ""type"": ""ENUM"",
      ""description"": ""Discount of the fourth passenger"",
      ""default"": """"
    },
    {
      ""name"": ""passenger2_age"",
      ""type"": ""NUMBER"",
      ""description"": ""Age of the third passenger"",
      ""default"": """"
    },
    {
      ""name"": ""passenger0_discount"",
      ""type"": ""ENUM"",
      ""description"": ""Discount of the first passenger"",
      ""default"": """"
    },
    {
      ""name"": ""passenger4_age"",
      ""type"": ""NUMBER"",
      ""description"": ""Age of the fifth passenger"",
      ""default"": """"
    },
    {
      ""name"": ""passenger1_age"",
      ""type"": ""NUMBER"",
      ""description"": ""Age of the second passenger"",
      ""default"": """"
    }
  ]
}",True,"","{""extraneous_text_pct"": 0.0, ""cleaned_json_length"": 2042, ""original_length"": 2042}"
qwen-turbo,toolbench_user_only,"[{""role"": ""user"", ""content"": ""Can you help me search for a person named 'Elon Musk' in the US? I'm interested in knowing their contact details and the companies they are associated with.\nYour output must be valid JSON:\n{\n  \""required_parameters\"": [\n    {\n      \""name\"": \""q\"",\n      \""type\"": \""STRING\"",\n      \""description\"": \""\"",\n      \""default\"": \""Elon Musk\""\n    }\n  ],\n  \""optional_parameters\"": [\n    {\n      \""name\"": \""countryCode\"",\n      \""type\"": \""STRING\"",\n      \""description\"": \""\"",\n      \""default\"": \""us\""\n    }\n  ]\n}\nInput: Search person by name\nOnly return JSON.""}]","{
  ""required_parameters"": [
    {
      ""name"": ""q"",
      ""type"": ""STRING"",
      ""description"": """",
      ""default"": ""Elon Musk""
    }
  ],
  ""optional_parameters"": [
    {
      ""name"": ""countryCode"",
      ""type"": ""STRING"",
      ""description"": """",
      ""default"": ""us""
    }
  ]
}",True,"","{""extraneous_text_pct"": 0.0, ""cleaned_json_length"": 287, ""original_length"": 287}"
qwen-turbo,toolbench_user_only,"[{""role"": ""user"", ""content"": ""As a real estate developer, I'm interested in analyzing the market trends for a specific area. Can you provide me with a summary of property records and transactions for an address on Central Park S in zipcode 10019? Additionally, I would like to see the detailed historical transactions for that address.\nYour output must be valid JSON:\n{\n  \""required_parameters\"": [\n    {\n      \""name\"": \""number\"",\n      \""type\"": \""STRING\"",\n      \""description\"": \""\"",\n      \""default\"": \""220\""\n    },\n    {\n      \""name\"": \""street\"",\n      \""type\"": \""STRING\"",\n      \""description\"": \""\"",\n      \""default\"": \""Central Park S\""\n    }\n  ],\n  \""optional_parameters\"": [\n    {\n      \""name\"": \""zipcode\"",\n      \""type\"": \""STRING\"",\n      \""description\"": \""\"",\n      \""default\"": \""10019\""\n    }\n  ]\n}\nInput: summary\nOnly return JSON.""}]","{
  ""required_parameters"": {
    ""number"": ""220"",
    ""street"": ""Central Park S""
  },
  ""optional_parameters"": {
    ""zipcode"": ""10019""
  }
}",False,"2 validation errors for RealEstateRecords_summary_Model
required_parameters
  Input should be a valid list [type=list_type, input_value={'number': '220', 'street': 'Central Park S'}, input_type=dict]
    For further information visit https://errors.pydantic.dev/2.12/v/list_type
optional_parameters
  Input should be a valid list [type=list_type, input_value={'zipcode': '10019'}, input_type=dict]
    For further information visit https://errors.pydantic.dev/2.12/v/list_type","{""extraneous_text_pct"": 0.0, ""cleaned_json_length"": 0, ""original_length"": 141}"
qwen-turbo,toolbench_user_only,"[{""role"": ""user"", ""content"": ""My friend is looking for rental properties in Santa Monica. Can you provide me with a list of rental properties in Santa Monica, including their amenities? It would be great if you could also include the rental prices and currency.\nYour output must be valid JSON:\n{\n  \""required_parameters\"": [\n    {\n      \""name\"": \""location\"",\n      \""type\"": \""STRING\"",\n      \""description\"": \""\"",\n      \""default\"": \""santa monica\""\n    }\n  ],\n  \""optional_parameters\"": [\n    {\n      \""name\"": \""room_types\"",\n      \""type\"": \""STRING\"",\n      \""description\"": \""You can choose multiple by separating by comma.\\nPossible values : **(entire_home, private_room, shared_room)**.\\n\"",\n      \""default\"": \""\""\n    },\n    {\n      \""name\"": \""number_of_months\"",\n      \""type\"": \""NUMBER\"",\n      \""description\"": \""\"",\n      \""default\"": \""\""\n    },\n    {\n      \""name\"": \""bedrooms_max\"",\n      \""type\"": \""NUMBER\"",\n      \""description\"": \""\"",\n      \""default\"": \""\""\n    },\n    {\n      \""name\"": \""accommodates_max\"",\n      \""type\"": \""NUMBER\"",\n      \""description\"": \""\"",\n      \""default\"": \""\""\n    },\n    {\n      \""name\"": \""start_month\"",\n      \""type\"": \""NUMBER\"",\n      \""description\"": \""\"",\n      \""default\"": \""\""\n    },\n    {\n      \""name\"": \""bedrooms_min\"",\n      \""type\"": \""NUMBER\"",\n      \""description\"": \""\"",\n      \""default\"": \""\""\n    },\n    {\n      \""name\"": \""show_regions\"",\n      \""type\"": \""BOOLEAN\"",\n      \""description\"": \""\"",\n      \""default\"": \""\""\n    },\n    {\n      \""name\"": \""accommodates_min\"",\n      \""type\"": \""NUMBER\"",\n      \""description\"": \""\"",\n      \""default\"": \""\""\n    },\n    {\n      \""name\"": \""currency\"",\n      \""type\"": \""STRING\"",\n      \""description\"": \""\"",\n      \""default\"": \""native\""\n    },\n    {\n      \""name\"": \""start_year\"",\n      \""type\"": \""NUMBER\"",\n      \""description\"": \""\"",\n      \""default\"": \""\""\n    }\n  ]\n}\nInput: Property listings\nOnly return JSON.""}]","{
  ""required_parameters"": {
    ""location"": ""santa monica""
  },
  ""optional_parameters"": {
    ""room_types"": """",
    ""number_of_months"": """",
    ""bedrooms_max"": """",
    ""accommodates_max"": """",
    ""start_month"": """",
    ""bedrooms_min"": """",
    ""show_regions"": false,
    ""accommodates_min"": """",
    ""currency"": ""native"",
    ""start_year"": """"
  }
}",False,"2 validation errors for Airdna_Propertylistings_Model
required_parameters
  Input should be a valid list [type=list_type, input_value={'location': 'santa monica'}, input_type=dict]
    For further information visit https://errors.pydantic.dev/2.12/v/list_type
optional_parameters
  Input should be a valid list [type=list_type, input_value={'room_types': '', 'numbe...tive', 'start_year': ''}, input_type=dict]
    For further information visit https://errors.pydantic.dev/2.12/v/list_type","{""extraneous_text_pct"": 0.0, ""cleaned_json_length"": 0, ""original_length"": 348}"
qwen-turbo,toolbench_user_only,"[{""role"": ""user"", ""content"": ""I am a real estate investor and I want to analyze the potential revenue of a rental property in Santa Monica. Can you calculate the rental potential, occupancy rate, average daily rate, and revenue for a property with 2 bedrooms, 2 bathrooms, and 2 accommodates? Also, provide me with the property's details such as address, property type, and ratings.\nYour output must be valid JSON:\n{\n  \""required_parameters\"": [\n    {\n      \""name\"": \""address\"",\n      \""type\"": \""STRING\"",\n      \""description\"": \""\"",\n      \""default\"": \""458 19th St, Santa Monica, CA 90402\""\n    }\n  ],\n  \""optional_parameters\"": [\n    {\n      \""name\"": \""bathrooms\"",\n      \""type\"": \""NUMBER\"",\n      \""description\"": \""\"",\n      \""default\"": \""2\""\n    },\n    {\n      \""name\"": \""accommodates\"",\n      \""type\"": \""STRING\"",\n      \""description\"": \""\"",\n      \""default\"": \""2\""\n    },\n    {\n      \""name\"": \""bedrooms\"",\n      \""type\"": \""NUMBER\"",\n      \""description\"": \""\"",\n      \""default\"": \""2\""\n    },\n    {\n      \""name\"": \""currency\"",\n      \""type\"": \""STRING\"",\n      \""description\"": \""\"",\n      \""default\"": \""\""\n    }\n  ]\n}\nInput: Rentalizer\nOnly return JSON.""}]","{
  ""required_parameters"": {
    ""address"": ""458 19th St, Santa Monica, CA 90402""
  },
  ""optional_parameters"": {
    ""bathrooms"": 2,
    ""accommodates"": ""2"",
    ""bedrooms"": 2,
    ""currency"": """"
  }
}",False,"2 validation errors for Airdna_Rentalizer_Model
required_parameters
  Input should be a valid list [type=list_type, input_value={'address': '458 19th St, Santa Monica, CA 90402'}, input_type=dict]
    For further information visit https://errors.pydantic.dev/2.12/v/list_type
optional_parameters
  Input should be a valid list [type=list_type, input_value={'bathrooms': 2, 'accommo...oms': 2, 'currency': ''}, input_type=dict]
    For further information visit https://errors.pydantic.dev/2.12/v/list_type","{""extraneous_text_pct"": 0.0, ""cleaned_json_length"": 0, ""original_length"": 202}"
qwen-turbo,toolbench_user_only,"[{""role"": ""user"", ""content"": ""Help me find the followers of a user with the Twitter ID 44196397. I would like to know the usernames and follower counts of each follower. Please include a cursor for other results if available.\nYour output must be valid JSON:\n{\n  \""required_parameters\"": [\n    {\n      \""name\"": \""id\"",\n      \""type\"": \""STRING\"",\n      \""description\"": \""User ID\\n\\nUse the `User By Screen Name` endpoint to find the ID from a username.\"",\n      \""default\"": \""44196397\""\n    }\n  ],\n  \""optional_parameters\"": [\n    {\n      \""name\"": \""cursor\"",\n      \""type\"": \""STRING\"",\n      \""description\"": \""Cursor for other results\"",\n      \""default\"": \""\""\n    },\n    {\n      \""name\"": \""count\"",\n      \""type\"": \""NUMBER\"",\n      \""description\"": \""Number of results\"",\n      \""default\"": \""20\""\n    }\n  ]\n}\nInput: User Followers\nOnly return JSON.""}]","{
  ""required_parameters"": [
    {
      ""name"": ""id"",
      ""type"": ""STRING"",
      ""description"": ""User ID\n\nUse the `User By Screen Name` endpoint to find the ID from a username."",
      ""default"": ""44196397""
    }
  ],
  ""optional_parameters"": [
    {
      ""name"": ""cursor"",
      ""type"": ""STRING"",
      ""description"": ""Cursor for other results"",
      ""default"": """"
    },
    {
      ""name"": ""count"",
      ""type"": ""NUMBER"",
      ""description"": ""Number of results"",
      ""default"": 20
    }
  ]
}",True,"","{""extraneous_text_pct"": 0.0, ""cleaned_json_length"": 507, ""original_length"": 507}"
qwen-turbo,toolbench_user_only,"[{""role"": ""user"", ""content"": ""My friend is a huge fan of the NHL and wants to know more about the Anaheim Ducks. Can you fetch details of the team, including the roster and additional data for the 20172018 season? Additionally, could you provide the player information for the player with ID 8466138?\nYour output must be valid JSON:\n{\n  \""required_parameters\"": [\n    {\n      \""name\"": \""id\"",\n      \""type\"": \""NUMBER\"",\n      \""description\"": \""The ID of the team.\"",\n      \""default\"": 28\n    }\n  ],\n  \""optional_parameters\"": [\n    {\n      \""name\"": \""expand\"",\n      \""type\"": \""STRING\"",\n      \""description\"": \""Expand your response for some additional data.\"",\n      \""default\"": \""team.roster\""\n    },\n    {\n      \""name\"": \""season\"",\n      \""type\"": \""NUMBER\"",\n      \""description\"": \""Return a team's specific season.\"",\n      \""default\"": 20172018\n    }\n  ]\n}\nInput: getTeam\nOnly return JSON.""}]","{
  ""required_parameters"": [
    {
      ""name"": ""id"",
      ""type"": ""NUMBER"",
      ""description"": ""The ID of the team."",
      ""default"": 28
    }
  ],
  ""optional_parameters"": [
    {
      ""name"": ""expand"",
      ""type"": ""STRING"",
      ""description"": ""Expand your response for some additional data."",
      ""default"": ""team.roster""
    },
    {
      ""name"": ""season"",
      ""type"": ""NUMBER"",
      ""description"": ""Return a team's specific season."",
      ""default"": 20172018
    }
  ]
}",True,"","{""extraneous_text_pct"": 0.0, ""cleaned_json_length"": 492, ""original_length"": 492}"
qwen-turbo,toolbench_user_only,"[{""role"": ""user"", ""content"": ""I am a cryptocurrency investor and I need to convert the value of my Bitcoin holdings to USD. Can you assist me with the currency conversion? I would like to convert 1 Bitcoin to USD.\nYour output must be valid JSON:\n{\n  \""required_parameters\"": [\n    {\n      \""name\"": \""to\"",\n      \""type\"": \""STRING\"",\n      \""description\"": \""Currency to which you are converting.\"",\n      \""default\"": \""BRL\""\n    },\n    {\n      \""name\"": \""from\"",\n      \""type\"": \""STRING\"",\n      \""description\"": \""Currency from which you are converting.\"",\n      \""default\"": \""USD\""\n    }\n  ],\n  \""optional_parameters\"": [\n    {\n      \""name\"": \""amount\"",\n      \""type\"": \""NUMBER\"",\n      \""description\"": \""(Optional) Amount value in From Currency. Default value is 1.\"",\n      \""default\"": \""1\""\n    }\n  ]\n}\nInput: Convert\nOnly return JSON.""}]","{
  ""required_parameters"": {
    ""to"": ""USD"",
    ""from"": ""BTC""
  },
  ""optional_parameters"": {
    ""amount"": 1
  }
}",False,"2 validation errors for CurrencyConverter_v2_Convert_Model
required_parameters
  Input should be a valid list [type=list_type, input_value={'to': 'USD', 'from': 'BTC'}, input_type=dict]
    For further information visit https://errors.pydantic.dev/2.12/v/list_type
optional_parameters
  Input should be a valid list [type=list_type, input_value={'amount': 1}, input_type=dict]
    For further information visit https://errors.pydantic.dev/2.12/v/list_type","{""extraneous_text_pct"": 0.0, ""cleaned_json_length"": 0, ""original_length"": 117}"
qwen-turbo,toolbench_user_only,"[{""role"": ""user"", ""content"": ""Can you fetch the financial income statement for Apple for the past 10 years? I want to analyze the revenue, cost of goods sold, gross profit, research and development expenses, operating income, income taxes, net income, and EBITDA. Additionally, provide me with the balance sheet data for Microsoft for the past 10 years. I'm interested in the cash on hand, receivables, inventory, property, plant, and equipment, long-term investments, and total assets.\nYour output must be valid JSON:\n{\n  \""required_parameters\"": [\n    {\n      \""name\"": \""symbol\"",\n      \""type\"": \""STRING\"",\n      \""description\"": \""\"",\n      \""default\"": \""AAPL\""\n    }\n  ],\n  \""optional_parameters\"": [\n    {\n      \""name\"": \""formstyle\"",\n      \""type\"": \""STRING\"",\n      \""description\"": \""\"",\n      \""default\"": \""dataframe\""\n    },\n    {\n      \""name\"": \""freq\"",\n      \""type\"": \""STRING\"",\n      \""description\"": \""\"",\n      \""default\"": \""Q\""\n    }\n  ]\n}\nInput: Financial Income Statement\nOnly return JSON.""}]","{
  ""required_parameters"": {
    ""symbol"": ""AAPL""
  },
  ""optional_parameters"": {
    ""formstyle"": ""dataframe"",
    ""freq"": ""Q""
  }
}",False,"2 validation errors for MacroTrendsFinance_FinancialIncomeStatement_Model
required_parameters
  Input should be a valid list [type=list_type, input_value={'symbol': 'AAPL'}, input_type=dict]
    For further information visit https://errors.pydantic.dev/2.12/v/list_type
optional_parameters
  Input should be a valid list [type=list_type, input_value={'formstyle': 'dataframe', 'freq': 'Q'}, input_type=dict]
    For further information visit https://errors.pydantic.dev/2.12/v/list_type","{""extraneous_text_pct"": 0.0, ""cleaned_json_length"": 0, ""original_length"": 133}"
qwen-turbo,toolbench_user_only,"[{""role"": ""user"", ""content"": ""I run an e-commerce website and I want to track the leads generated from a specific campaign on my website. Can you provide me with the list of leads and their metadata for the campaign with the ID 'abc123'? Additionally, it would be helpful to know the country, region, and city for each lead.\nYour output must be valid JSON:\n{\n  \""required_parameters\"": [\n    {\n      \""name\"": \""id\"",\n      \""type\"": \""STRING\"",\n      \""description\"": \""\"",\n      \""default\"": \""Lead\""\n    }\n  ],\n  \""optional_parameters\"": [\n    {\n      \""name\"": \""url\"",\n      \""type\"": \""STRING\"",\n      \""description\"": \""\"",\n      \""default\"": \""gogofodo.com\""\n    }\n  ]\n}\nInput: Get Campaign From URL\nOnly return JSON.""}]","{
  ""required_parameters"": [
    {
      ""name"": ""id"",
      ""type"": ""STRING"",
      ""description"": """",
      ""default"": ""Lead""
    }
  ],
  ""optional_parameters"": [
    {
      ""name"": ""url"",
      ""type"": ""STRING"",
      ""description"": """",
      ""default"": ""gogofodo.com""
    }
  ]
}",True,"","{""extraneous_text_pct"": 0.0, ""cleaned_json_length"": 285, ""original_length"": 285}"
qwen-turbo,toolbench_user_only,"[{""role"": ""user"", ""content"": ""My family is planning to move to Crawley, and we need information on the running costs of residential properties in the area. Can you provide us with the estimated house prices, along with the running costs and nearby points of interest? It would be helpful to know the broadband information as well.\nYour output must be valid JSON:\n{\n  \""required_parameters\"": [\n    {\n      \""name\"": \""area\"",\n      \""type\"": \""STRING\"",\n      \""description\"": \""The value of suggestions/value json object returned in .../auto-complete endpoint with properties as search_type. You must use EXACTLY the value  returned by the endpoint.\"",\n      \""default\"": \""Greenwich Close, Crawley RH11\""\n    }\n  ],\n  \""optional_parameters\"": [\n    {\n      \""name\"": \""property_type\"",\n      \""type\"": \""STRING\"",\n      \""description\"": \""One of the following detached|flat|terraced|semi&#95;detached\"",\n      \""default\"": \""\""\n    },\n    {\n      \""name\"": \""page_number\"",\n      \""type\"": \""NUMBER\"",\n      \""description\"": \""The page index for paging purpose\"",\n      \""default\"": \""1\""\n    },\n    {\n      \""name\"": \""order_by\"",\n      \""type\"": \""STRING\"",\n      \""description\"": \""One of the following price&#95;paid|last&#95;sold|address|estimated&#95;value\"",\n      \""default\"": \""address\""\n    },\n    {\n      \""name\"": \""page_size\"",\n      \""type\"": \""NUMBER\"",\n      \""description\"": \""The number of items per response (max 40)\"",\n      \""default\"": \""40\""\n    },\n    {\n      \""name\"": \""ordering\"",\n      \""type\"": \""STRING\"",\n      \""description\"": \""One of the following ascending|descending\"",\n      \""default\"": \""descending\""\n    },\n    {\n      \""name\"": \""identifier\"",\n      \""type\"": \""STRING\"",\n      \""description\"": \""The value of suggestions/identifier json object returned in .../auto-complete endpoint with properties as search_type. You must use EXACTLY the value returned by the endpoint.\"",\n      \""default\"": \""west-sussex/crawley/greenwich-close\""\n    }\n  ]\n}\nInput: house-prices/estimate\nOnly return JSON.""}]","{
  ""required_parameters"": {
    ""area"": ""Greenwich Close, Crawley RH11""
  },
  ""optional_parameters"": {
    ""property_type"": """",
    ""page_number"": 1,
    ""order_by"": ""address"",
    ""page_size"": 40,
    ""ordering"": ""descending"",
    ""identifier"": ""west-sussex/crawley/greenwich-close""
  }
}",False,"2 validation errors for Zoopla_v2_housepricesestimate_Model
required_parameters
  Input should be a valid list [type=list_type, input_value={'area': 'Greenwich Close, Crawley RH11'}, input_type=dict]
    For further information visit https://errors.pydantic.dev/2.12/v/list_type
optional_parameters
  Input should be a valid list [type=list_type, input_value={'property_type': '', 'pa...rawley/greenwich-close'}, input_type=dict]
    For further information visit https://errors.pydantic.dev/2.12/v/list_type","{""extraneous_text_pct"": 0.0, ""cleaned_json_length"": 0, ""original_length"": 291}"
qwen-turbo,toolbench_user_only,"[{""role"": ""user"", ""content"": ""As a social media manager, I need to analyze user engagement. Retrieve the tweets and replies for a specific user with the ID 44196397. Also, fetch their likes, media, and followers.\nYour output must be valid JSON:\n{\n  \""required_parameters\"": [\n    {\n      \""name\"": \""id\"",\n      \""type\"": \""STRING\"",\n      \""description\"": \""User ID\\n\\nUse the User By Screen Name endpoint to find the ID from a username.\"",\n      \""default\"": \""44196397\""\n    }\n  ],\n  \""optional_parameters\"": [\n    {\n      \""name\"": \""count\"",\n      \""type\"": \""NUMBER\"",\n      \""description\"": \""Number of results\"",\n      \""default\"": \""40\""\n    },\n    {\n      \""name\"": \""cursor\"",\n      \""type\"": \""STRING\"",\n      \""description\"": \""Cursor for other results\"",\n      \""default\"": \""\""\n    }\n  ]\n}\nInput: user-tweets-and-replies\nOnly return JSON.""}]","{
  ""required_parameters"": [
    {
      ""name"": ""id"",
      ""type"": ""STRING"",
      ""description"": ""User ID\n\nUse the User By Screen Name endpoint to find the ID from a username."",
      ""default"": ""44196397""
    }
  ],
  ""optional_parameters"": [
    {
      ""name"": ""count"",
      ""type"": ""NUMBER"",
      ""description"": ""Number of results"",
      ""default"": 40
    },
    {
      ""name"": ""cursor"",
      ""type"": ""STRING"",
      ""description"": ""Cursor for other results"",
      ""default"": """"
    }
  ]
}",True,"","{""extraneous_text_pct"": 0.0, ""cleaned_json_length"": 505, ""original_length"": 505}"
qwen-turbo,toolbench_user_only,"[{""role"": ""user"", ""content"": ""I need to convert 2000 USD to EUR, INR, and JPY. Can you perform the currency conversion for me? Please provide the converted amounts in each target currency.\nYour output must be valid JSON:\n{\n  \""required_parameters\"": [\n    {\n      \""name\"": \""target\"",\n      \""type\"": \""STRING\"",\n      \""description\"": \""This parameter specifies the currency code of the currency that you want to convert to. It is a mandatory parameter and should be a valid three-letter currency code. If there are multiple target currencies, they should be separated by a comma (',') .\"",\n      \""default\"": \""EUR,INR,JPY\""\n    },\n    {\n      \""name\"": \""source\"",\n      \""type\"": \""STRING\"",\n      \""description\"": \""This parameter represents the currency from which you want to convert. It is a mandatory parameter and should be a valid three-letter currency code, such as USD (United States Dollar) or EUR (Euro) or many others.\"",\n      \""default\"": \""USD\""\n    }\n  ],\n  \""optional_parameters\"": [\n    {\n      \""name\"": \""amount\"",\n      \""type\"": \""NUMBER\"",\n      \""description\"": \""This parameter represents the amount that you want to convert from the source currency to the target currency. It is an optional parameter, and if not provided, the default value will be set to 1\"",\n      \""default\"": \""1\""\n    }\n  ]\n}\nInput: converter\nOnly return JSON.""}]","{
  ""required_parameters"": {
    ""target"": ""EUR,INR,JPY"",
    ""source"": ""USD""
  },
  ""optional_parameters"": {
    ""amount"": 2000
  }
}",False,"2 validation errors for CurrencyConverter_v3_converter_Model
required_parameters
  Input should be a valid list [type=list_type, input_value={'target': 'EUR,INR,JPY', 'source': 'USD'}, input_type=dict]
    For further information visit https://errors.pydantic.dev/2.12/v/list_type
optional_parameters
  Input should be a valid list [type=list_type, input_value={'amount': 2000}, input_type=dict]
    For further information visit https://errors.pydantic.dev/2.12/v/list_type","{""extraneous_text_pct"": 0.0, ""cleaned_json_length"": 0, ""original_length"": 134}"
qwen-turbo,toolbench_user_only,"[{""role"": ""user"", ""content"": ""I'm a travel blogger and I want to display currency conversion rates on my website. Can you provide me with a list of supported currencies and the current exchange rate from USD to EUR, GBP, and AUD?\nYour output must be valid JSON:\n{\n  \""required_parameters\"": [\n    {\n      \""name\"": \""to\"",\n      \""type\"": \""STRING\"",\n      \""description\"": \""Currency to which you are converting.\"",\n      \""default\"": \""BRL\""\n    },\n    {\n      \""name\"": \""from\"",\n      \""type\"": \""STRING\"",\n      \""description\"": \""Currency from which you are converting.\"",\n      \""default\"": \""USD\""\n    }\n  ],\n  \""optional_parameters\"": [\n    {\n      \""name\"": \""amount\"",\n      \""type\"": \""NUMBER\"",\n      \""description\"": \""(Optional) Amount value in From Currency. Default value is 1.\"",\n      \""default\"": \""1\""\n    }\n  ]\n}\nInput: Convert\nOnly return JSON.""}]","{
  ""required_parameters"": [
    {
      ""name"": ""to"",
      ""type"": ""STRING"",
      ""description"": ""Currency to which you are converting."",
      ""default"": ""BRL""
    },
    {
      ""name"": ""from"",
      ""type"": ""STRING"",
      ""description"": ""Currency from which you are converting."",
      ""default"": ""USD""
    }
  ],
  ""optional_parameters"": [
    {
      ""name"": ""amount"",
      ""type"": ""NUMBER"",
      ""description"": ""(Optional) Amount value in From Currency. Default value is 1."",
      ""default"": ""1""
    }
  ]
}",True,"","{""extraneous_text_pct"": 0.0, ""cleaned_json_length"": 520, ""original_length"": 520}"
qwen-turbo,toolbench_user_only,"[{""role"": ""user"", ""content"": ""My sister is a recent graduate and she's looking for an entry-level job. Can you assist in finding job listings suitable for recent graduates? Please search for jobs using the keyword 'entry-level' and provide details such as the job title, company name, location, post date, and URL. It would be helpful to know the sentiment analysis and key phrases associated with each job listing. Additionally, please include the salary information and job source.\nYour output must be valid JSON:\n{\n  \""required_parameters\"": [\n    {\n      \""name\"": \""SearchQuery\"",\n      \""type\"": \""STRING\"",\n      \""description\"": \""\"",\n      \""default\"": \""java\""\n    }\n  ],\n  \""optional_parameters\"": [\n    {\n      \""name\"": \""PageSize\"",\n      \""type\"": \""NUMBER\"",\n      \""description\"": \""\"",\n      \""default\"": \""\""\n    },\n    {\n      \""name\"": \""PageNumber\"",\n      \""type\"": \""NUMBER\"",\n      \""description\"": \""\"",\n      \""default\"": \""\""\n    }\n  ]\n}\nInput: /api/v1/Jobs/Search\nOnly return JSON.""}]","{
  ""required_parameters"": [
    {
      ""name"": ""SearchQuery"",
      ""type"": ""STRING"",
      ""description"": """",
      ""default"": ""entry-level""
    }
  ],
  ""optional_parameters"": [
    {
      ""name"": ""PageSize"",
      ""type"": ""NUMBER"",
      ""description"": """",
      ""default"": """"
    },
    {
      ""name"": ""PageNumber"",
      ""type"": ""NUMBER"",
      ""description"": """",
      ""default"": """"
    }
  ]
}",True,"","{""extraneous_text_pct"": 0.0, ""cleaned_json_length"": 404, ""original_length"": 404}"
qwen-turbo,toolbench_user_only,"[{""role"": ""user"", ""content"": ""I'm in need of a screenshot tool. Can you provide me with a screenshot of 'https://www.example.com'? Please save the screenshot on a S3 bucket and ensure it captures the entire webpage. Additionally, remove any specified divs or elements from the screenshot.\nYour output must be valid JSON:\n{\n  \""required_parameters\"": [\n    {\n      \""name\"": \""targetUrl\"",\n      \""type\"": \""STRING\"",\n      \""description\"": \""Website url\"",\n      \""default\"": \""https://www.google.it\""\n    }\n  ],\n  \""optional_parameters\"": [\n    {\n      \""name\"": \""proxyState\"",\n      \""type\"": \""ENUM\"",\n      \""description\"": \""\"",\n      \""default\"": \""\""\n    },\n    {\n      \""name\"": \""proxyCountry\"",\n      \""type\"": \""ENUM\"",\n      \""description\"": \""\"",\n      \""default\"": \""\""\n    },\n    {\n      \""name\"": \""clickDelay\"",\n      \""type\"": \""NUMBER\"",\n      \""description\"": \""\"",\n      \""default\"": \""500\""\n    },\n    {\n      \""name\"": \""fullpage\"",\n      \""type\"": \""ENUM\"",\n      \""description\"": \""take screenshot of the entire website page, from header to footer\"",\n      \""default\"": \""\""\n    },\n    {\n      \""name\"": \""removables\"",\n      \""type\"": \""STRING\"",\n      \""description\"": \""remove divs/html by selector\"",\n      \""default\"": \""\""\n    },\n    {\n      \""name\"": \""clickCount\"",\n      \""type\"": \""NUMBER\"",\n      \""description\"": \""\"",\n      \""default\"": \""1\""\n    },\n    {\n      \""name\"": \""hasTouch\"",\n      \""type\"": \""ENUM\"",\n      \""description\"": \""Specify if the viewport supports touch events.\"",\n      \""default\"": \""\""\n    },\n    {\n      \""name\"": \""clickSelector\"",\n      \""type\"": \""STRING\"",\n      \""description\"": \""This method fetches an element with selector, scrolls it into view if needed, and then uses Page.mouse to click in the center of the element. If there's no element matching selector, the method throws an error.\"",\n      \""default\"": \""\""\n    },\n    {\n      \""name\"": \""isFullyLoaded\"",\n      \""type\"": \""ENUM\"",\n      \""description\"": \""consider navigation to be finished when there are no more than 0 network connections for at least 500 ms. \\nThan take screenshot\"",\n      \""default\"": \""\""\n    },\n    {\n      \""name\"": \""clickButton\"",\n      \""type\"": \""ENUM\"",\n      \""description\"": \""Mouse button to be used, left click or right click etc\"",\n      \""default\"": \""\""\n    },\n    {\n      \""name\"": \""pageHeight\"",\n      \""type\"": \""NUMBER\"",\n      \""description\"": \""Set browser page height\"",\n      \""default\"": \""1024\""\n    },\n    {\n      \""name\"": \""isMobile\"",\n      \""type\"": \""ENUM\"",\n      \""description\"": \""Whether the meta viewport tag is taken into account.\"",\n      \""default\"": \""\""\n    },\n    {\n      \""name\"": \""pageWidth\"",\n      \""type\"": \""NUMBER\"",\n      \""description\"": \""Set browser page width\"",\n      \""default\"": \""1024\""\n    },\n    {\n      \""name\"": \""isLandScape\"",\n      \""type\"": \""ENUM\"",\n      \""description\"": \""Specifies if the viewport is in landscape mode.\"",\n      \""default\"": \""\""\n    },\n    {\n      \""name\"": \""deviceScaleFactor\"",\n      \""type\"": \""NUMBER\"",\n      \""description\"": \""Specify device scale factor.\"",\n      \""default\"": \""1\""\n    }\n  ]\n}\nInput: Take screenshot\nOnly return JSON.""}]","{
  ""required_parameters"": [
    {
      ""name"": ""targetUrl"",
      ""type"": ""STRING"",
      ""description"": ""Website url"",
      ""default"": ""https://www.example.com""
    }
  ],
  ""optional_parameters"": [
    {
      ""name"": ""proxyState"",
      ""type"": ""ENUM"",
      ""description"": """",
      ""default"": """"
    },
    {
      ""name"": ""proxyCountry"",
      ""type"": ""ENUM"",
      ""description"": """",
      ""default"": """"
    },
    {
      ""name"": ""clickDelay"",
      ""type"": ""NUMBER"",
      ""description"": """",
      ""default"": ""500""
    },
    {
      ""name"": ""fullpage"",
      ""type"": ""ENUM"",
      ""description"": ""take screenshot of the entire website page, from header to footer"",
      ""default"": ""true""
    },
    {
      ""name"": ""removables"",
      ""type"": ""STRING"",
      ""description"": ""remove divs/html by selector"",
      ""default"": """"
    },
    {
      ""name"": ""clickCount"",
      ""type"": ""NUMBER"",
      ""description"": """",
      ""default"": ""1""
    },
    {
      ""name"": ""hasTouch"",
      ""type"": ""ENUM"",
      ""description"": ""Specify if the viewport supports touch events."",
      ""default"": """"
    },
    {
      ""name"": ""clickSelector"",
      ""type"": ""STRING"",
      ""description"": ""This method fetches an element with selector, scrolls it into view if needed, and then uses Page.mouse to click in the center of the element. If there's no element matching selector, the method throws an error."",
      ""default"": """"
    },
    {
      ""name"": ""isFullyLoaded"",
      ""type"": ""ENUM"",
      ""description"": ""consider navigation to be finished when there are no more than 0 network connections for at least 500 ms. \nThan take screenshot"",
      ""default"": ""true""
    },
    {
      ""name"": ""clickButton"",
      ""type"": ""ENUM"",
      ""description"": ""Mouse button to be used, left click or right click etc"",
      ""default"": ""left""
    },
    {
      ""name"": ""pageHeight"",
      ""type"": ""NUMBER"",
      ""description"": ""Set browser page height"",
      ""default"": ""1024""
    },
    {
      ""name"": ""isMobile"",
      ""type"": ""ENUM"",
      ""description"": ""Whether the meta viewport tag is taken into account."",
      ""default"": """"
    },
    {
      ""name"": ""pageWidth"",
      ""type"": ""NUMBER"",
      ""description"": ""Set browser page width"",
      ""default"": ""1024""
    },
    {
      ""name"": ""isLandScape"",
      ""type"": ""ENUM"",
      ""description"": ""Specifies if the viewport is in landscape mode."",
      ""default"": """"
    },
    {
      ""name"": ""deviceScaleFactor"",
      ""type"": ""NUMBER"",
      ""description"": ""Specify device scale factor."",
      ""default"": ""1""
    }
  ]
}",True,"","{""extraneous_text_pct"": 0.0, ""cleaned_json_length"": 2579, ""original_length"": 2579}"
qwen-turbo,toolbench_user_only,"[{""role"": ""user"", ""content"": ""I'm planning a vacation to New York City and I need some information about popular tourist attractions. Can you give me a list of webpages that provide details about the top 10 attractions in NYC? Please include the webpage URL and a brief description of each attraction.\nYour output must be valid JSON:\n{\n  \""required_parameters\"": [\n    {\n      \""name\"": \""q\"",\n      \""type\"": \""STRING\"",\n      \""description\"": \""The user's search query term. The term may not be empty. The term may contain Bing Advanced Operators. For example, to limit results to a specific domain, use the site: operator.\"",\n      \""default\"": \""\""\n    }\n  ],\n  \""optional_parameters\"": [\n    {\n      \""name\"": \""responseFilter\"",\n      \""type\"": \""ARRAY\"",\n      \""description\"": \""A comma-delimited list of answers to include in the response. If you do not specify this parameter, the response includes all search answers for which there's relevant data. Possible filter values are Computation, Images, News, RelatedSearches, SpellSuggestions, TimeZone, Videos, Webpages. Although you may use this filter to get a single answer, you should instead use the answer-specific endpoint in order to get richer results. For example, to receive only images, send the request to one of the Image Search API endpoints. The RelatedSearches and SpellSuggestions answers do not support a separate endpoint like the Image Search API does (only the Web Search API returns them). To include answers that would otherwise be excluded because of ranking, see the promote query parameter.\"",\n      \""default\"": \""\""\n    },\n    {\n      \""name\"": \""cc\"",\n      \""type\"": \""STRING\"",\n      \""description\"": \""A 2-character country code of the country where the results come from. This API supports only the United States market. If you specify this query parameter, it must be set to us. If you set this parameter, you must also specify the Accept-Language header. Bing uses the first supported language it finds from the languages list, and combine that language with the country code that you specify to determine the market to return results for. If the languages list does not include a supported language, Bing finds the closest language and market that supports the request, or it may use an aggregated or default market for the results instead of a specified one. You should use this query parameter and the Accept-Language query parameter only if you specify multiple languages; otherwise, you should use the mkt and setLang query parameters. This parameter and the mkt query parameter are mutually exclusive\\u2014do not specify both.\"",\n      \""default\"": \""\""\n    },\n    {\n      \""name\"": \""mkt\"",\n      \""type\"": \""STRING\"",\n      \""description\"": \""The market where the results come from. Typically, mkt is the country where the user is making the request from. However, it could be a different country if the user is not located in a country where Bing delivers results. The market must be in the form <language code>-<country code>. For example, en-US. The string is case insensitive. If known, you are encouraged to always specify the market. Specifying the market helps Bing route the request and return an appropriate and optimal response. If you specify a market that is not listed in Market Codes, Bing uses a best fit market code based on an internal mapping that is subject to change. This parameter and the cc query parameter are mutually exclusive\\u2014do not specify both.\"",\n      \""default\"": \""en-us\""\n    },\n    {\n      \""name\"": \""promote\"",\n      \""type\"": \""ARRAY\"",\n      \""description\"": \""A comma-delimited list of answers that you want the response to include regardless of their ranking. For example, if you set answerCount) to two (2) so Bing returns the top two ranked answers, but you also want the response to include news, you'd set promote to news. If the top ranked answers are webpages, images, videos, and relatedSearches, the response includes webpages and images because news is not a ranked answer. But if you set promote to video, Bing would promote the video answer into the response and return webpages, images, and videos. The answers that you want to promote do not count against the answerCount limit. For example, if the ranked answers are news, images, and videos, and you set answerCount to 1 and promote to news, the response contains news and images. Or, if the ranked answers are videos, images, and news, the response contains videos and news. Possible values are Computation, Images, News, RelatedSearches, SpellSuggestions, TimeZone, Videos, Webpages. Use only if you specify answerCount.\"",\n      \""default\"": \""\""\n    },\n    {\n      \""name\"": \""textDecorations\"",\n      \""type\"": \""BOOLEAN\"",\n      \""description\"": \""A Boolean value that determines whether display strings should contain decoration markers such as hit highlighting characters. If true, the strings may include markers. The default is false. To specify whether to use Unicode characters or HTML tags as the markers, see the textFormat query parameter.\"",\n      \""default\"": \""\""\n    },\n    {\n      \""name\"": \""setLang\"",\n      \""type\"": \""STRING\"",\n      \""description\"": \""The language to use for user interface strings. Specify the language using the ISO 639-1 2-letter language code. For example, the language code for English is EN. The default is EN (English). Although optional, you should always specify the language. Typically, you set setLang to the same language specified by mkt unless the user wants the user interface strings displayed in a different language. This parameter and the Accept-Language header are mutually exclusive; do not specify both. A user interface string is a string that's used as a label in a user interface. There are few user interface strings in the JSON response objects. Also, any links to Bing.com properties in the response objects apply the specified language.\"",\n      \""default\"": \""\""\n    },\n    {\n      \""name\"": \""count\"",\n      \""type\"": \""NUMBER\"",\n      \""description\"": \""The number of search results to return in the response. The default is 10 and the maximum value is 50. The actual number delivered may be less than requested.Use this parameter along with the offset parameter to page results.For example, if your user interface displays 10 search results per page, set count to 10 and offset to 0 to get the first page of results. For each subsequent page, increment offset by 10 (for example, 0, 10, 20). It is possible for multiple pages to include some overlap in results.\"",\n      \""default\"": \""\""\n    },\n    {\n      \""name\"": \""safeSearch\"",\n      \""type\"": \""STRING\"",\n      \""description\"": \""A filter used to filter adult content. Off: Return webpages with adult text, images, or videos. Moderate: Return webpages with adult text, but not adult images or videos. Strict: Do not return webpages with adult text, images, or videos. The default is Moderate. If the request comes from a market that Bing's adult policy requires that safeSearch is set to Strict, Bing ignores the safeSearch value and uses Strict. If you use the site: query operator, there is the chance that the response may contain adult content regardless of what the safeSearch query parameter is set to. Use site: only if you are aware of the content on the site and your scenario supports the possibility of adult content.\"",\n      \""default\"": \""Off\""\n    },\n    {\n      \""name\"": \""textFormat\"",\n      \""type\"": \""STRING\"",\n      \""description\"": \""The type of markers to use for text decorations (see the textDecorations query parameter). Possible values are Raw\\u2014Use Unicode characters to mark content that needs special formatting. The Unicode characters are in the range E000 through E019. For example, Bing uses E000 and E001 to mark the beginning and end of query terms for hit highlighting. HTML\\u2014Use HTML tags to mark content that needs special formatting. For example, use <b> tags to highlight query terms in display strings. The default is Raw. For display strings that contain escapable HTML characters such as <, >, and &, if textFormat is set to HTML, Bing escapes the characters as appropriate (for example, < is escaped to &lt;).\"",\n      \""default\"": \""Raw\""\n    },\n    {\n      \""name\"": \""offset\"",\n      \""type\"": \""NUMBER\"",\n      \""description\"": \""The zero-based offset that indicates the number of search results to skip before returning results. The default is 0. The offset should be less than (totalEstimatedMatches - count). Use this parameter along with the count parameter to page results. For example, if your user interface displays 10 search results per page, set count to 10 and offset to 0 to get the first page of results. For each subsequent page, increment offset by 10 (for example, 0, 10, 20). it is possible for multiple pages to include some overlap in results.\"",\n      \""default\"": \""\""\n    },\n    {\n      \""name\"": \""answerCount\"",\n      \""type\"": \""NUMBER\"",\n      \""description\"": \""The number of answers that you want the response to include. The answers that Bing returns are based on ranking. For example, if Bing returns webpages, images, videos, and relatedSearches for a request and you set this parameter to two (2), the response includes webpages and images.If you included the responseFilter query parameter in the same request and set it to webpages and news, the response would include only webpages.\"",\n      \""default\"": \""\""\n    },\n    {\n      \""name\"": \""freshness\"",\n      \""type\"": \""STRING\"",\n      \""description\"": \""Filter search results by the following age values: Day\\u2014Return webpages that Bing discovered within the last 24 hours. Week\\u2014Return webpages that Bing discovered within the last 7 days. Month\\u2014Return webpages that discovered within the last 30 days. This filter applies only to webpage results and not to the other results such as news and images.\"",\n      \""default\"": \""Day\""\n    }\n  ]\n}\nInput: Web Search\nOnly return JSON.""}]","{
  ""required_parameters"": {
    ""q"": ""top 10 attractions in New York City""
  },
  ""optional_parameters"": {
    ""responseFilter"": ""Webpages"",
    ""mkt"": ""en-us"",
    ""count"": 10
  }
}",False,"2 validation errors for BingWebSearch_v2_WebSearch_Model
required_parameters
  Input should be a valid list [type=list_type, input_value={'q': 'top 10 attractions in New York City'}, input_type=dict]
    For further information visit https://errors.pydantic.dev/2.12/v/list_type
optional_parameters
  Input should be a valid list [type=list_type, input_value={'responseFilter': 'Webpa...': 'en-us', 'count': 10}, input_type=dict]
    For further information visit https://errors.pydantic.dev/2.12/v/list_type","{""extraneous_text_pct"": 0.0, ""cleaned_json_length"": 0, ""original_length"": 183}"
qwen-turbo,toolbench_user_only,"[{""role"": ""user"", ""content"": ""Could you assist me in finding a restaurant for a business lunch? I need a moderate-priced restaurant in the elarea that serves Spanish food. It would be great if you could provide some recommendations.\nYour output must be valid JSON:\n{\n  \""required_parameters\"": [\n    {\n      \""name\"": \""pricerange\"",\n      \""type\"": \""STRING\"",\n      \""description\"": \""pricerange desired by the user\"",\n      \""default\"": \""moderate\""\n    },\n    {\n      \""name\"": \""area\"",\n      \""type\"": \""STRING\"",\n      \""description\"": \""area where the restaurant is located\"",\n      \""default\"": \""elarea\""\n    }\n  ],\n  \""optional_parameters\"": [\n    {\n      \""name\"": \""food\"",\n      \""type\"": \""STRING\"",\n      \""description\"": \""type of food\"",\n      \""default\"": \""spanish\""\n    },\n    {\n      \""name\"": \""restaurantName\"",\n      \""type\"": \""STRING\"",\n      \""description\"": \""a restaurant\"",\n      \""default\"": \""McDonalds\""\n    }\n  ]\n}\nInput: bookRestaurant\nOnly return JSON.""}]","{
  ""required_parameters"": [
    {
      ""name"": ""pricerange"",
      ""type"": ""STRING"",
      ""description"": ""pricerange desired by the user"",
      ""default"": ""moderate""
    },
    {
      ""name"": ""area"",
      ""type"": ""STRING"",
      ""description"": ""area where the restaurant is located"",
      ""default"": ""elarea""
    }
  ],
  ""optional_parameters"": [
    {
      ""name"": ""food"",
      ""type"": ""STRING"",
      ""description"": ""type of food"",
      ""default"": ""spanish""
    },
    {
      ""name"": ""restaurantName"",
      ""type"": ""STRING"",
      ""description"": ""a restaurant"",
      ""default"": ""McDonalds""
    }
  ]
}",True,"","{""extraneous_text_pct"": 0.0, ""cleaned_json_length"": 616, ""original_length"": 616}"
